2DMqiPZ8uLE2AtwHLInHOI,Silverskin,Sunrise To Sunset,latin,Sam Feldt,151219
510UgVCpnUaQ5ACHW2J8gu,Recognise,Recognise,latin,Lost Frequencies,186062
7oxHEN7q9V67XUReaq0txr,Handful Of Gold - Hounded Remix,Handful Of Gold (Remixes II),latin,CAZZETTE,250000
3876zu2BcDL39vLkkJGKLZ,Messiah,Messiah (The Mixes),latin,Klingande,184200
4w3InOZmItJiSlhnkr3lv6,Never Alone,Never Alone,latin,Felix Jaehn,176594
12f3UbBnYHrZ7vbRXfyDA9,Better Off Alone,Better Off Alone,latin,Y.V.E. 48,173500
52DNTZvyZREUZC6dEjq3J6,All or Nothing - Sultan + Shepard Remix,All Or Nothing (Remixes Part 2),latin,Lost Frequencies,215357
4kIYLdQ0eoiZaVrGVWLvqn,Are You Mine,Are You Mine,latin,Alex Schulz,209477
71UYuIZf0TeXAjyy72COVr,Tear Me Down (feat. Philip Rustad),Tear Me Down (feat. Philip Rustad),latin,Davai,184500
0toJeVTW2hHX9qYVmdOpBs,Electric Feel (Kygo Remix),Electric Feel,latin,Henry Green,390649
2vajU8g5DJCuthr5pb7RVT,Déjà Vu,Sunrise To Sunset,latin,Sam Feldt,176910
4w5Grfxx5Rpup6mo5v6bW0,Beat Of My Heart,Alive And Feeling Fine,latin,Lost Frequencies,183183
0hsMhZA3gguNuHOcDsGmOf,We Start Fires,We Start Fires,latin,Little Giants,228000
5MFr2IB9u3t7nYdRL53viF,What I'd Give,What I'd Give,latin,LVNDSCAPE,191321
200UDgTJl6xvSejJzMP6Ne,Whatever You Like - Radio Edit,Whatever You Like,latin,Dasco,165829
70PH29yzcK8ZQVseOZlAJG,Save Tonight,Sunrise To Sunset,latin,Sam Feldt,165645
4ob71GMH7PAokRzPhejagR,Awa Ni,Awa Ni,latin,The Knocks,219777
7MUazB4rGIqFFIkjT95rCO,Baianá,Baianá,latin,Bakermat,180843
1gAbEXZi4ZrmA5KPQARXrD,Ha Leh Lou Ya,Uncovered,latin,Robin Schulz,217853
25xMfbsrHq7gZFtiGenVm9,Illuminate,Illuminate,latin,AINT,140164
7iymoplUkeIAat6dSn6wrR,I'll Be Back,Sunrise To Sunset,latin,Sam Feldt,157810
0HkwDCJIbWijtfKg63gQBJ,Skyline,Skyline,latin,Möwe,163948
3q1dhgO6MmeA7LUoz86BPh,44th and 8th,44th and 8th,latin,Sean Bradford,224200
58U52B6rDjT30RIquT51dE,Love That We Need,Love That We Need,latin,Silience,177170
6lFbdi743kgerMZDjSqbuA,Pumped Up,Pumped Up,latin,Klingande,177073
61blBldjlrjCOiMnRfNSFk,Blackbird,Sunrise To Sunset,latin,Sam Feldt,179853
7JuGl6cntiqvXVgXJFSggk,Midnight Sky,Midnight Sky,latin,Sol Calor,214097
3t0J8vI9StQD8KIBkT2Cp5,Tired - Kygo Remix,Tired (Kygo Remix),latin,Alan Walker,240000
4QonXqjNiT2KXPkTkZy3tD,Breathin' (feat. Cara Hughes),Breathin' (feat. Cara Hughes),latin,Bortharm,160000
5TL60rdO2ruxtVb3dCTtUJ,Moment,Moment,latin,Sander W.,190133
3a4UuAErF1VMAkwqzkc1tj,Wishing Well,Sunrise To Sunset,latin,Sam Feldt,186610
1bA2ZK7CFxEMnyn1dWP2jp,Baby,Baby,latin,Bakermat,160053
59bem62WIxhdH76jIWEm6S,Boy Oh Boy,Back In The Summer,latin,Möwe,177253
310yA0OSNvWriki14qBLeY,Himalaya,V EP,latin,LVNDSCAPE,263755
4ctpogwllZ06lgqpFORcZR,Rivers - Sam Feldt & De Hofnar Remix,Rivers (Remixes),latin,Thomas Jack,251548
4bAmAVdks2Y84VNVVLXFwN,Show Me Love - EDX Remix / Radio Edit,Show Me Love (Remixes 2),latin,Sam Feldt,180336
6gyAv8ubr2vaTRdn5bftyb,Rebel Yell,Rebel Yell,latin,Klingande,210221
69uCmYNvkqnvIpyTKJXZ5P,Better,Better,latin,Hot Shade,183171
0e4xfVTScciruWRTHG3Myh,Moments,Netzwerk (Deluxe),latin,Klangkarussell,302163
0EA7tn6U2YpoUIOjN3AP02,Start A Riot - Thundatraxx Remix,Start A Riot (Remixes),latin,BANNERS,188773
67jtXlxQs82ATZhfdywYJa,Chasing After You,Sunrise To Sunset,latin,Sam Feldt,164885
5fnDDcjcXKUvJ6iSnpiU0v,Never Gonna Give You Up,Never Gonna Give You Up,latin,Mac Beez,212910
6UqRGwjwYL0stXbaodTxwo,Seve - Radio Edit,Seve (Radio Edit),latin,Tez Cadey,210853
6wHdTGv5xb3HU7As15DLda,Above the Clouds,Uncovered,latin,Robin Schulz,210920
58aeU18mt15CnihIz4MsS3,Wild Church,Layers,latin,Kungs,234200
1aajQbw23khpQMme1AeKI6,Be My Lover,Sunrise To Sunset,latin,Sam Feldt,180251
1L0ZuhK7CHY33fUTQuWG1U,Don't Let Go,Don't Let Go,latin,Viva La Panda,157500
2ZIMKOI0DT7wM3qTND0IWm,Too Good,Too Good,latin,A&G,197784
3nbtUMjRUH5VDwhvvcPRF8,Tonight and Every Night,Uncovered,latin,Robin Schulz,235360
3Zg6kO3S4FQ0jMfTIgHzyl,Oxas,Oxas,latin,GAMPER & DADONI,301175
4PwXNVqkIM8KBuEgYFqDiE,High And Low,Sunrise To Sunset,latin,Sam Feldt,159727
5I1K6LJMvIdV5kpHS8tMkr,Grow Up,Grow Up,latin,Bolier,169837
6RxxunHQUOtYojwJGDLB51,Panamalu,Panamalu,latin,Fabio Carry,217392
1Rev0uexcpMr1ERkucbXnT,Heatwave (feat. Akon) - HUGEL Remix,Heatwave (feat. Akon) [The Remixes],latin,Robin Schulz,232195
6UW9S0skvWZ9PUvLti7aZP,Somebody Else,Somebody Else,latin,Zonoma,200590
1YEgACMNGb2EGptiOodOyZ,Leave Me Alone,Sunrise To Sunset,latin,Sam Feldt,162081
7qBNJBQJJjQjYFZlP3IPhK,Dizzy,Promesses,latin,Dimmi,260160
23OzWEhGGgu7RSqzKhsGhE,Seduction,Seduction,latin,Boris Way,185039
6RBsFW2PBiJtCYZmNpia5G,Regulate - Le Boeuf Remix,Remix The Classics (Vol. 4),latin,Warren G,218571
33uV0G85zoAlzHYTJyaGRl,We Turn The World Around,We Turn The World Around,latin,Tanja La Croix,198688
5SNTUBSq1Qzi0URdB443h1,Freak - Sam Feldt Remix Edit,Freak,latin,R3HAB,196389
7l15QDWp4v3TYh5u3pQjxa,Miami 82 - Kygo Remix,Miami 82 (Remixes),latin,Syn Cole,341947
6p8uFTidsF68EHK5p753gU,Maaya,Maaya,latin,Achtabahn,193222
1fappIhSOUyng8mHEfYzkP,Don't Say A Word,Sunrise To Sunset,latin,Sam Feldt,168157
7uM7YZwNZqdDMG0NfGhmux,"Jennie (feat. R. City Bori)",I,latin,Felix Jaehn,184231
5JdhojQ6h2Cy2t6uH5jPAa,Tripping Off,Layers,latin,Kungs,176347
7ctdCk91bL7jjDx3hmbB5z,Dancer (Kygo Remix),Dancer (Kygo Remix),latin,Didrik Thulin,394045
6n0OQD5aGspHuwFPJ2ePGC,Sun Don't Shine,Netzwerk (Deluxe),latin,Klangkarussell,237695
2MmmLzAFA2XmKB4hP843gh,Oh Baby,The Bearded Man - Beards On The Beach (Ibiza 2016),latin,Seizo,159896
5wNJY5ICnoVqzrfZMfHx7l,Fires (feat. Scarlett Quinn),Fires (feat. Scarlett Quinn),latin,Tim Arisu,203903
0ZNkenDGP8wVlnEwfiBJYO,Fireproof - Embody Remix,Fireproof (Embody Remix),latin,Coleman Hell,184133
0DHUariIorcAgunTr0GTy2,Own the Night,Own the Night,latin,Tropixx,210429
57wbOuofBE6Cb3mMPuQ24i,The Sweetest Sin,The Sweetest Sin,latin,RÆVE,336774
79T9m6YkRCgP0955CE4UCd,No Diggity,No Diggity,latin,Campsite Dream,188849
6HdURgU5JoS6IbMrTCC3QM,Stuck On You,Stuck On You,latin,On June,212231
0k93MXOj0kSXo84SvSDeUz,Ocean Drive,Ocean Drive,latin,Duke Dumont,206320
1aJ1xeEQ1ivKGnTeuYolJk,If You're Hearing This,If You're Hearing This,latin,Hook N Sling,173925
65AuuSC0parBq0hAFyA22v,Call Me Over,Call Me Over,latin,Dusky Grey,211724
3d7xGRzPWvMUJtJanQiD7x,World Can Wait,Sunrise To Sunset,latin,Sam Feldt,175621
5ahvjrjn7ymaeaWKFZrsca,The Sun - Klingande Remix Radio Edit,The Sun (Klingande Remix),latin,Parov Stelar,210376
3CIzp3oPhSkSMZjANQPtVV,Looking For Love,Looking For Love,latin,Nick Martin,214270
4MmESCOyomLv2BmcHkVAQY,Forever And A Day - LVNDSCAPE Remix,Forever And A Day,latin,Bolier,235036
2NsWGd3UslepVF25pKw1sp,Home (feat. Nico Santos) - Marcapasos Radio Remix,Home (feat. Nico Santos) [The Remixes],latin,Topic,214032
5hRVBXMn6TFyOncZTYl7ej,On My Side,On My Side (feat. Savoi),latin,Hounded,184152
340sV0G2e1h5jWsMyDRmc9,Safe and Sound - Radio Edit,Safe and Sound (Radio Edit),latin,NLSN,181000
5ZXmCqIzh9cRaMMfdtHuyZ,Old Man,Old Man,latin,Andrelli,220500
3bu38wOOaBOOf4OYi23R6a,Running Out - Samuraii Remix,Running Out Remix EP,latin,Matoma,174839
69lKbD1RGW41qnsksqtMuq,Fall At Your Feet,Fall At Your Feet,latin,Lucy Neville,202640
7Ct0Q46k5PkXzYiNE5D2dn,Summer on You,Summer on You,latin,Sam Feldt,160009
7MCgEv2ovQuxfijz2WZ4kH,Feels Like Home - Radio Edit,Feels Like Home,latin,The Him,184918
1kFu2TuUmsARXGYc2eYXiC,Montrose Ave,Montrose Ave,latin,Y.V.E. 48,173320
66MrwENuBlVccH7t848vjD,Journey - Radio Mix,Journey,latin,BUNT.,236129
5lIat5pyge2yKkV20FlgQ7,Little Do You Know,Little Do You Know,latin,Campsite Dream,168681
0elb6lDN4B5Ao3TWoXYUzs,Almost Mine - Radio Edit,Almost Mine (Radio Edit),latin,Wankelmut,200467
1oLxfF4dmgoKunk9LCQBCX,Fade Away,Sunrise To Sunset,latin,Sam Feldt,170857
1UtjCEfOU9JaAMuGIhBPBx,Set The World (On Fire),Set The World (On Fire),latin,Flatdisk,179069
7vHshinTU8161w69EPbabY,Younger - Kygo Remix,Pretend,latin,Seinabo Sey,351579
1AgZA1lTtCXeIbhXrIup4W,From Me To You - Edit,From Me To You,latin,Yolanda Be Cool,213086
7yebvgOaP8l5WkYh59dPxh,When It's Over,When It's Over,latin,Sebastien,186055
4mPOYg53faLL6brBcoZ5T8,Been A While,Been A While EP,latin,Sam Feldt,163527
0dqfl4l45vqw2TnNrnbsy0,Parecen Viernes,OPUS,latin,Marc Anthony,268440
2kBgJXGbVA6WcA40IFA9KF,Tu Cariñito,2 Grandes de la Salsa Vol. 4,latin,Puerto Rican Power,251253
2dy3TKVDEbIeWxeIb8JWqZ,La Mejor Versión de Mi - Remix,La Mejor Versión de Mi (Remix),latin,Natti Natasha,229333
1E7RHPXA9sZ30qfms18J7J,Amor A Primera Vista,Amor A Primera Vista,latin,Los Angeles Azules,221347
7nDIflSHQXzaa8zupxwv3U,Yo No Sé Mañana,Ciclos,latin,Luis Enrique,259853
0amRhMUb9wYrDOmSD938AQ,Tu Vida en la Mía,Tu Vida en la Mía,latin,Marc Anthony,373200
5YfqVqJwjxiyhxvofbCnHp,Conteo Regresivo - Salsa Version,Contraste En Salsa,latin,Gilberto Santa Rosa,266787
3fRIuTih8bzc0vtY9fHhvF,Talento De Televisión,Mis Favoritas,latin,Willie Colón,279320
0HlMshB5JmZjPNbOuOgFHN,Nunca Es Suficiente,Esto Sí Es Cumbia,latin,Los Angeles Azules,266016
04elniHFWwwFHxi3SZlGI6,Kitipun,Kitipun,latin,Juan Luis Guerra 4.40,216947
3yEtuhGR8jOtusa29jWrhG,Tu Amor Me Hace Bien - Salsa Version,Valio La Pena,latin,Marc Anthony,300160
6bum69IXoiGcZCb83ZtfGA,Me Tengo Que Ir,"Salsa Classics",latin,Adolescent's Orquesta,283129
4Ih0JljQ3X3PbHfmuk05PR,Que Locura Enamorarme De Ti,Pura Salsa,latin,Eddie Santiago,309573
2swZ0X1njeU32SNJeBKIfW,Inmortal,Utopia,latin,Aventura,256440
7gL0eIncXB5ELO8BFMR3Uv,Vivir Bailando,Vivir Bailando,latin,Silvestre Dangond,214413
0W8NvcMsIuygeFnfNz2KnC,Lo Que Te Di,OPUS,latin,Marc Anthony,241760
5giBWdb2pJwFl3avFUKGXj,Fabricando Fantasías - Salsa Version,Oro Salsero,latin,Tito Nieves,274653
4b55fVKJprjWWj4KhKgxMf,Qué Hay de Malo,Oro Salsero,latin,Jerry Rivera,298347
5aLELbBB0Pa7TlGJJyBJo9,Oye Mujer,Oye Mujer,latin,Raymix,252947
27n9VDbbjFnEJsgjYTnwTM,El Gran Varon,Willie Colon - Greatest Hits,latin,Willie Colón,414707
4Xqpt53kWML7eTObGxQ43i,Adicto (feat. Marc Anthony),Adicto (feat. Marc Anthony),latin,Prince Royce,209192
4bUrpXdPZIJMPUksA8ggDB,Hasta Viejitos (feat. Carlos Vives),Hasta Viejitos (feat. Carlos Vives),latin,Alejandro Gonzalez,199996
35hemoZQuo9lEbFSS05I9h,Si Tú No Estás,En Letra de Otro,latin,Gente De Zona,220440
65qnIZCLVTYdnNxWMJQ3kj,"La Plata (Los Ángeles Azules Remix) (Feat. Los Ángeles Azules Lalo Ebratt)",La Plata (Los Ángeles Azules Remix),latin,Juanes,219107
3zVf7Ssg55ioIak3B1aWSY,Cosas Bonitas,Cosas Bonitas,latin,Grupo Niche,260632
2MnKininlD8bY9ggRNSJ37,Qué Precio Tiene el Cielo - Salsa Version,Sigo Siendo Yo,latin,Marc Anthony,302947
0wDEs6WvqDHq4XJZC0dHhO,Hoja En Blanco,Hoja En Blanco,latin,Monchy & Alexandra,307200
2gT8OWcAgPg0yawg1qw4Nv,Loma de Cayenas,Candela,latin,Vicente Garcia,227907
3zVibdZHsVH05p5Crux6xX,La Demanda,Utopia,latin,Romeo Santos,234480
18hnXK4HWm3BxT8QijiJVO,Morir Solo,Morir Solo,latin,Prince Royce,242343
00Ro1lnV3V6i87aY4t8Q43,La rebelion,Sabor a Salsa,latin,Joe Arroyo,376013
7MkFd0UDHlILDrhBjGZH5K,Cántalo,Cántalo,latin,Ricky Martin,218996
6rB5eNXwpxDbVJJpWzaOlf,Corazón Enamorado,Corazón Enamorado,latin,Juan Luis Guerra 4.40,189520
4XEXrp37kZXpQTB2r5vWbS,Canalla,Utopia,latin,Romeo Santos,225387
17Sfr3T1chYPGcmM4VlhCh,"Oiga Mire Vea",Sentimental de Punta a Punta,latin,Guayacán Orquesta,325642
62vIBUC9hTfE4nlT3x90uH,No Te Contaron Mal,No Te Contaron Mal,latin,You Salsa,278824
35iMl0FlgdxgOycezlyrPz,Vallenato Apretao,Vallenato Apretao,latin,Silvestre Dangond,158120
5XyItd5rFfdtoJsWHxON5x,Mil Horas,"Greatest Cumbia Classics Of Colombia",latin,La Sonora Dinamita,225333
2LyHAsMcpW0Dm17rWYa79p,Mis Sentimientos,Cómo Te Voy A Olvidar ¡Edición De Súper Lujo!,latin,Los Angeles Azules,216987
217bRMES4HVbPdUe8l8ECN,El Malo,The Last,latin,Aventura,238720
1soECbw2IFdWt5W8Rb4uG7,Payasos,Utopia,latin,Romeo Santos,203427
5ZA9ItQp7DyG6pPkSsq3Bn,Eres Mi Sueño,Acarey Ya Llegó,latin,Septeto Acarey,300773
3f0O8XWSxYA2zxLCpq95Wl,Te Quiero a Morir,Te Quiero a Morir,latin,Ralphy Dreamz,204565
1ePEbbeWx3scydfir7HBcq,Dos Locos,Exitos Y Mas,latin,Monchy & Alexandra,246747
23Fw0qh3Onqn2276LiL2pT,Lloraras,15 Exitos De- Oscar D Leon,latin,Oscar D'León,221008
5A9AILetvfQg3LHyX5X0pV,Yo También,"Fórmula (Deluxe Edition)",latin,Romeo Santos,306453
3QXFOKlokWXMh2x9Q29764,Frágil,Enamórate Bailando,latin,Reynier Perez,276581
1PZ3QsCFec05Ls3PwOqKXZ,Tiene Espinas El Rosal,"Grupo Cañaveral",latin,Grupo Cañaveral De Humberto Pabón,237960
4SbE4uWiMlhJRyqoOwm0QV,El Mentiroso,El Mentiroso,latin,Gente De Zona,183613
20rgOJWz8xHUn75OtCYsde,Añoranza,Tiempo Al Tiempo,latin,Luis Enrique,291533
1WbXIpiGBJkCiv3hn40iPB,Sobredosis (feat. Ozuna),Golden,latin,Romeo Santos,198332
5pCmR2xzpvlNXKvYTmiJ6S,Cariñito,Cariñito,latin,Lila Downs,219733
3fk5fBFB27GbWGATdBpOgr,Carmesí,A la Mar,latin,Vicente Garcia,181467
51Qo4o1rz2FJ5h0ie2Okjt,Sin Tu Amor,Sin Tu Amor,latin,Mr. Don,215500
77zrNNK2FcNwjtGXOsH4R2,Soltero,Soltero,latin,Grupo Niche,260432
0sHZajNhJcmvkIQS4bCEIk,Con los Ojos Cerrados,Milly & Company,latin,Milly Quezada,220893
311GQYEovWbjZAyTUmakDT,Tú Con Él,Tú Me Vuelves Loco (Baile Total),latin,Frankie Ruiz,303880
5WZPTq3NoLhIys3RyPF5Ye,La Película II,Salsa Premier,latin,Yan Collazo,257484
1A474NyT5UKjqElE2JN6Km,Vamos a Escapar - Salsa Version,Vamos a Escapar,latin,Alvaro Rod,274650
2ozv99MuHIaE4DZIzAr59q,Adiós Amor,Adiós Amor,latin,Daniela Darcourt,268214
6I1JuzUGxTAD0kDY65fg1s,Tan Buena,OTRA COSA,latin,Gente De Zona,225107
1mjnPkzmQBrm5x4p1dpxnP,Besos de Amor,Besos de Amor,latin,Guayacán Orquesta,272722
7zoa1nv5hDuoj7fWh7X4IV,Lo Que Yo Quiero,Lo Que Yo Quiero,latin,Maía,244053
0rZlPXF9Kx92ySiY237rsN,Como Se Perdona,Como Se Perdona,latin,You Salsa,304569
4sLW4tfhCMYPfiN7u8r9DT,Mala,Deluxe,latin,Mr. Don,203598
3vCeDhrInX8te6SoaqZbvu,La Dueña del Swing,Latino! Greatest Hits - 56 Latin Top Hits (Original Versions!),latin,Los Hermanos Rosario,259013
5TTKwmlIUZq4PNnpZeF6bf,Como la Manigua,Manigua,latin,Yuri Buenaventura,289033
02zyl88XvRAQdwbzLQui8y,Enamórate Bailando,Enamórate Bailando,latin,Septeto Acarey,267333
2anaAv8v48ZGZTyESqIoma,Donde Estabas Anoche,Donde Estabas Anoche,latin,Aymee Nuviola,238712
4oUsaxFNEZUidANbrhbWaM,Ahí Ahí,Candela,latin,Vicente Garcia,210920
64zjvItFmkY8Q96tcmGQ6n,Tu Eres Ajena,Amor En Silencio,latin,Frank Reyes,239667
7pnPzV2XKnsCtjSLHeWQto,Culpable - Remix / Versión Salsa,Culpable (Remix / Versión Salsa),latin,Tutto Duran,197167
5PycBIeabfvX3n9ILG7Vrv,Propuesta Indecente,"Fórmula (Deluxe Edition)",latin,Romeo Santos,235133
30UA08ePK3varU1cNX2Owt,Amantes - Versión Salsa,Amantes (Versión Salsa),latin,Greeicy,244088
3WXfQDsASfXrSojk9WB3aR,En Barranquilla Me Quedo,32 Cañonazos,latin,Joe Arroyo,312480
5o0WVQVV5bxs13WnWa3mVo,Noches de Fantasía - Salsa Mix,Noches de Fantasía (Remixes),latin,Roberto Antonio,241113
13PqqV8pIb6XpdZ85CACxF,Ella Me Besó,Ella Me Besó,latin,Elvis Crespo,184372
6B9r2hH46YbSEvnivmeF5C,Amor De Una Noche (feat. Julio Voltio) - Remix Version,I Love Salsa (re-release),latin,N'Klabe,267347
4P0EVqfv3bAlghLra4ueOv,Cada Dia Que Pasa,Sentimental de Punta a Punta,latin,Guayacán Orquesta,297509
0n7NOq4PbMute1OWyAJ2hV,Soñé Contigo,Soñé Contigo,latin,Anddy Caicedo,174976
3bleyyGEiQNGsvbbFK8u9f,El Afortunado,El Afortunado,latin,Septeto Acarey,265821
0z1jqSzPEiblIxozrI9Tto,Cachondea,Power Salsa,latin,Fruko Y Sus Tesos,297387
2e3fohSwZ9nU6Q2tks0fFz,Mentirosa,Imparables,latin,Rafaga,195467
1Ql6nNEgjJbVo52HeDUV2Q,Un Beso de Su Boca,Un Beso de Su Boca,latin,Maía,257010
6VZ9ABcY9QeQSxOjZwLrVv,Mas de Mi,Mas De Mi,latin,Tony Succar,307320
2gYCWZ8uaR3X0QCiRaAujn,Quítame Ese Hombre,Quítame Ese Hombre,latin,Gaby Zambrano,239264
5AQ5u6zEpcHqwnTuYFesR9,Tu Falta de Querer,Nuestra Historia,latin,Son Tentacion,301288
3syBpDXkA7BCbOhbWLwEFx,Ay De Mi,Tiempo Al Tiempo,latin,Luis Enrique,282333
41QntlFUOHpf51ctSJHMNZ,Perdóname,Perdóname,latin,You Salsa,222408
2comgM8wcrT3UbA2DFk5UX,El Que Siempre Soñó,El Que Siempre Soñó,latin,Issac Delgado,323682
11WuRl9efXTiWYtvB2y8X3,Me Enamoro Mas de Ti,Mas De Mi,latin,Tony Succar,270200
5VUR4MhJWAbp2ZHtSDvwJ7,Se Me Perdio La Cadenita,Paradas Continuas,latin,La Sonora Dinamita,157107
3cd2IMv32gIoFO1aexTCh0,Alucinado,Alucinado,latin,Jose Carlos Garcia,270200
0iZzWrpdwwFrynCW0bmyVe,Candela,Candela,latin,Vicente Garcia,206719
26T9IOS6Bi9iOUjKkcZsZo,Tiburon,El Poder de la Música,latin,Proyecto Uno,302333
6hwmqR7uQhytLnJzt1RVPF,Años Luz,Utopia,latin,Romeo Santos,220320
3dgMqErrCJWOmSsSBETEiD,Abusadora,Todos Exitos,latin,Oro Solido,279907
2yvjjJrWzVzA2zg4VsoEmo,La Carretera,FIVE (Deluxe Edition),latin,Prince Royce,238707
03r8a51GORTXZSBCaiGILV,El Tren del Sabor,Mas De Mi,latin,Tony Succar,279573
6poj56vC9JUu1yHTsv92WA,Lo Que Tú y Yo Vivimos (feat. Gente de Zona) - Ao Vivo,O Embaixador in Cariri  (Ao Vivo),latin,Gusttavo Lima,237508
3esLMWVvotR95tEwAKkU6j,Me Sale Bien,Me Sale Bien,latin,Pachará,197463
3uz2tyLRgSzSlhOIXCz0DB,Un Bossa +,Un Bossa +,latin,Zoe Gotusso,86000
0VQr4Bv3aRRK2ybbN2n5xG,Ricocó,Ricocó,latin,Ø Suave,228000
4KGzk03tmRmFmujHBtvtzH,Solo Le Dije,Algo Ritmos,latin,Kevin Johansen,236362
23AlECRNyoiDwmx9o9E0tD,Siempre Tan Ron,Siempre Tan Ron,latin,Vicente Cifuentes,174206
6EF2wGmHfnKSVjR3t6Ufwd,Dividido,Dividido,latin,Alex Cuba,214778
7wzsI1Gca3y33WE2FhN45m,¿A Dónde Vas?,Miocarditis,latin,La Isla Centeno,220827
2gGGapSjwJUMTFZ3TUBZ1p,Arráncame - Live,Arráncame (Live),latin,Marissa Mur,209987
2CZp6sRzNcCPkvnrzy89bF,Claridad,Claridad,latin,El Otro Polo,173292
6aommJFM8i3iT4inKuDSXh,Chachachá,Háblate de Mí,latin,Jósean Log,215986
6AEHWKKEglbd8oBJeenGD5,Tropical (feat. Ondina),Tropical,latin,Pachará,195187
4Ko9JaLUvf54PmluMaDCqm,Ola Adiós,Ola Adiós,latin,Vacación,183973
2ULleM0ihp3dVsEAzOr7vH,Viaje Tropical - Live,Viaje Tropical (Live),latin,Marissa Mur,215060
4RG27Wgxju2byhrb51krk6,Cambiarás,Cambiarás,latin,Altoparlante,243934
3h3L1IArPewYKXLgb6YLX1,Helado de Mango,Helado de Mango,latin,Naïa Valdez,208434
1XVG9J4jQRg3Ox7WHM6ztO,Ya No Te Quiero,Ya No Te Quiero,latin,Luz Pinos,224293
1uWgQtByTaFLR5ld2SW3XY,Somos Dos,Somos Dos,latin,Pau Sotomayor,217021
43CGfpQS2COhomAP9V6Dhf,Wannajuato,Wannajuato,latin,Fideo y los del mondo,180000
748Vnqa1Rpwteiarxartiz,Sonreír,Sonreír,latin,KURT,211480
3rMqitYF1U4IHqEQjWhmJP,Fishaman (feat. Elkin Robinson),Fishaman (feat. Elkin Robinson),latin,Juan Pablo Vega,217828
0HdHd5mJlqFqv8PqAGDsEw,Cumbia Sobre el Mar - El Búho Remix,Tributaries: A Remix Album (El Búho Remixes),latin,Quantic,312915
69gBnFLDtc2lub6xL0sfi9,Por Tu Olor,El Arte de Saltar,latin,El Kanka,221893
1VjQClC73gSUPHM0nCmqs5,Quisiera,Quisiera,latin,Natalie Perez,234485
0GARcbxLIOmzrs0lHpuvmi,Aloha,Aloha,latin,Carlos Sadness,187392
6QcTLtjZUX9Ft2tWly8mYq,Sobre La Mesa,Sobre La Mesa,latin,Boca Paila,202403
0is5MOZLNpo5iAY3M0B9ml,Quédate,Quédate,latin,Debi Nova,175733
155XcCEwMrHE3YcJciCnvi,Juanita la Chismosa,El Caribefunk,latin,El Caribefunk,298451
4N4STDrAmiZoVLVFGwDXp3,Caribeña,Caribeña,latin,Lorena Blume,191141
0ftQLiC3Whfsb3b6nWAoPK,Amor De Verano,Tiempo Compartido,latin,Vacación,186387
3IyHmgfNBS3CSSP6zsCjQy,Todo el Día en la Cama,Todo el Día en la Cama,latin,Cheo,256948
5jE0RnYQ3cE3oLw59bUnry,Sweet & Gentle - Me Lo Dijo Adela,Sweet and Gentle - Me Lo Dijo Adela,latin,Flora Martínez,177002
4y7MogcFeMrp4QXPVHloyB,Temes,Almadura,latin,iLe,196985
2mR5kqpXgOndUkU58lXpJW,Kumbayeo,Kumbayeo,latin,Salomón Beda,214000
3eoegPFmJo2k7eRUR31bSl,Morena,Morena,latin,Maréh,189228
4kM2u3kyUDSVrL4yfDoXdp,Se Fue la Luz,Niña Ojos Púrpura,latin,Nuria Saba,195104
4yFh5okeS2u5iO5vAsBsHc,Bossa & People,Beatriz,latin,El Kuelgue,302613
4zZU1HHT7TcfluhNFfIyLN,Agua Salada,Cuba Pintada,latin,Los Rumberos,210480
39Yi5kzFTB5AsTy0I81aB9,Mamita (feat. Natalia Lafourcade),RawayanaLand,latin,Rawayana,267200
6AerfqsL2ISs64dixwrfM5,Aguacate,Pa'lante,latin,Salomón Beda,188355
1jecO8NeYLsVWVptITz4c1,Tú,Tú,latin,maye,206612
6Wco7dkgzYPgwnGslPH0P6,Al Amanecer,Al Amanecer,latin,MOÜGLI,231473
5XU7fx5eLBb8C3uFYqikrQ,Espiritual,Espiritual,latin,Pachará,231275
4y2wnQgN93puWVDavsMTUi,Muerte En Hawaii,Muerte En Hawaii,latin,Pau Sotomayor,186689
0WXBLLPbYbYllFJWU61hwa,4am,4am,latin,Marrón,217996
3zaKc0uMw4GI7xHva4tjLa,Peligrosa Mujer,Libres,latin,Joaco Terán,182518
4IeogZMcSklkHiUvVj3Rlr,Raúl en el Baúl,Raúl en el Baúl,latin,India Marte,188742
2Xr1RQQ15GeaJ7TFa8CTBj,PERLA,TANDEM,latin,Mitú,174882
3U0VWhffr8bNtIb9NXLsAF,Duda Morena,Churupaca,latin,Churupaca,293747
1VgQ6AZ8tVV0uhvhH9usuj,Vértigo,Vértigo,latin,Perotá Chingó,206752
0JJ8lftt4ce2DldcEpyrIJ,Vaivén,Vaivén,latin,Mirella Cesa,178734
0O58u6HNqiSN7UkZVrlN0W,Agua,Visums,latin,Self Sabotage,164000
5uDvSztILYXh5GF7Ku5gag,Identidad (feat. Ibeyi),AMOR Haydée Milanés a dúo con Pablo Milanés (EDICIÓN DELUXE),latin,Haydee Milanes,267989
6dJrnufNiYJxtd4ZX743bC,X,X,latin,Nana Mendoza,167442
5KFdGVgTD4wLrlUesiWiVc,Batida do Amor,Francisca La Braza,latin,Francisca La Braza,234057
2MMSi1VHFZJPiAvLdjFLtE,Manantial en la Arena,Manantial en la Arena,latin,Los Aguas Aguas,239113
4f0MX5DNAc2qwP1pSI7YHT,Mis Muertos,La Enamorada,latin,Julieta Venegas,141490
3aFgMFP4SZTEmHQS3UAJzw,El Pulque,El Pulque,latin,Primo Son,185378
44E4aMwLp8EosJDp8WyQe4,Como Fuego,Como Fuego,latin,Reyna Tropical,184925
5N2I59WWXb2sxyATLkhCLI,A La Madrugada,Ciclo,latin,Simon Grossmann,261403
3E0LxDw9oYZbuTBWRcwBxc,Quisiera,Indestructible,latin,Flor de Toloache,233987
3dMj27D6Bt1wBNEJtyFPWi,La Malquerida,La Malquerida,latin,Solovino,231212
6iucNSMhAZDglVgJ1yclmA,Colores,Colores,latin,GAMBOA,214336
0iw2XtkqcydW4BgdsTyH2L,Cigarros y Tragos,Caldero,latin,Los Espiritus,355372
7qD0RyUnqjfGLcRO7GMgED,De Aquí Pa Allá,De Aquí Pa Allá,latin,Sol Pereyra,184101
2cElznINAHvKeHzv97ZuAV,Caramelo,”Zamba Puta”,latin,La Lá,203808
72B3hbvWUv2pFd4h1KkQfS,Me Gustas Tú,Me Gustas Tú,latin,Carolina Camacho,254318
6ikqpsmK1si8HemHsocssD,Quema,Quema,latin,Sotomayor,206148
5TVDnNLRq8ABVgfVqVqtsQ,Amor Frutero,Flora y Fauna,latin,Camila Luna,173312
0XeSTQIu2LqnAKdOigQUtT,Clandestino (feat. Calypso Rose),Clandestino (feat. Calypso Rose),latin,Manu Chao,158715
2RruTqdyG7KLnGRhY6UNNX,Pánico Cero,Pánico Cero,latin,King Edi K,262532
4tVCzrJgmTKvCQznIkEPAb,Guayaba,Anakena,latin,Anakena,212133
0vtC4wOu5qCztrJXvpWwZw,La Futura,La Futura,latin,Gio Chamba,267494
09JRFc5o6X3UsQzoF5ICqg,Serotonina,Serotonina,latin,Simón Campusano,186272
2mCJpbOH8h7vwu2oJYFCjh,Eres Tú,Eres Tú,latin,Mac Gregor,159840
4AaWrj0s8jwkrQZT41aMXM,Desierto,Desierto,latin,Simah,173044
6kHTEuxVOl4281mEvfMpsS,La Bicicleta,La Bicicleta,latin,Nana Mendoza,226000
5ntc7RlZu43qOqNsHfEseg,Scab,Black Lipstick,latin,Chicano Batman,227600
522ebhSF4Bquf1OtekBokP,Yo -A- O,Aurora,latin,Alex Eugenio,120813
0mahvpoKOar4XOl8nf23HQ,Avanza,No Hay Tregua,latin,Lacandona Social Sound,215133
15BhfwZAJVDPufb6O9lMxB,Y Ahora,Y Ahora,latin,Mula,192000
53Jf3ChStU9gJy69jUYRVw,Buen Viaje,Traspasa,latin,Femina,213987
6PigN4VPqTNmmc3obsHnZ6,El Fuego,El Fuego,latin,Piélago,216747
6qINThmTDYBm8twguFRueG,Cumbia del Olvido,Prender el Alma,latin,Nicola Cruz,216015
0NwlG2Yo9O296mEZmcvEM3,Niña,Reyna Tropical,latin,Reyna Tropical,187200
6oa3KgZJ83kb3qfjlExQKz,El Sueno de Frida,Ambientes,latin,Antonio Garcia Isaac,224452
6lCnlQ9f13pCokyCNfiT0I,Pequeña Niña,Pequeña Niña,latin,Enio Silveti,202026
7vCYM3eDr2ZDpYOie5oVDI,Esto Es Real (8100mg),Esto Es Real (8100mg),latin,Combo Chimbita,298520
7quFrQxtdcIWpezAhMvMHu,La Primavera,La Primavera,latin,Amparanoia,213063
57NAFHP8zVEhnWKpFjK4aB,Naufragar,Naufragar,latin,Sebastián Romero,194400
5VmoRnclAlBtbt1Icr0PY1,Mambeado,Fuerte Y Caliente,latin,Onda Vaga,221960
2XsfAFoTRjddzRz52aIJek,El Cafetal,El Cafetal,latin,Vilamarea,244660
2nAhj3MLDEKCRTwsCa7hb0,Respiração,Respiração,latin,Ley Line,197015
6SCtRnXBnJypWrU67y8BGM,Guayabas y Flores,Encanto Tropical,latin,Monsieur Periné,216787
4KgCkReDfRd1WAFTqFgL98,I'll Play The Fool,I'll Play The Fool,latin,Claude Fontaine,168333
0vGYO4f8xV0fqEaS5MPR35,BocaRosa,Atlas,latin,YoSoyMatt,222702
31riMJMbPsDBPpHS5Yi0Ja,Paso a Huella - Captain Planet Remix,Ch'usay Remixes,latin,Novalima,207621
1RZll8LQqUMnFVTFVoQllu,Oxum,Oxum,latin,Ley Line,210000
3h30ZzkjCyx7YfVRmR8Yyp,Chica Fugaz,Chica Fugaz,latin,Ricardo Bendek,138364
1pYNSCvnguhc0VMPxWqEwV,Pajarito,Salvaje,latin,Sotomayor,206707
7n5PLRFX7I5gcFIsheqXbl,Sacarte a Bailar,Sacarte a Bailar,latin,LÚA,190909
4bmZEbZkt0LuV2SCQHAcWo,Birthright,Birthright,latin,Nora En Pure,183566
1HKy1dIWhAalbTCyyYR8kZ,Sumatra,Sumatra,latin,Nora Van Elken,176308
6WKynwuNv6tsxlFsnWYkQn,Movement,Movement,latin,Lylos,172028
5PprWUDtMegwUWZkPwHjDQ,Idiot (SLCT Remix) (Instrumental Version),SLCT Takeove (Instrumental),latin,Nahra,191615
5FFKnBx45in04E98mqtfaN,7 AM,7 AM,latin,Tomas Skyldeberg,211932
7q1HTi8JRpHEr73M6m0Z9h,I Feel It Too,I Feel It Too,latin,Maiwan,225469
0ZFrmkdubhTMeKduvJiLMW,Lost Lake,Lost Lake,latin,Boomo,210875
74smyjR4BrrfgUJiT1g9Hq,We Will Get It Right,Fool Again,latin,Brookii,246188
3pm7dLjzj1TlNwxA80LSGV,Melody,Melody,latin,Tellow,182798
3ao5EtzaUJOnbtjjYRqPGG,Like Water,Poser,latin,Paisley Pink,315316
13roqX9Iow1epU7pMOYmgI,Chillseekers,Café Dreamer,latin,Chill Cole,160918
6rHuYlI0PyYjXUuLcLD4bK,Laith,Myriad,latin,Timna Momentus,209000
2w2UDzxOhiujUtZjTxeODU,Swerve,Swerve,latin,Molife,191441
2IZlgFPnfBqnSqymiNRaYZ,Blog,Blog,latin,Michel Gaross,253091
0wi6K89xCYDLPy35wddqTG,Dear Friend,Dear Friend,latin,Sugar Blizz,225338
2wrwZ2h3WoVPYnWOYq6JLI,Anyone,Summer Crush,latin,Maiwan,186507
4OyMwhSoV7NywZ4W9tK5hG,Leftovers,Ghosts,latin,Jones Meadow,209313
1AcxJ4t47oSb8GtAlWaxgn,Circular,Circular,latin,Crisp Nibblets,204285
7q6kaOmPSc5cXRPp82pCs8,Sunbathing,Sunbathing,latin,Dye O,319598
6KYYP0xGmFX6z8NPzz3sil,You like It,You Like It,latin,Gloria Tells,181707
5g9EIVLc8vm5H47dpEXFfE,Summer Crush,Summer Crush,latin,Maiwan,160520
1s7MlV77vmjAHqzVq60Vfd,Summer Vibe,Everything Shines,latin,Tomas Skyldeberg,179890
1UIKfD0kg5yQdXgXEsZFyB,Right Now,Sparkles,latin,Daxten,169728
7rQsYPsTMjIfEqJR1qLveZ,I Can't Help That I Miss You Now (Instrumental Version),I Can't Help That I Miss You Now,latin,Basixx,212727
49rlL3YVFGFr5woYWwKjOk,Summer Feelings,Summer Feelings,latin,Onda Norte,176419
3g8YGS38REdEPlWhVIlSLi,Gonna Save Me,No Crush,latin,Paisley Pink,239041
7knYmZG6hwaxPiM2EWolTg,Past Adventures,Fallen Angels,latin,Brendon Moeller,342339
0FfLmzYvQ0mz57INerkDru,Silent (Instrumental Version),Silent,latin,Aiyo,184854
1i5lXpzjo8qBAVRvEoBl7Z,Push,Push,latin,Grennels,335336
5tXg9mqG6pLXVevnB9NqNH,We Don't Have To Take Our Clothes Off - Mulshine Remix,We Don't Have To Take Our Clothes Off (Mulshine Remix),latin,Vivid Color,202444
2AXyvJVjAEWVhRFORkZtst,Tyto,Tyto,latin,Okwen,222331
57hO2DGhBI2BbqCjVxpJcr,Ever After,Confessions,latin,dvine,227755
4V8fOkKXGpPcUp7lvFWdS0,Lupino,Lupino,latin,Magnofield,200697
5JkKam7azyOKIW8Yy0u9fQ,Told You Once,Told You Once,latin,Frank Brinelle,194437
39bqrTfp3CrDoWCCQFgImJ,Don't Break Up,Don't Break Up,latin,Fresh Faces,278556
47hZWKFZVqF2wvHDIFhgcU,Easy to Adore You,Easy to Adore You,latin,Mauve,160000
2gMxNLe9ugpFAia2NE8OGV,Blueblurry,Blueblurry,latin,Duckmaw,285004
6TAo21yrAU1tZskiRxivRm,Rewind,Rewind,latin,Cornpop,207615
14bmVsdGFImJLshEcxRHGA,Vegas,Summer Feelings,latin,Onda Norte,165835
5t9FpLt6rnfuhSoqZw737T,Montreal,Montreal,latin,Dieter Spitz,206685
21i7PKEXvd8InFaDT3j5m9,On The Clock,Mad Woman,latin,Lvly,179940
0JHJZleYBzcchU09DVEWjt,Sunbeam,I'm Going Like,latin,Hallman,170559
35H95rUd08Fwm0DeDifwZM,Can You Feel Me,Can You Feel Me,latin,Love Beans,196667
55lPk08JpWFgX2OUtmTWln,Mexico Para Sempre,Mexico Para Sempre,latin,Il Greco,182058
4fzQjePo7m0KyiquwnekGx,Sparkles,Sparkles,latin,Daxten,183088
57SRdgtkfzKxzyd4OgEfWW,Lost in Atlantis,Lost In Atlantis,latin,Smartface,203625
1YPsBcPaUgzDLVMnkNjezF,Deserter,Down Here with You,latin,Jones Meadow,210875
7e3gyE1cDH1xjfHtorqh23,You're Not The One,Made To Be Free,latin,Ray,221475
1BhhWCtAfUkBQTID7uLgQ6,Kiwi,Purple Summer,latin,Harvio,232469
08WmkTJ4aa1yhPBZcgQDPa,Keep You Near,Near Dawn,latin,Sum Wave,203776
6KBNZRqnMt1sSRTws0ufqU,Movimiento,Movimiento,latin,Andréza,192993
7KKfvDIIyl6tqeXADXah6W,Hold On,Hold On,latin,Mac Beez,224000
4SN5CP1ReUEwDCm2PcrLho,Subwalk,Subwalk,latin,Bamba Lamer,292024
3APg7fIbVJvIuNEXuK34YS,Send Me Home,Sand on Your Face,latin,Giants' Nest,221621
1bJIEtBbAA5RKl6vo6v0es,Travellers,Travellers,latin,Ran the Man,200078
20USnYqI2EWN1fLBD2PF0i,Feel The Heat,Feel The Heat,latin,Bon Lui,319677
26IebVGadxpt7CEBNH4eoq,Waste Our Time,9 To 5,latin,BLAEKER,183026
0jh1UAMBLYHZrAdbqxkjeY,Salt,Papaya Island,latin,Dye O,231098
7DzFjsPLcB2CMz7uK0cSKb,We're the Tide,We're the Tide,latin,Giants' Nest,213101
55UmODEAjd0V5bjmFkhvWM,Shy,Near Dawn,latin,Sum Wave,212453
5M7XyAAxB0WFLnN8zsMEn5,Don't Say You Don't (Instrumental Version),Don't Say You Don't,latin,Particle House,194734
5ABEwAmOIvGgTWQtBvmGHQ,Portimao,Portimao,latin,Manic Twister,206018
2sGM8poruwUdS3tKLbK9o6,A Teenage Dream (Instrumental Version),A Teenage Dream,latin,Snake City,251707
4lPq7yzD0FW8HUWQ61Puvv,Mirage,Mirage,latin,Dye O,217397
5HMMJiXSrxvfwN0aOwBog1,Human Music: Music For People,Human Music: Music For People,latin,BENNIK,212814
0rYfDnwdsArNfvV4HWgXvd,Kirnua,Kirnua,latin,Jones Meadow,227899
5WxznT1acobTk0pqVEtaO1,8 Money,We're the Tide,latin,Giants' Nest,192226
2Xb330Rlb2zXYzhp3OBMci,Summer Love,Summer Love,latin,Sole Sole,177931
6jt9ksqmpgggBsIj5pVZNd,Last Forever,Not from Here,latin,Dye O,254706
4uKv2XmKAjB4SmtpmxPL4d,Non Stop Never Stop,Gambling Bonnie,latin,Harvio,186618
4w7aLWzTe5FmvHSbuunVsl,Somebody I'm Not,Somebody I'm Not,latin,Martin Jensen,167627
1FaMsrYFdk914HDLQar1tz,Someone You Loved - Madism Radio Mix,Someone You Loved (Madism Radio Mix),latin,Lewis Capaldi,157172
2WZHRfGs61DKNfmYzM4WIm,Beautiful,Beautiful,latin,MOTi,150000
5rUTxVxfvEA4wdEecWm7el,Wild Ones - Nightcall Remix,Wild Ones (Nightcall Remix),latin,Theresa Rex,177653
0VQUyufAldw4Eitv71TPmg,Crying In The Sun,Crying In The Sun (Remixes),latin,Faustix,195947
4XBWfrlYYxaMNQ8HNBrasn,Liar,Liar,latin,ROeDS,213133
7sGUv00CPJhdgKp7TmjRdG,Starfields,Starfields,latin,Hallman,161774
2rBq9rceYqbr4YIqbSLhNg,Down By The River (feat. Emy Perez),Down By The River (feat. Emy Perez),latin,Möwe,140132
5RFG2hZsZho967u6Y6Jn7u,Discovery - Sunrise Mix,Discovery (Sunrise Mix),latin,Syn Cole,180000
1DgVEOwweNRGPdYWsfLDXz,Young & Reckless,Young & Reckless,latin,Jason Thurell,190000
4d3cCNTG3PUgWhPButc4N7,Sing It With Me - Embody Remix,Sing It With Me (Embody Remix),latin,JP Cooper,180571
4o7zeDjEoPALOH9ZN483Oj,I'm Going Like,I'm Going Like,latin,Hallman,185681
14sOS5L36385FJ3OL8hew4,Happy Now,Happy Now,latin,Kygo,211362
36Qy3bLHeEeDHCTOFyykpL,Chit Chat,Chit Chat,latin,Small Talk,185584
4ZhEevPVamfM1HFBCDYbOu,Brighter Day,Brighter Day,latin,State of Sound,211840
28jVyHbondZd7dQrZVIk5l,Sweat On Me,Sweat On Me,latin,Tape Machines,194495
04c6EIZdGm0BYsw1lUUJcb,Breakfast In America,Breakfast In America,latin,Madism,205861
3Kuu5vASpXK8oRsxOvau6P,Think About You,Think About You,latin,Kygo,208567
7zs5zHtydDQ4RTEylVtXRp,Gold,Gold,latin,Sam Feldt,181899
6J7WMB5GII6pEOzy687jhO,Beautiful People (feat. Khalid) - NOTD Remix,Beautiful People (feat. Khalid) [NOTD Remix],latin,Ed Sheeran,162081
5Ea0SrK8cEebWaGaqlU1Pa,Sun Is Shining,Sun Is Shining,latin,Tomas Skyldeberg,194025
2ijkXuZ7XQxe2ICFVcnITE,Walk Away,Walk Away,latin,STVCKS,164053
6hEX91iLDiAN9cjeGNMBwO,Like a Hurricane,Like a Hurricane,latin,Basixx,195955
4CGcEaOtbf3xkY809oUjBQ,Fireproof,Fireproof,latin,offrami,157241
4LQpxVBNvFI1QC9Q34G2sl,Won't Let Go,Won't Let Go,latin,Lucas Estrada,159310
0iHO8dmXhSYCgfow7ckt9W,Falling Like The Stars - Madism Remix,Falling Like The Stars (Madism Remix),latin,James Arthur,181827
4PQUmnZUbTRz72oAtk3lkn,By My Side,By My Side,latin,CALVIN,166500
12LQ2VPWJEGOC9IA7b4x9G,Hands On Your Body,Like a Hurricane,latin,Basixx,190500
6iMoJ3UdrO2ZjzzcaN8Eom,Somebody,Brighter Days,latin,Sigala,238667
5Sc7mfH7bm7w9SkZXgQhq5,Missed Call,Missed Call,latin,Hogland,202543
50LkC6kI5monnjLcXegk6l,On The Streets of Dún Laoghaire - Boonz Remix,On The Streets of Dún Laoghaire (Boonz Remix),latin,Broken Legacy,194534
26Nca5uW3NbHDP3kWdw2RA,Good Life,Good Life,latin,José Lucas,190347
6xUy203RnyyOfbqf96Nven,Selfish,Selfish,latin,Dimitri Vegas & Like Mike,167857
4wfJt0r7lGcC8Fd28Wkr4f,Sun Comes Out,King of The Sun,latin,Hallman,175695
5QbbGWoqflXOBSNh2A8bs0,Praying To A God - Melio Remix,Praying To A God (Remixes),latin,Mr. Probz,213542
5Jrqed6NMJGX0myYXR7s9X,Not a Goodbye,Not a Goodbye,latin,Alex Parker,180242
1qxGBjpZ7syYNTDiXStNAL,Somebody Like Me (feat. ORKID),Somebody Like Me (feat. ORKID),latin,State of Sound,196516
0byab45cmZntz74RxcASrf,Close To Me (with Diplo) (feat. Swae Lee) - Felix Cartal Remix,Close To Me (Remixes),latin,Ellie Goulding,223533
2gWQzeOzv9zDob2zeo5b1G,Kinder Eyes (feat. Ryann),Kinder Eyes (feat. Ryann),latin,Ryan Riback,181899
0Y6D9Zztdntz7kOZWYsTno,Dilemma,Dilemma,latin,Jemme,213438
3XQRNNfOG6lHP7yk4DfghU,Lucky Ones,Lucky Ones,latin,James Carter,181760
0AcXoZdweaXpvNedObXU9r,Eighteen,Eighteen,latin,CASP:R,163806
05iPRsY5k3Bbm95I53ZY31,Get Out,Get Out,latin,Sundell,150005
7JAo7wy8BzmP9smtTJ3fuU,Blinding Lights,Blinding Lights,latin,Lucas Estrada,130900
717F7aaPBGVz777aXLiGP9,Dancing In The Dark (feat. Christof Jeppsson),Dancing In The Dark (feat. Christof Jeppsson),latin,Strobe!,170594
3LJ4PTtr6UMRzGBK41KBJZ,Don't Need Diamonds,Don't Need Diamonds,latin,CASP:R,164885
2eWvagH71b2grgDcwQcomQ,Moving On,Moving On,latin,Where The Man,206494
0UQwlF2pRkr1lMN6kNNUj3,La Boca,Para Aventuras y Curiosidades,latin,Mau y Ricky,206279
6ipp8Dhs33KinlF4BStgca,Justicia,Justicia,latin,Silvestre Dangond,209227
4dLBiOu6BXGaEL8ByICR6Q,Corazon de Acero,Lo Mejor de Yiyo Sarante,latin,Yiyo Sarante,225624
1fCD8KvWR3y0Y80at1i4Le,Kitipun,Literal,latin,Juan Luis Guerra 4.40,216533
5iwz1NiezX7WWjnCgY5TH4,Calma - Remix,Calma (Remix),latin,Pedro Capó,238200
2egI1hFZDAYrkCgtepoore,Cristina (feat. Shelow Shaq),Cristina (feat. Shelow Shaq),latin,Maffio,186893
5g6OSIl8pr5SVpK3Pl94yQ,Me Quedaré Contigo,Me Quedaré Contigo,latin,El Micha,195652
6DrUHF3EWygcmQ0DIF8KP4,Te Olvidaré,Te Olvidaré,latin,MYA,185415
1WoDc1x28zHmxnPvvM5GLh,La Asesina,El Amor,latin,Zacarias Ferreira,204733
6IRgwlJMmQIxS9WXbQLAYX,Pega Pega,Pega Pega,latin,"Tito ""El Bambino""",219600
2bIIQIXgi5blVkSZ7Y2uTh,Con Mi Amiga,Esa Soy Yo,latin,Daniela Darcourt,229945
1fVK9eG4r7r8RFlkqIcqSA,Mi Canción Perdida,Mi Canción Perdida,latin,Daniel Santacruz,234500
4es8O2QvvT1YwjU2xyjMJC,Me Hubieras Dicho,Me Hubieras Dicho,latin,Yiyo Sarante,217731
23WI5V2eD4EyGKxSl7Pyeq,Andas En Mi Cabeza,Andas En Mi Cabeza,latin,Chino & Nacho,247493
4etqoFocnO9gSKtqtQbwXh,Sola,Oye Mujer (Deluxe Edition),latin,Raymix,179027
392fx2nlTxr8VrMUU9ybqi,Píntame,"Morisoñando",latin,Gabriel,219831
0UnJphaDGpljP59lXRMaiE,Lámpara Pa' Mis Pies,Literal,latin,Juan Luis Guerra 4.40,180267
1VYdx50j4dHw3fca2EpNNx,"Si Te Atreves - Canción Original De La Película ""Los Japón""","Si Te Atreves (Canción Original De La Película ""Los Japón"")",latin,Juan Magán,164664
3UW4SUehKFC6qmaTZ3OiTp,Borinquen Bella (feat. Zion & Lennox),Gangalee,latin,Farruko,224653
6hgMxMYRqMXeM0REDayIIl,Te Quedaste Solo,Te Quedaste Solo,latin,Fanny Lu,195867
734vYzX6YKgSDHzXuLQJmg,Dale Vieja Dale,Galactico,latin,Toño Rosario,216503
6qhihuZN2R90pvpeaVP8qo,Bien Chevere,Tropicalia,latin,Ilegales,216810
0A2g7e4FUHJ5YJq83uyLRF,Hookah & Sheridan's (Bachata Version),Hookah & Sheridan's (Bachata Version),latin,DJ Khalid,207273
0TgbqQpWj06HsIREGbJoOi,Salsa Pa' Olvidar las Penas (feat. Gilberto Santa Rosa),25/7,latin,Víctor Manuelle,298307
37eGbhE1xVFSvcKkqGb6i1,Contra La Pared,Contra La Pared,latin,Sean Paul,224681
08j5bEz5uMlE9zCFvLyaDr,Celebration (feat. Ky-Mani Marley),Celebration (feat. Ky-Mani Marley),latin,Maffio,231933
3Ci6uIZmFwpCdt9J4Ozj9F,Contento,Contento,latin,Shelow Shaq,218406
2GcjfckZexh9wRRjg9KtQG,Tiburon,In Da House,latin,Proyecto Uno,303107
1Tui5vFvdCRmewmVGikTrM,Tu Amor Es Como Un Río,Contra el Viento,latin,Kany Garcia,227840
3vmVl9pPrBthxN5VpfnCev,Corazón Con Candado,Corazón Con Candado,latin,Raulin Rodriguez,262787
13Dm4KwsIxVVlAYXMR31xp,Don Juan & Cupido,Don Juan & Cupido,latin,Henry Santos,230896
2ltjgZUx2DgxdYGxuyhNAd,Palm Beach,Candela,latin,Vicente Garcia,184907
20jvgYvnqySWnNCsHQZnXk,El Taqui Taqui - Original Mix,Rebotando,latin,Ilegales,263493
3vgiIJW3iSQRRvgYiW86i9,Brillo,Vibras,latin,J Balvin,159573
5ErnvqMFGlEl3AZdazIiLw,La China Medina,La China Medina,latin,Rubén Blades,241355
16A5ZOVLQsIxVl0HyK6X7w,Sunday,Sunday,latin,Jahzel Dotel,141622
4jRxEVNituPZObHbCSBZL3,Guallando,El Hombre Mas Famoso De La Tierra,latin,Fulanito,205333
30R2SoOAsKJmaHzA7CGZdA,Inolvidable,Inolvidable,latin,Farruko,219044
2OnZJrC8TSz4TOUH4voW7G,Lluvia,Lluvia,latin,Chongo de Colombia,321061
1khmgu0pveJbkbpbkyvcQv,La Romana,X 100PRE,latin,Bad Bunny,300579
39N9RPD9MRb5WmoLzNzPeA,X,X,latin,Nicky Jam,173628
1aV0ZqbXNmODdF2MqLD8Av,Pa Los Files,Pa Los Files,latin,"Osmani Garcia ""La Voz""",205056
2hGX7o1gV6cC8s20rJTFsw,Dandole Remix,"El Dueño del Flow",latin,Omega,243547
59Jegg8Z5gDOTkGA6DiAVo,Escolheu a Pessoa Errada (Acústico no Palhinha),Escolheu a Pessoa Errada (Acústico no Palhinha),latin,Johnny Hooker,232518
1BeAxDuc9FbQNWvXWlO66W,AmarElo (Sample: Sujeito de Sorte - Belchior),AmarElo (Sample: Sujeito de Sorte - Belchior),latin,Emicida,321493
0SMu7ylGvRahZQ0aZocIEY,Andar em Paz,Andar em Paz,latin,Urias,215813
0fGSbGIwNNuDr3R8Skz7KX,Oração,Oração,latin,Linn da Quebrada,239669
3xgDQRexKiyS4Eq3oAvLaD,Disk Me,Não Para Não,latin,Pabllo Vittar,173137
4KiXDE5NqGi5v4vh2Wpfuh,Geminiana,Geminiana,latin,DAY,164820
3VXnDxWmTQTxTVW0eCEZX7,Apaga a Luz,Apaga a Luz,latin,Gloria Groove,228211
6knserZIT49dmAKBhVJN4p,Beijo Grego,Ferida Viva,latin,2DE1,222907
6NTwqaUxw06ege5fPSFGiR,Oasis - Ao Vivo no Estúdio MangoLab,Oasis (Ao Vivo no Estúdio MangoLab),latin,Potyguara Bardo,263640
7tiqfQ8TSYiRah8puEJ02l,20ver,20ver,latin,Majur,198101
2flDia8RwKyi1S1I1kTY7w,Calmô,Goela Abaixo,latin,Liniker e os Caramelows,254559
4bReoLwFXeqKxy3XAJkVQs,Você Me Vira a Cabeça,Você Me Vira a Cabeça,latin,Urias,274196
7JGjgJOUPjyc35carv8hoh,Um Pôr do Sol Na Praia,Um Pôr do Sol Na Praia,latin,Silva,188416
26jw3v6qgZVHDlGBqX3DCe,Naufrago,Colorir,latin,Majur,175000
4dTQw3ElTwrTSlA0JcVs8s,De Dentro do AP,"Igreja Lesbiteriana Um Chamado",latin,Bia Ferreira,286625
7chMvjylTedOhNEnRQzBYj,Duas da Tarde,Brasileiro,latin,Silva,221625
5ZQvlEQGGW7XmgnhgJcIIJ,Flutua,Coração,latin,Johnny Hooker,312728
2oqP57JkErjzESEtYErCkb,Presente - A COLORS SHOW,Presente - A COLORS SHOW,latin,Liniker,295000
6dxPjnXGRAAwbxKKPDxoEE,Encaracolado,Encaracolado,latin,Tchelo Gomez,254000
3fFwO4IdgnKsVWBJ094wTF,Cacto,Vem Bem Vindo,latin,MARTTE,176144
0JjtHSeiCbypt1jWINEUAw,Só,Só,latin,Caio,203267
7K3ov6gvO95n6M90q2Wfnz,Maria João,Maria João,latin,Paula Caju,213000
1zYerdkXmtR4b3Omz9giOR,Sem V.O.C.E,ft (pt. 1),latin,Jaloo,246032
4sjZp1MksxeS9NXv8sZWdQ,Banquete,Ritual,latin,Davi,157964
0PbM43TJ49KStGWa6QD0YD,Sinastria,Sinastria,latin,Paulo Ho,194180
7r4Y2Z10DO44Ju82dpb4ve,Volta,Tarântula,latin,As Bahias e a Cozinha Mineira,237263
6ANDIETazjrN1iX9aQTomf,Vem Comigo,Venvs,latin,VENVS,200224
7kRhodBTcAQXGoZdTEw8fZ,Me Beija Com Raiva,LOBOS,latin,Jão,196659
5e1s5JMszwlJxAnIjqReqd,Ficar Sem Você,Ficar Sem Você,latin,Davi,192069
0oX2JtPUzUWLpZrD9sGwkU,Colo,Colo,latin,Renan Cavolik,197077
2FJrDD1ZvsUg9klCy4LjCj,Tenho Você,Tenho Você,latin,Davi,185140
0opNK0x4DbKNulbE5a4fy2,Incendiário,Incendiário,latin,Rodrigo Ruchell,108669
47SEbR9MiQ1EYUxxkx3mRH,Longe - Acústico,Longe (Acústico),latin,Lizandra,139429
3lEfEePgxGH2WwsB5fHC1K,Louquinho,Louquinho,latin,Jão,176556
76L6IgXkQQgFsDaDFuidlw,Caranguejo,Caranguejo,latin,Riko Viana,144019
7E6HBa5KEiHyj3FllY4tYv,Pra Vida Inteira,Pra Vida Inteira,latin,Silva,222272
5VRDemuG54tH0QTaHA5di2,Quem Você Pensa Que É?,Juccas,latin,Juccas,210750
1Jif1CkLayvqkCFnQYbM8e,Outro (Que É Você),Outro (Que É Você),latin,Bemti,220223
19UexFwFsQlqR9scNpqyAb,Moça Do Vestido Molhado,Moça Do Vestido Molhado,latin,Monica Casagrande,264440
5EuI0mkobesD8SBLQDJVun,Des Construção,Des Construção,latin,Renato Enoch,235117
76wlJTsge6ujLwcvOwbiV5,Céu Azul,Céu Azul,latin,Jaloo,224000
4Ysoro1Osfsz5e0d2hAK33,Pense em Mim,Pense em Mim,latin,Johnny Hooker,186322
0B0sF6fGgnpYxtihwVlYBj,Mundo Líquido,Mundo Líquido,latin,Maria Gadú,212284
7HZKPjrStKgnQSigwWEvia,Perdoa,Perdoa,latin,ANAVITÓRIA,222041
69yEXv1TC4w4mfUPShEYbk,Ritual,Ritual,latin,Davi,186932
3gr9yVSWSRKliwUWlgNPRb,Triângulos,Triângulos,latin,FLORA,237972
5ruNFnip7v5Clo5J7e0LTJ,Deixa Eu Te Encontrar,Diz,latin,Julia Sicone,181560
35nOPy1FXWlSYDEQ7UF80f,Ovelha Negra,Recortes {B},latin,Renato Enoch,197975
6ilO9eUhqrTKOlc0Wh4XUT,Louco e Divertido,Louco e Divertido,latin,Leo Fressato,272320
3z9GkS39JLiYHGUqeeKZ6E,Nada,Inverno,latin,vicrossor,180521
7c24zQJAIo46JReewQoqpn,Fundo do Mar,Água Viva,latin,Dry,261487
6oXtGVfDrg6hOJrcj1Il4N,Cara Nova (Microfonado Pocket Version),Microfonado Pocket,latin,Juccas,188729
53rhwRKKrsWaT6tuSzymdY,mEnorme,mEnorme,latin,Linn da Quebrada,224246
7Jl757vT5eNqemc6PtY2dA,Zero,Cru,latin,Liniker e os Caramelows,364359
3Y3WwiS2DKMJIKeptVSUNx,Das Estrelas,Das Estrelas,latin,As Bahias e a Cozinha Mineira,259180
32oJWBfiKE57Olhs2IgaEx,Escolheu a Pessoa Errada para Humilhar,Escolheu a Pessoa Errada para Humilhar,latin,Johnny Hooker,188930
11irxzV5aFcjAH6GrJd5ll,Eu Não Quero Mais,CATTO,latin,Filipe Catto,256652
1CzYBc7oMCOmnEKMo3tG3s,Onda,Rito de Passá,latin,Mc Tha,216000
7mE95kOkRSH7MQ7JdodZQr,No Amasso,No Amasso,latin,Riko Viana,143915
5TcvIdopkgFzBGbuUZ0Rzz,Você Não Existe,Simulacre,latin,Potyguara Bardo,260000
7C1trmcQQ5n5RNy4l6ziCv,Some Say - Felix Jaehn Remix,Some Say (Felix Jaehn Remix),latin,Nea,186878
3TKpJrY9q49Mj1JOsM9zGL,Family,World War Joy,latin,The Chainsmokers,194827
3fNuYHHay5uUISA3fePcTH,Top of the World - Erlandsson Remix,Top of the World (The Remixes),latin,Vide,172500
4fagZbabdRFs9rcrKceIQg,I Got Eyes (feat. TILI),Made For You,latin,John De Sohn,159693
0EdgK7ASb4kfRkW8pVMN02,2 Hearts (feat. Gia Koka),2 Hearts (feat. Gia Koka),latin,Sam Feldt,186750
492edpLhOflovry0RJRQ4J,Unbelievable,Unbelievable,latin,Andrew Roman,233143
1O7LD3kX8b75oLmHdCvGRb,I Don't Know,I Don't Know,latin,Ericé,195429
5FhYGAbUG4fgK0Q8eQZocT,The Rest Will Follow,The Rest Will Follow,latin,Ludvigsson,162000
7dLOOzJGQnsgqFcflWiEcZ,Only You,Only You,latin,Hogland,182609
2wuDt464E6oTVNHq48fEVP,So It Goes,So It Goes,latin,Caj Morgan,165938
1N6zFKgPHfmWAxZdq994ns,New Dream,New Dream,latin,Roman Müller,165391
4sfj0sS0eR6sq3qwCCmLNL,Coming Back,Coming Back,latin,Closed Doors,226750
1a7WIQgSIwxmeaKOtEOift,Le Le Let Go,Le Le Let Go,latin,Lucas Estrada,160017
4rvnIyOOA0ws4PMiZpZgZK,Never Letting Go,Never Letting Go,latin,Coopex,183755
2s1tFUAu7atdMKuThwOJu7,Hold on Tight,Hold on Tight,latin,Sterkøl,168751
2pkYhGilLJDAX4jGGOsE8f,Cross My Heart,Cross My Heart,latin,Hogland,173810
6Fvhy9aaBvsLBzC7vDEhIr,All That She Wants,All That She Wants,latin,Campsite Dream,139405
2Lh9Vp6Bi83hNe5RFYh8SA,Heading Home,Heading Home,latin,Ludvigsson,189836
4p0D9nLKX2kHs9Fv2doUqL,Nothing Like You,Nothing Like You,latin,Lucas Estrada,139250
6ci3PgdVFw0Jk9uL8PTTwI,Understand This,Understand This,latin,ROeDS,187714
1Hz5ITGy0Aust07MVZ2jI4,Bored Games,Bored Games,latin,Middle Class Richkids,199508
721s1WVdSDXkTIo1WYR8jW,Once and for All,Once and for All,latin,Moe Aly,195000
4eMKEM3m4sO62SUVCxqnVI,Bleed,Bleed,latin,Haze & Mellow,172933
7dkhaBy2KuMGR9SDtUyXZ1,Photograph,Photograph,latin,Ljung,212440
4MQ7kuKXAMfpm9KxGe3LM0,Somewhere,Somewhere,latin,Lucas Estrada,171979
2OEr2lzItRFTQvtzXT0wOm,Thinkin Bout You,Thinkin Bout You,latin,Jonasu,151627
0gVDmSZXW9PlLptkHA9EHi,Get Along,Get Along,latin,Behmer,173447
2kJIiIqbzYVtv2iTpbQts9,As Far as Feelings Go,As Far as Feelings Go,latin,Alle Farben,210827
5iHtOyCXBBkjRMhLLCZMm5,Your Everything (Camero Edit),Your Everything (Camero Edit),latin,Foxa,220428
3a0y6BB3cEu01NpISciQJ2,Waste the Time,Waste the Time,latin,henrikz,165000
1cKDIdp2Gsa5d7Pb2bv3K6,Figured You Out,Figured You Out,latin,KVR,184511
3iT2DE52a7FkqAJ89sPa5h,Close to Me,Close to Me,latin,Alex Fosse,167438
1S7hEPenrIVKVTuEjtXKz9,Letting Go,Letting Go,latin,Hogland,192089
2r9hCNjupNy2C2g3r6SNz6,Strongest (Alan Walker Remix),Strongest (Alan Walker Remix),latin,Ina Wroldsen,210286
0U6bQIAh6MCGo1xjbIIx2S,Instagram,Instagram,latin,Dimitri Vegas & Like Mike,184558
1x1tGzVEM8m3cPVcn5lXHw,Too Close,Too Close,latin,Sterkøl,168019
1VpoazEusm1ki8hoSK49ua,'74 - '75 (feat. Susan Tyler) - Radio Edit,'74 - '75 (feat. Susan Tyler),latin,Paolo Pellegrino,197000
58tYBkyFprVpfe0HtJqH27,Lucky One (feat. ILY),Lucky One (feat. ILY),latin,Tom Ferry,188000
7K4qs6xArR9izybon4i4gW,Somebody,Somebody,latin,Erlandsson,159423
50oXdyxJ7xixPeedg4eaPC,Fool Myself (feat. Welms),Fool Myself (feat. Welms),latin,Lü,175996
3L7C7pkqvlyk4QqwbqlDPJ,Too Loud,Too Loud,latin,ROeDS,182987
42YabrnORAsErCXyBCdPcB,By My Side,By My Side,latin,Julian Era,149492
2JpAPtD19FUCNPdPFVo9uf,Make Me Choose,Make Me Choose,latin,Roman Müller,190014
5YN0zHycJ0Yxz31A5QsVov,These Are The Times (feat. JRM),These Are The Times (feat. JRM),latin,Martin Garrix,188656
1PBYQRJNn90vYx8KosIiKP,Blind,Blind,latin,Ericé,178909
3GE52DOmiSQ2R3FHGmYSif,We Got It All (feat. MPH),We Got It All (feat. MPH),latin,Sick Individuals,166267
6vRCKJDtnrJEcyyzIMa0w0,Never Go Back - Robin Schulz Remix,Never Go Back (Remixes),latin,Dennis Lloyd,184653
1bFQhFmmfURmAIzyp5nIRO,Globetrotter,Globetrotter,latin,Ludvigsson,166299
1mxaJVle5gMi28Bjpfuwt8,With You,With You,latin,Foxa,181707
43JjxYXZmBUdWafs4WHa6v,Wicked Game,Wicked Game,latin,EC Twins,191186
6idY8fEvG9gi9gl3L3b3Kf,Love Does Make Sense,Love Does Make Sense,latin,Romano,179508
2UijtofYLPpDsqJLOXxANZ,Miss You Everyday,Miss You Everyday,latin,Trackhead,160373
5xafH3RXDs4GQqc0O5IhUa,Radio Love,Radio Love,latin,Lucas Estrada,169918
2ae6Io73vB7sGIUhzzb1ti,So Sick,So Sick,latin,EC Twins,180000
0t4P9bDoxCIZ3Wa4HjgFOG,#Summerlovin,#Summerlovin,latin,ARMAN,204562
5yAcox3tS3c78EMvZ8Gi1u,Paradise,Paradise,latin,The Sunnefield,191625
7M9w4C8WenlvWfNRAulZOX,Narcotic,Narcotic,latin,Younotus,192387
5VAME3mVIuLtW0g2Lqv9hq,Vertigo - Radio Edit,Vertigo (Radio Edit),latin,Gil Glaze,220364
3zysdGd91RB2oMEkSQVYno,Punching in the Dark,Punching in the Dark,latin,Hellberg,191760
3d4opgagC9pd2fhDL4HOC3,One by One - Alle Farben Remix,One by One (Alle Farben Remix),latin,Broken Back,158867
6aoGtdWXBkYQ2O2wnyIz2x,Not Ok,Not Ok,latin,Kygo,210944
6dji95wvWJgIxi0f3io7mz,Lookin' At You,Lookin' At You,latin,RudeLies,158400
7o9SNYNMZTLtWo5W0IH6PI,Hold On,Hold On,latin,Foxa,143415
4npV4yaAqVv62cSIWmPEbf,Look Away - Steve Void Remix,Look Away (Steve Void Remix),latin,Stephen Puth,159344
3y3brCCecHC3Db18aIOnny,"Carry On (from the Original Motion Picture ""POKÉMON Detective Pikachu"")","Carry On (from the Original Motion Picture ""POKÉMON Detective Pikachu"")",latin,Kygo,215316
1MI3mljRwv2P9Nt3devOTF,Like I Love You - Small Talk Remix,Like I Love You (Remixes),latin,Theresa Rex,165111
1FHqE8ythlH0NbgBM7cy2i,Don't Know How,Don't Know How,latin,Caj Morgan,195122
5F0Ri2uaGz78zLg2RifvzO,New Lover,New Lover,latin,Foxa,184000
63lqz49MWHGKGVoOJVVWwo,Netflix & Chill,Netflix & Chill,latin,The Twinz,159947
72MNORxPoYqbnaEKJArZod,Cut to the Chase,Cut to the Chase,latin,Roman Müller,153673
54rZW5jkApNTZ5FOqU10bU,Compass,Compass,latin,ARMAN,191750
7Feaw9WAEREY0DUOSXJLOM,Summer Days (feat. Macklemore & Patrick Stump of Fall Out Boy),Summer Days (feat. Macklemore & Patrick Stump of Fall Out Boy),latin,Martin Garrix,163805
4n7jnSxVLd8QioibtTDBDq,On My Way,On My Way,latin,Alan Walker,193798
2Wb7cfgUCj3C95H5vCrsGg,Room for Two,Room for Two,latin,Moe Aly,201612
4giQUjm7m3rffmwsh2dBiC,Addicted,Addicted,latin,Alex Parker,182177
43JztBwps5nHk69OqYOv9D,Wannabe,Wannabe,latin,Jonasu,187636
4mNOezZPgOhiVLf0T3U2H2,By Your Side,By Your Side,latin,Lucas Estrada,163886
5NIZUEc6twysdXCpP52QZi,Ain't Nothing Like It,Ain't Nothing Like It,latin,KLYMVX,166373
7BbDdO8vovsdClhMFK7pOi,Jolene,Jolene,latin,DROP,178455
03MG0l3WB6a9dJkXqnhGl8,Bonnie & Clyde,Bonnie & Clyde,latin,Jake Cooper,180296
2aRWvh5XCMy86wmRsL6sFr,Our Show,Our Show,latin,Ericé,159500
44ETcHYUz11q8QbqcgSwL6,Hola Señorita - Robin Schulz Remix,Hola Señorita (Robin Schulz Remix),latin,Maître Gims,175293
1ya5gWA89bk37QnP46HEfa,Different Kind of Love,Different Kind of Love,latin,Erlandsson,186180
33WaAIUnrgkyeosXb0iXNu,Closer,Closer,latin,Haze & Mellow,162117
35FIDQv0u26DSknDahmcdz,With You,With You,latin,Lewka,137348
1uXl3Nuhgkwx28NIaCMUzy,Sunrise (feat. Jason Walker),Kids in Love,latin,Kygo,214827
7DCdlReHytM62WN1KBktrS,A Place For Us (feat. Ynnox),A Place For Us (feat. Ynnox),latin,Dualities,202560
2erUyluamWVQh4J9fZmEEN,Tattooed Heart,Tattooed Heart,latin,Jason Thurell,186885
767fgY7pkWxWry1qjDlXcg,Drinking Alone,Drinking Alone,latin,King & Joker,168211
6OBMQ2PK2v2YhYbAssXuWj,Boomerang,Boomerang,latin,BRÅVO,188911
06BrHnTVDOydsfg0LZ6mQb,Talk - Alle Farben Remix,Talk (Alle Farben Remix),latin,Khalid,167990
76pb7byVgncOfaeFzHqs5M,Call You Home - Faul & Wad Ad Remix,Call You Home (Remixes),latin,Kelvin Jones,271267
4tvULOtQiimA3XkmRl9xVn,Comfort Zone,Comfort Zone,latin,Alle Farben,180133
1CtQClLffhYcQKRIAtM0qm,Waterfalls,Waterfalls,latin,Roger Martin,204998
4cMBFU3ZjlbscquikM8sM7,Backfire,Backfire,latin,Deep Chills,184800
42x0UBMhimdj4cJI7R3tHp,Like I Love You,Like I Love You,latin,Chris Viviano,172443
2dfAAclpEqZU2yAZg0vShU,For You,For You,latin,Flatdisk,183830
4gdGqn423SFKDcmglB95rn,Hey,Hey,latin,Robin Novaku,162286
5xD5mG8uIsyxA73S0nP0Rh,Feelings,Feelings,latin,Deep Chills,163738
3DGar7krWlmrXRFHBcQF6z,Whenever (feat. Conor Maynard),Whenever (feat. Conor Maynard),latin,Kris Kross Amsterdam,163636
57TxIrsbEN2xlRvkjYzUeD,In The Morning,In The Morning (Original Mix),latin,Kharfi,198682
19OnJPfQM12cSK8byhmk1F,Fv3K,Fv3K,latin,Panski,203000
2rR28FTYFsaJQtvatVq9De,Over Me,Over Me,latin,Jake Cooper,208945
5ngSlq8HPaVvz9NNam2zih,Think About You,Think About You,latin,N-Chased,156000
4mw8EFpRFtYBxLZ5Tso2kF,Come Back,Come Back,latin,Nate VanDeusen,194400
7tG7pY6DLgpCeUIIPIvv41,Luv With U,Luv With U,latin,BLENDER,194943
5rrgrV39SifIwb4Az0RDsn,Night Shift,Night Shift,latin,Juze,193173
5gU4UfBPa5w88uDrpcF2Kp,Feelings - Jay Dixie Remix,Feelings (Jay Dixie Remix),latin,Deep Chills,165415
2GC6IHhKKK6E5ti0xozdYK,Island,Island,latin,Swayday,185625
1hz0SWhLPWKqpGiEBnWFpm,Rollerblade,Rollerblade,latin,Trial & Error,170740
5Bsaf1lRrFcRLbLeGRm70p,Up All Night,Up All Night,latin,Joey Busse,204280
1FpyIuBKyNKG2O06ZawDlo,Honey,Honey,latin,Natania,133200
5JNHieecqULXHLRgJpAqIL,Running Wild,Running Wild,latin,Nate VanDeusen,195200
70aDcXXp3gYIjhuYz2SmBY,Feelings - KAJ Remix,Feelings (KAJ Remix),latin,Deep Chills,170467
7A2XFVNvO9TWB0mYiP6Mc2,Ride,Ride,latin,LOYZ,149478
30ZhaZWc3F9gvOdA3GFYn1,One More Time,One More Time,latin,Alberto Ciccarini,185866
0rX0u6pOKV1EUZFgDkPMSR,Hungover - Jay Fox Edit,Hungover (Jay Fox Edit),latin,Dana Kelson,198104
3lT55jQR3jCGNXg0eLnJ4T,Back To Me,Back To Me,latin,KAJ,166542
24j5At5CXjL9J0zKDDieIu,Yellow Lights - Alex Grey Remix,Yellow Lights (Alex Grey Remix),latin,Natania,170256
5Uk8mepfcsRgKhH3MFA3u7,Let Me Go,Let Me Go,latin,Nate VanDeusen,166400
2mET9mh9cnmcZ7WeET5lxo,Mine By Tomorrow,Mine By Tomorrow,latin,Hartman,152449
4cG3yeSTHN4FsrjQBnIUFB,Like You Boy,Like You Boy,latin,Pards,173714
6bzv2B0L5zDctD2j8mZII5,Feelings - Spada Remix,Feelings (Spada Remix),latin,Deep Chills,178121
5909VernmFpmjtNuYmEvm6,Get To Me,Get To Me,latin,Jay Dixie,211010
1lAwiSTdYv2QM6diNuYtYi,Trouble,Trouble,latin,Stisema,159677
7h9amwuFvQAqYZVaNHk6Gp,Muscle Memory,Muscle Memory,latin,Natania,168980
6MY8JB1THlKqdyqe5YSAng,What Do You Want,What Do You Want,latin,Hartman,170400
1oIdcFtf58sZbS7QyZQJ2P,Run Free,Run Free,latin,Deep Chills,170562
4Ed7NDNt5NmyVKcCKLRjjG,In The Air Tonight,In The Air Tonight,latin,Panski,184600
2ahVlPHe8XlXKFjL2zZLPD,Kissing Mouths,Kissing Mouths,latin,Natania,164819
2Rl7eTc2aCUte9eVEvi4Ce,Mistakes,Mistakes,latin,Jeremy Shayne,212000
0YC10NaIHTVyQmdB8uC0v5,Heartbeat,Heartbeat,latin,Jay Fox,181772
69Cm6g6cFre6OQs4oeaJji,Look At Me,Look At Me,latin,Suvenir,209914
6lvKBxr2KRLwC4qI16Gj69,Again Now,Again Now,latin,Kharfi,162692
12JJH1FR5wS9URi8qVLELV,Work For You,Work For You,latin,Robin Novaku,150483
4GlM9yBl7W9lBMPQEWoEu4,Stranger Love,Stranger Love,latin,Robin Novaku,127838
2rR9h4WY1scxaaDuVacT5k,Know,I Know,latin,Bespoke Dude,153375
3pSfoP1xZllxEuZ6Oh6ebn,Ring Ring (feat. Mabel & Rich The Kid),Ring Ring,latin,Jax Jones,217613
1Kr8qVQBldnHQbaMW7wS69,Blinded,Blinded,latin,Deep Chills,200743
6qynl60zV0oHvGY57xXaG1,Run Free - Alex Grey Remix,Run Free (Alex Grey Remix),latin,Deep Chills,159600
3zbSYBDUbDEbqUIlCmOw09,Procura,Pa' Otro La 'O,latin,ChiChi Peralta,271031
1siV5UzcXuFK5tMUVQ5KiM,Amor Narcótico,Pa' Otro La 'O,latin,ChiChi Peralta,316960
1GT0Q2ZTeKtIBueYKr4vhr,La Bilirrubina - En Vivo Estadio Olímpico De República Dominicana/2012,Asondeguerra Tour (En Vivo Estadio Olímpico De República Dominicana/2012),latin,Juan Luis Guerra 4.40,232880
21iD8UKoYicaMmVISo6Pi4,Un Montón De Estrellas,Guajiro Natural,latin,Polo Montañez,364573
5fSDXbY8o9pA3TKwAbfwML,Mi primer millon,Caraluna,latin,Bacilos,237387
72wEtgEkcLQ5x4F4ktiVSH,Pa' Mayté,La Tierra del Olvido,latin,Carlos Vives,188720
210f6k9YxkeQt3ZThb2wxV,El Niágra En Bicicleta - En Vivo Estadio Olímpico De República Dominicana/2012,Asondeguerra Tour (En Vivo Estadio Olímpico De República Dominicana/2012),latin,Juan Luis Guerra 4.40,271813
5zqb9vPcTA8rCwvIJQSxoO,La Tierra del Olvido,La Tierra del Olvido,latin,Carlos Vives,265800
62yt8SPi3T4P3iMzcZoWY0,Isla para dos,Sabor a Salsa,latin,Nano Cabrera,245533
2sH1DIngiSA8EQfkcQXpBq,La Melodía,Flow Con Clase,latin,Joey Montana,219103
0K1XXuhaJBPWMcgjj3ug3u,Las Avispas,Para Ti,latin,Juan Luis Guerra 4.40,197333
3DF2hxIwdG7DxAwr9DKpYe,Visa Para Un Sueño - En Vivo Estadio Olímpico De República Dominicana/2012,Asondeguerra Tour (En Vivo Estadio Olímpico De República Dominicana/2012),latin,Juan Luis Guerra 4.40,222726
5AYu4sjnd68gu3NkfM856Y,La Sirena,Grandes Hits: Luis Felipe González,latin,Luis Felipe Gonzalez,165591
5uRd1tmUAvfFGSPR5266Xp,Tu Cariñito,Men In Salsa,latin,Puerto Rican Power,251253
48svUiwMMYQRPyesVEnof1,Tabaco Y Chanel,Bacilos (Re-Issue),latin,Bacilos,312400
35AoMYhAm6slJkJTB5HOge,Ojala Que Llueva Cafe,Ojala Que Llueva Cafe,latin,Juan Luis Guerra 4.40,253333
4nyoGMA1aV1wjq0KqtqnQY,TBT,TBT,latin,Yera,204000
16LDbpqgCtvEZDQ5wfOWrj,Nuestra Cancion,Suavemente,latin,Elvis Crespo,208640
5fq4jxlqyjAVFLOB0lZIdT,25 Horas,25 Horas,latin,Proyecto Uno,247596
6QSMr4Ok2KiGIg4bx03voz,A Pedir Su Mano,Bachata Rosa,latin,Juan Luis Guerra 4.40,295280
28DGGDoEqgw37Bf1mXPzaP,Contigo,Contigo,latin,Pete Perignon,282485
7pW81pPhFRm2zcMM8xemyA,Antes y Después De Ti,Antes y Después De Ti,latin,Ralphy Dreamz,174961
211Jwzk66OtOIfZeOYgj95,Castigo,Castigo,latin,Srta. Dayana,198933
7qozat5jqKmwgs7kLo2NWh,Amor de Verdad,Amor de Verdad,latin,Dama,231575
7iGi2GMQZEZ2OCSiIu5aAi,Se Eu Escapar - Ao Vivo,Se Eu Escapar (ao Vivo),latin,Maiara & Maraisa,177163
3U4qk5suqEgGrSgrcWGCaO,Vanidosa,Vanidosa,latin,Prophex,209517
6n319f8IZ6dDrx2n0egj8L,Solo Te Quiero Conmigo,Solo Te Quiero Conmigo,latin,Buxxi,180500
1PHtrsNSX7kT1xvmL6JPbi,Señora,Señora,latin,Kate Candela,254667
28XF6A7PGV6eTC892VA1Iu,Amarte por mil años,Amarte por mil años,latin,Karibe Orquesta,295172
0IOl90pE2n0Xk43q1i6Zup,Sueltala Remix,Sueltala Remix,latin,Kalimete,166661
5ZmHL8Qgu4SSdgv1F5HsBK,Sueltame Las Cadenas,Mi Realidad,latin,Papo La Chercha,225236
5qpOsk78CSOdAc1YQa9yVV,Por Causa da Bandida,Por Causa da Bandida,latin,Kaian Muniz,176089
33Q0VIsdJhjjG6kbFPkXGz,Ya No Sirvo Sin Ti,Ya No Sirvo Sin Ti,latin,Jiory,230217
6c6JgrtZ5OfOd4Eq9nyPQL,Sobredosis,Sobredosis,latin,Axel White,204251
38fryZaf1J2WxQfetcJncy,La Falsa Cubana,La Falsa Cubana,latin,Maga Shukar,284000
7kQxPgKQx9VKLaj2KtUrv1,No Llores,No Llores,latin,Jay Kalyl,240862
2cBNg1EvaRCTSl8xHeYJCy,Se Faltar Estrelas,Se Faltar Estrelas,latin,Luigi e Leandro,166620
04NdZUAWOV9qMseKt9NDXK,El Son No Morira,El Son No Morira,latin,Doris Lavin,263036
1ec7hegul444eQIQKT0Pl6,Buscando - A Mi Tierra,Buscando (A Mi Tierra),latin,Adrenalina Latina,293088
0FNncxWqxQeccVxlwBo55N,Se Te Ha Olvidado,Se Te Ha Olvidado,latin,Barrio Sónico,214094
4OREn9rotePJ3DX7c91QPp,Solo dime tu,Solo dime tu,latin,Vgm,166880
78xQAmZvT0rLAqGEMSu1ZL,Un Montón de Estrellas,Un Montón de Estrellas,latin,Lenier,192698
5TyW3W9NrJA38Pk3sdWq7F,Merengue Que Aloca,Merengue Que Aloca,latin,Wilfrido Vargas,235515
4im0rQek6ndUW4eqMPa8Z2,Dónde Están,Dónde Están,latin,Anna Carina,212555
2xSQ05tzoYMBIuJQUWUe56,Weekend,Weekend,latin,Henry Santos,228000
5SLA6uE93kQsIMX2MiLl0P,Goza,Goza,latin,Henry Mendez,184421
5pbRoC3jkKVxmR5C51ua2i,Detras De Ti,Detras De Ti,latin,Morty,156610
7wUuLKb6d4XnycwcU2C0JE,Desacatao - Remix,Desacatao (Remix),latin,BlackRoy,277795
0EFySktVEyCxSWWPCHbSXz,Déjalo,"Solo Merengue7",latin,Frank Reyes,253500
0w1QW24BtNZMQvVHRTLFYn,A Portarme Mal,A Portarme Mal,latin,Felipe Peláez,181765
0XsxkeJTGfto8ea2Ya41P6,Calma - Mambo Remix,Calma (Mambo Remix),latin,Farruko,281707
7mEnJTh1DG1grTeGexAOjW,Cara de Niño,Cara de Niño,latin,Jonathan Moly,213060
2joDMe0FLqT0jqOlSH3FvD,La Peque,La Peque,latin,Ulises Bueno,219625
7ivzri2A4UwtkFj0v69DME,Abracadabra - Remix Los Hermanos Rosario,Abracadabra (Remix Los Hermanos Rosario),latin,Elvis Crespo,267413
6zddqIRjNzePlJNOF2W6IS,Una Mentira Más - Versión Salsa,Una Mentira Más (Versión Salsa),latin,Yuri,236437
3R6BkHp37wmjYlpzaU1ODd,Me Sacaste Del Llavero,Mil historias,latin,El Chaval de la Bachata,250125
1Jt4VUK3aUpfVbvVV02PLt,De Los Besos Que Te Di,De Los Besos Que Te Di,latin,Sandronyc,222101
4txiOcgZkXgi60EprTZp1f,Margarita,Margarita,latin,Lidia Buble,194400
1qHdG361ZY9IVF5QiwajKH,El Tren del Sabor,El Tren del Sabor,latin,Tony Succar,279573
0hOpiCYtwEYqenDr8ME31H,Sabotaje,SABOTAJE,latin,Karlos Rosé,209280
0s4iOHoggUmyJVT8xkF91t,Maldita condena (feat. Colectivo Panamera),Maldita condena (feat. Colectivo Panamera),latin,Café Quijano,215320
6dvNENlPXw02bT5TiWiAMi,El Vacile,El Vacile,latin,Systema Solar,222910
3BskdP7i3VfHb2V8MiQNgh,Aquí Quién Manda Soy Yo!,Aquí Quién Manda Soy Yo!,latin,D.L.G.,250973
7MjwVppOnmmhM9cufyMHzV,Tal y Como Estás,Tal y Como Estás,latin,Mario Guerrero,208692
1ThRQyaQ01tscygb9IZVH6,La Promesa,La Promesa,latin,Andrés Cepeda,184653
21Lt7mVtIA5TpmT969Gncq,Pecado y Religión,Pecado y Religión,latin,Charlie Zaa,222231
4G2WtXPgkDl0dnwzoBbBSj,4:20 PM,4:20 PM,latin,Bluedoom,99000
4NEIzOoQWNYLglS0iWzfUe,it's a beautiful,TOY TOY TOY,latin,BROCKBEATS,140000
0DvqAXyoA7zRB8wgH0DjRO,Ji-Eun's Sunset,Neon Impasse,latin,City Girl,168814
2yYbsgAPuvoFQyomzNvmB0,gone,gone,latin,mr_slace,121258
1f7e2KsfiEhmEmhKAKqqhr,Medina,Echoes,latin,Dontcry,88767
2HL746RqBIfvVZZK0FLuXM,Lemon Wedge in the Sky,Home By 11 PM,latin,"Sarah, the Illstrumentalist",131500
1HET5OdOXWBaBES9e4k6ni,Crystal Ship,Dreams of Dawn,latin,soder.,95524
28ivSOZ5ESpdKvS4XP2Ibx,Duck in a Box,Red Pool,latin,Jobii,140599
3qThAX1vBbI8ATxS2BP1Oj,Munch,Ascent,latin,S-Ilo,105038
7o2SgrTlLry8e0pHJrdqQ5,My Sunshine,Cruise Control,latin,Kavv,106667
6MzyclGrr8mFu3tWUDilzX,Jazzy Winter,Vatten,latin,Guustavv,130923
1On4Zw5nSEJKpGIGSK8QYd,Caffè Mocha,Dazzle,latin,Jazzinuf,89361
2FKsGoYghIBDdxsXXBIfJg,winter in rio,Rio,latin,Wun Two,100465
14kpqRxMt2iAvNvMEoGJws,City Samba,Faces & Spaces,latin,Konteks,180000
0thyWOAQnRjrk46kUK2FZu,Underwater Soul,Fields,latin,Tree60,130435
0PlUMPy4OsPMQwUn1JEbYu,English Breakfast,English Breakfast,latin,Jobii,144000
4Y7Ti1mRJlqNwjrUoCJhB4,sunrise,Better Things,latin,Ymori,170785
71RJdfj98rgn9By72ky1hY,Window Weather,Window Weather,latin,Ed Stockley,82143
2YsEjFulzaAjBNgUcSxy8Y,Amazônia,Amazônia,latin,Ariel T,152250
2YmI6AC5oNhaAa8mAAd0JA,Watersteps,Watersteps,latin,Erik Kearing,123333
3fVGdhLSoJSZzrP2EISemI,get warmer,TOY TOY TOY,latin,BROCKBEATS,188000
5j3DMUT6O8pF1Eobm0JAhc,forgotten,Ryujin no Yume,latin,Marcus D,140133
0jVAASD83TspRi2gG53o6R,When the Time Comes,When the Time Comes,latin,Gordon,124486
1uGJs1A9hoH239M2Y0KJB8,Tropic Breeze,Nomad Life,latin,"Sarah, the Illstrumentalist",210250
5BaolTYoMS1V2mQgpeHTLg,Villas,Swimmingly,latin,Dylan Sitts,214140
6LdMXBL9RHbXWtZQ8GJCWs,calles feat. tuamie,Rio,latin,Wun Two,152195
3pryp80305v997WVunOQkY,days like this,one last time,latin,Two Sleepy,73171
4FfxTYuivKhlcHsA5HKLE2,Travelling in the Summer,Cruise Control,latin,Kavv,120000
7qrBYrivpvfXUPBMmqh3dA,5:32pm,Vibes 2,latin,The Deli,136914
3NmwUAsMVQrfSTiJHz0umD,Brick in the Wall,Pol,latin,Guustavv,140282
3F0mcxksBp33QrL6oyjvLN,Sakura Trees,Buena Vista,latin,Saib,99997
5VmL8CrjM82tIGWwum8Cbo,Venice,Venice,latin,Gyvus,156632
2uya74pnB7L0uKJNUW9Irj,Targa,Targa,latin,S-Ilo,211043
39cmQVtCidRVYC6MC6hLZe,Nakama's Dance,Low Fidelity,latin,Ariel T,240667
24Jk4wYlLRXI9TUMdkHoMN,Again,Penthouse,latin,Wun Two,143133
6ugrRFZUNIpLiqhLUgC7ix,Flowers,Vibes 3,latin,The Deli,187828
6pPdSiA17dUM773DCRFhUx,Scootaloo,Sheep Rotation,latin,Jobii,147110
2jK3oL9MV1hb6sBtUpt4ZF,Coconut Airline,Audio Bartending,latin,Jazzinuf,163396
6LU0kE1IZ2Z4NzE5a1oPhN,Nataly's Portra,No 18,latin,June Jissle,84751
1r5J8bYOWq1Dal5jMQ06WX,Yellow Bird,A Color Map of the Sun (Deluxe Version),latin,Pretty Lights,339956
0cZcOtDqLaavK7LowhTBsa,sunny,sunny,latin,j'san,139130
3gGiXmOhMcFZwtsNZKraUc,summer coming,TOY TOY TOY,latin,BROCKBEATS,129000
11lO14k9p97GWSMdUpjIIF,lovely day,no matter what,latin,chinsei,122540
1PB9UotL07ZdTjarKoL7zt,Mixed Feelings,Sofa,latin,Ariel T,216310
06bGEmVqy2qwKINAuTWg7H,Sunflower Dance,Jazz Joints,latin,Trog'low,146526
7j1Y0cl0RqV74Gl0eSvDgS,Pizza,Pizza,latin,Statistix,212079
12iqqPRu2loZsYRwhYF4J4,Blue Shades,Blue Shades,latin,DLJ,91429
5cMHH1V7mG0gHKZNo79WCL,Bahama Breeze,Discover the Worl,latin,"Sarah, the Illstrumentalist",144494
4YvbgiIq1Ztj01sGfU3RZk,Wonderland Bossa Nova Band,Monstera,latin,Chris Mazuera,116135
6vDt7HlcrB60lK7gsQRr0e,Hazy,Tigertail,latin,Chris Mazuera,79736
5A1ttHJNuGEoPLhhoHpzFA,Pearls,"Gems from Japan Vol II",latin,Epifania,83294
6qFZbhksfzJOQ3LbXzv08h,Shifting Skies,Borta,latin,Guustavv,128696
6s9xry4WwV9va0iJXCEJPQ,better days,better days,latin,sky pedro,136709
3xrTr8ALJBHOomX6Dt9Nz4,LAX,LAX,latin,B0nds,107865
2ulRjd09lFHVNAiASlhY72,Hainan Paradise,Mitsuwa,latin,SINY,125870
4lhe5Iy0XVRoySNQYMvP1l,Moon and Tonic,Audio Bartending,latin,Jazzinuf,121940
2yn9vJb2G9vv6EGt4fP2QB,Partly Sunny,Tired Boy,latin,Joey Pecoraro,173910
55hgAzy1kaC0Cn7EFxDeUz,let's be lazy together,Summer Festival,latin,biosphere,74831
7y3uqmsAIB03D3gK3IR9It,Sunflower,Sunflower,latin,Zach Farache,122628
0CNuKKi6MHrr8DqYtpzbCD,bossa uh,ivy league,latin,potsu,210058
1fSHWLTwlHMnNIbF2dhP1Z,Something Summery,Cozy Waves,latin,Cozy Collective,74286
3Yz0NKJA10ZSYN61e89wZG,sweet,sweet,latin,Lunchmoney,93000
3ECmobYasUM8hdjaSZHm6E,tropical,PostCards,latin,leaf beach,109610
6G0GTbxO22gTCjO3GeNskH,Honeydoo,"Dreamlike",latin,Roger Wilco,217468
2tIvbLbeKHBMFIJV5YT5XK,Tropico,Sun Naps,latin,Cloudchord,138353
6cW7FhUH5KInJVmIfWcOXU,Hawaiian Haze,"Textures",latin,goosetaf,109367
2plFJ8lWAbdeNrK7sDaR2I,It's Raining,It's Raining,latin,Masked Man,148861
0gwpTcKlLwn8TnYsoZLfRl,Bubbly,Audio Bartending,latin,Jazzinuf,209763
2QFvsZEjbketrpCgCNC9Zp,ORANGE,Shinigami,latin,SINY,160457
5sm8mtcQQOhKT8YgCBwVNr,Beautiful Weather,Want Some Coffee ?,latin,Jmss,129474
1N5qne7lyHKzmK189SqFh0,bittersweet (feat. lando!),Tender,latin,Dream Easy Collective,50705
6xPn5m9gUIDqhe8EBvdRIP,okinawa bbq,lovely currents,latin,mommy,94359
1Ksf0moFKGhOJ6uNgQcEAT,Nightfall by the Sea,3D Audio Textures of Waves,latin,Shaman,177485
1OycCM0ijoTj1aGdmRlYoS,Waterfall Jungle,Jungle And Forest Sounds,latin,The Sleep Specialist,316491
5CwOUooch74h0XarhDfAQK,Rain Forest and Tropical Beach Sound,"Nature Sounds - Nature Music for Sleep Yoga and Relaxation",latin,Nature Sounds Nature Music,240000
41ngfIhPv1DkwHozVjH5Yc,Florida Rain Storm,Thunderstorms,latin,Mother Nature Sound FX,175314
3BzfDBrjyvLLyDnhTynkOM,Borneo Jungle Oasis For Deep Sleep With Nature Sound,Relaxing Nature Sounds,latin,Relax Meditate Sleep,360098
17kqaq39xg9nP1j6goQW5A,Relaxing Jungle Sounds,Relaxing Nature Sounds,latin,Lluvia del Bosque,203707
34v7cD6VR3fVYguedQ1wuh,Tropical Forest,Jungle And Forest Sounds,latin,The Sleep Specialist,117449
37TdJ5EWlM9Jfw8IqiUHcm,Chill Waves & Wind in Leaves,Waves,latin,Pinetree Way,241375
28ilcqErfNjitJ7T3byHoX,Peaceful Forest,Jungle And Forest Sounds,latin,The Sleep Specialist,181204
0XhxyzxCoJ15QH3J4HnCfW,Caribbean Thunderstorm,Thunderstorms,latin,Mother Nature Sound FX,222469
7a3eLJPSgAk3PQbpYjrYdM,Summer Rain,Summer Rain,latin,Rain Sounds FX,152884
0rtT2DmXIcwqpcXVrX6C7V,Suburban Forest Rain 2,Suburban Forest Rain,latin,Aquagirl,129000
6ADPydLM8fmi6fjO9ZXAb8,Forest Rain,Peaceful Rain Recordings,latin,Rain Recordings,170000
7oOeB6z1yHE3LTlZjJ5XJ9,Gentle Waves on Rocks,Waves,latin,Pinetree Way,290281
5iAB4tlYseBES4MKqgY4KG,Relaxing Crickets And Waterfall,Forest By Night,latin,Natural Sound Makers,264154
4fZfIJC86NiTIQJACILG3i,High - Yahtzel Remix,High (REMIXES PT. 2),latin,Peking Duk,264291
0Cevaujuf5Os3lb5KrV0IH,My Body,My Body,latin,Hot Shade,161427
6L778PA16SuyYvFhqnMndY,Starboy - Kygo Remix,Starboy (Kygo Remix),latin,The Weeknd,244720
1cG0umU5TKStygKsPFZ9pY,Shed a Light,Shed A Light,latin,Robin Schulz,191379
5sWevAyvYSRzGpIsdsRvJi,All We Know - Oliver Heldens Remix,All We Know (Oliver Heldens Remix),latin,The Chainsmokers,184253
3f8TbkkP0VIdOKvLTMMTvU,"Cruise - From ""Fifty Shades Darker (Original Motion Picture Soundtrack)""",Fifty Shades Darker (Original Motion Picture Soundtrack),latin,Kygo,224333
05qPqSapbaCzJAdX681R9A,Make Me Feel Better - Klingande Remix,Make Me Feel Better (Remixes),latin,Alex Adair,265238
6s5smacBOoWoI08Vi6EX5T,Breathe,Breathe,latin,Seeb,240272
1D3ODoXHBLpdxolZRHWV1j,By Your Side,By Your Side,latin,Jonas Blue,201254
7aV2mflaASUmGhCErm7kBO,The Mack,The Mack,latin,Nevada,167038
2sTe3y5xjQvVb9tDTVaI35,Rise Up,Rise Up,latin,Thomas Jack,181748
2FfyiTnl5OPa1hYdCWZGdG,What About The Love,What About The Love,latin,Sam Feldt,191266
78mNkiUBAwHqjT0QOeEqqg,Oceans Away - Sam Feldt Remix,Oceans Away (Sam Feldt Remix),latin,A R I Z O N A,171109
5hz9DEkahyWoTs3rxJOTtw,Bonfire,Bonfire,latin,Felix Jaehn,183003
203t5YqpCFmIdxj8hIotxo,Fantasy - Felix Jaehn Remix,Ultra Summer 2 (The Best In Deep and Tropical House),latin,Alina Baraz,194641
3qaYuV5XZAwiOvGE91HhwS,Inside the Lines (feat. Casso),Inside the Lines (feat. Casso),latin,Mike Perry,204504
40TogYyqoENkImGSObxjyb,Surviving (feat. Joe Cleere),Surviving (feat. Joe Cleere),latin,Sondr,213223
2CPqh63wRVscbceKcPxwvv,The Ocean (feat. Shy Martin),The Ocean (feat. Shy Martin),latin,Mike Perry,183414
2xlCyb1ZfFad6np6zx4hhw,Desire - Gryffin Remix,Desire (Gryffin Remix),latin,Years & Years,268840
4qH3RkbFgzxYyXUD8YC8kr,Capsize,Capsize,latin,FRENSHIP,237581
2H8LPaY3NSjmOFMH2Rygnz,Running Out,Running Out,latin,Matoma,211200
0nPj7f507HUBm8BCBbv8on,Daydream,Daydream,latin,Broiler,236853
2K06amHdw8ZPWI75Xvo9Ij,Runaways,Runaways,latin,Sam Feldt,180402
7zTvQp4PtrffInC7SeYp8y,Holding On To You feat. Savoi - Halogen Remix,Holding On To You [REMIXES],latin,Two Can,217635
2FfH72VskV7KXasFtOWJs7,Won't Come Home,Won't Come Home,latin,Mennska,303619
1gEK5unpcVyBc90uJRBtY6,Miracle,Miracle,latin,Julian Perretta,161853
0OfZ9imMwFU03zc2wl8pBt,How Hard I Try (feat. James Hersey),Dawn EP,latin,filous,198000
5eT5eYhcRfx9cjiflxZh8o,Give Me Your Love,Give Me Your Love,latin,Sigala,209014
2ClIt2OnPCV2gV3dZQxyBz,Young Like Us,Young Like Us,latin,Frans,211372
2VYiQ9ijG3NER2aevaxzDi,How To Love (feat. Sofia Reyes),How To Love (feat. Sofia Reyes),latin,Cash Cash,219240
6v9sCNj1KY3wblGJAohxX2,Blue Sky,Blue Sky (ft. Laleh),latin,CAZZETTE,201290
4nYKI0JqkWfr1YbmH4ADEM,Higher Love,Higher Love,latin,State of Sound,244208
7uJz1nHWR8TScmdnEhI8p4,Waves,Waves,latin,Perttu,199286
5Sf3GyLEAzJXxZ5mbCPXTu,Waves - Robin Schulz Radio Edit,Waves (Robin Schulz Radio Edit),latin,Mr. Probz,208133
1YXq6U6yY6aQ5dkndki7KC,Fed Up,Fed Up,latin,LVNDSCAPE,230000
0ziRV8KI48IxSP0E5P9Dh5,Smile - The Magician Remix,Smile (The Magician Remix),latin,Gorgon City,274793
01Bw3xiZ5PQfn0btMWICaQ,Beautiful Life,Beautiful Life,latin,Lost Frequencies,161464
1w5sLDYzYAGI0AkLc6FPlO,Is This Love - Remix,Is This Love (Remix),latin,Bob Marley & The Wailers,199656
6s3GEN8wK0OMzzzZbXj0fu,Hymn for the Weekend - Seeb Remix,Hymn for the Weekend (Seeb Remix),latin,Coldplay,212647
7gZQfdEQpmwAoPHSbEHzms,False Alarm,False Alarm,latin,Matoma,224272
6ksRossV4vKsXntCCZbhaM,Show Me Love,Show Me Love,latin,Sam Feldt,181867
5uZlU3v9fq5ILATfqHvVwK,Try Again,Try Again,latin,Campsite Dream,194214
7DghkiXPUCoMMKhWIboyU9,Nervous (The Ooh Song) - Mark McCabe Remix,Nervous (The Ooh Song) [Mark McCabe Remix],latin,Gavin James,195414
3NBDgwEAGMj0aKRsU8zoO9,Rivers,Rivers,latin,Thomas Jack,207833
1CUVN2kn7mW5FjkqXTR2W1,Perfect Strangers,Perfect Strangers,latin,Jonas Blue,196613
5wLsOFWBXXyoAgX7qQ6wbo,Sex (Cheat Codes X Kris Kross Amsterdam),Sex (Cheat Codes X Kris Kross Amsterdam),latin,Cheat Codes,228361
5g3W328MEzEqIw4yUq6Nx7,Dreamreacher (feat. Dumang),Dreamreacher (feat. Dumang),latin,Bakermat,170147
0h4FK0CnlZ3oJnZ6quEk1P,What Do You Love,What Do You Love,latin,Seeb,211875
6oJ6le65B3SEqPwMRNXWjY,Higher Love,Higher Love,latin,Kygo,228267
1J2EmhjTmHQxLShYQK7Xti,Forever Young,Forever Young,latin,UNDRESSD,201766
5WeryDMDd3BtnIIPthC7Gz,Memories,Memories,latin,Zita,185510
5ow0sNF1zSqp71Ix5jEXWU,Dancing in the Moonlight,Dancing in the Moonlight,latin,Jubel,164010
30cW9fD87IgbYFl8o0lUze,Perfect (feat. Haris),Perfect (feat. Haris),latin,Lucas & Steve,176517
5DVrMqMgai3f6XY5KUWkky,Mine [Revelries Remix],Mine [Remixes],latin,Mark Mendy,172364
4zLSkwZaiMfzzapPCbdG90,Gimme! Gimme! Gimme!,Gimme! Gimme! Gimme!,latin,GAMPER & DADONI,187069
1Xq4fBayQtSJlcYZsPDY4C,Dancin - Krono Remix,Dancin (Krono Remix),latin,Aaron Smith,176133
1Df5NAhInalMVZzqWnZ532,California Dreamin',California Dreamin',latin,farfetch'd,192876
6sYJuVcEu4gFHmeTLdHzRz,Bittersweet Symphony (feat. Emily Roberts),Bittersweet Symphony (feat. Emily Roberts),latin,GAMPER & DADONI,194618
4GLqrUBRMEvsNWDw3Wari1,We Are Young,We Are Young,latin,Saco,166750
3TLzNuGRtUjv7uljs9axY6,Ain't No Sunshine,Ain't No Sunshine,latin,Max Oazo,197288
1w3On9LuXt6VipJjV4Pqkz,Here With Me,Here With Me,latin,Mada,216667
164C9bSF4ryqWXI4XgxTE0,Replay,Replay,latin,Davai,202520
4GdWGOxhYaI9RBKWXMFFdd,Forget Me Nots,Forget Me Nots,latin,Saxity,198048
6nlXWOyoCPLXXWaklOyQcb,Issues - Alan Walker Remix,Issues (Alan Walker Remix),latin,Julia Michaels,181000
2u0oTsc6XcvJTh24ynQ1Ao,All Star,All Star,latin,Mike Perry,151278
0TrIO6sENZNH0yYGhNyLdK,One Thing Right - Koni Remix,One Thing Right (Remixes Pt. 2),latin,Marshmello,148986
1s4fSOz0TQWTb7TF9zzzut,Moi Lolita (feat. OT),Moi Lolita (feat. OT),latin,Palm Trees,174194
2B3Nh0TkaanaWE91rwYuCY,Rolling Stone (John Skyfield & ConKi Remix),Rolling Stone (John Skyfield & ConKi Remix),latin,East Love,200394
25Gcp7crmmuOxChMgyn1F3,Another Day in Paradise,Another Day in Paradise,latin,KALUMA,248193
0y3elN0Dm4b0bYQEQgTatE,Dance Monkey,Dance Monkey,latin,Yann Muller,161346
4rDSyP8usrXMIIrKSRiYeV,Fuck I'm Lonely,Fuck I'm Lonely,latin,Lone Tusker,183284
0jGxutnB4wwApPhbcvCJXG,Senorita,Senorita,latin,Zita,180000
1mKNyZCNDueEASgBgZuLdA,Ooh Girl (feat. A Boogie Wit da Hoodie),Ooh Girl (feat. A Boogie Wit da Hoodie),latin,Kris Kross Amsterdam,168201
5yaKUbg0audYFIJbAuE49j,Made of Bones (Nightcall Remix),Made of Bones (Nightcall Remix),latin,James Quick,182439
5FoYSQF0IaVwS6M9mlk6C4,Nervous - The Ooh Song: Mark McCabe Remix,Nervous (The Ooh Song: Mark McCabe Remix),latin,Gavin James,195195
4TkFNGOR1CFxSNku68JsqA,Happier,Happier,latin,Koni,218058
63VdY9XtqKvfgwYKHLUFJd,Put Your Records On,Put Your Records On,latin,Aslove,153621
3xq3EhulVamWqQD0TW7wok,San Francisco,San Francisco,latin,Yann Muller,235161
12yuRA3QEtQzp5LNcxjWCn,Escape (The Piña Colada Song),Escape (The Piña Colada Song),latin,Crystal Rock,206400
2y9mJxMvj0Esoy8m7HpiYd,Hey There Delilah,Hey There Delilah,latin,Manuel Costa,234087
43MBa6HQj2PhJNmF1eYxrc,It Will Feel,It Will Feel,latin,Saco,194359
5afHIkEcVhCF1Z1CTqMUXB,Ain't Nobody (Loves Me Better),Ain't Nobody (Loves Me Better),latin,Felix Jaehn,186147
7uH20mELeQelsiMNCh78gD,Easy Love - Original Mix,Easy Love,latin,Sigala,227709
2QTp2o96FG61yVAxZTHqSV,Casanova,Casanova,latin,Palm Trees,219787
2bCGBbvqohNvKIYFmiLRmp,Expectations,Expectations,latin,Glaceo,176609
5REoTLUGvmKUMVdKwKboUn,Waiting for You,Waiting for You,latin,Iceleak,185143
3oJYe7NI7juu1HIGyyvwec,La Isla Bonita,La Isla Bonita,latin,Hr. Troels,206389
7s1upm7yr7ZjrzXMwHawtG,Sexual Healing - Kygo Remix,Sexual Healing (Kygo Remix),latin,Marvin Gaye,368317
0d0ejCZz2r6XHN2dL90rdu,Into the Sea,Into the Sea,latin,Wave Wave,186885
133G9W0ZHEi5TfZTWTYXGP,I Don't Know Why - Danny Avila Remix,I Don't Know Why,latin,Gavin James,209491
2A17f6I4fh6GqYX0J8noGr,Galway Girl - Martin Jensen Remix,Galway Girl (Martin Jensen Remix),latin,Ed Sheeran,196044
5bXCZjkbFwB6TSOtWGTpUW,Last Goodbye,Last Goodbye,latin,Wave Wave,164870
6EovA9s2HEmYUzRtPMJOgA,One Call Away - KLYMVX Remix,One Call Away (KLYMVX Remix),latin,Charlie Puth,221442
5fOXcRHJkeNGHWxSw3zGJO,Sunshine Reggae,Sunshine Reggae,latin,Ian Storm,207115
1EkfLPVfNN7ycOpCattXKK,Bridge over Troubled Water - Radio Edit,Bridge over Troubled Water (Radio Edit),latin,Roberto Bates,182000
4jN3Z0zMgEZN0EaVVOU8xG,Better Than This,Better Than This,latin,REZarin,171259
7bCka65kiFIPTW4PUyisel,Over My Shoulder,Over My Shoulder,latin,Marc Kiss,220364
1raJLuHKTmc3au4fC2pmRm,Tempted To Touch (feat. Rupee),Tempted To Touch (feat. Rupee),latin,Zaeden,189444
6N4LFje2fcnWdQVpHjiA26,Higher,Higher,latin,Axero,164732
4GRYjEZJFqpkhsfEFcT9zl,Praise You,Praise You,latin,GAMPER & DADONI,176923
0E6xTGpajvolhW2q5PhPP7,We Got The World,We Got The World,latin,Charleon,185156
3AwjLdGpOybsErzSqLBF9w,Summer Jam - Blondee & Roberto Mozza Extended Remix,Summer Jam (Blondee & Roberto Mozza Remix),latin,The Underdog Project,300488
2wOVXsIRIoniqipE9I5ZVx,Only Want You - Sam Feldt Remix,Only Want You (Sam Feldt Remix),latin,Rita Ora,179151
1Bt0UAApn7Oxdam3lQs1vo,Feel It Still,Feel It Still,latin,Revelries,222591
0cbn4t2YnyPtXqgCpS4rWQ,I Heard It Through The Grapevine,I Heard It Through The Grapevine,latin,Saxity,195484
0DKen77OXbPxnoPwH2MH63,Back In Your Heart,Back In Your Heart,latin,Junior J,172000
4lY8mRBZkiDCY8F1r0t3Za,Since We Met,Since We Met,latin,MVCA,189141
3RKkNFJuw2UzK1RvnPch9S,Every Breath You Take,Every Breath You Take,latin,Camishe,212500
4sx5kcyZVyRd1okZAJQ7jX,Shotgun (Panski Remix),Shotgun (Panski Remix),latin,Sander W.,170323
1W0gLe8StD9A5FXESAGltt,You & I [Henri Purnell Remix],You & I [Remixes],latin,Nexeri,208523
3L0Dg5V8V4XLugW7PXhKdk,Attention - Tropical House Mix,Attention (Tropical House Mix),latin,Boonz,194403
0z8yrlXSjnI29Rv30RssNI,Shots - Broiler Remix,Smoke + Mirrors (Deluxe),latin,Imagine Dragons,190999
54h1KZNoKk1Fx9bqUq7Yp6,Savannah,Savannah,latin,FAULHABER,183480
4jsCM2UzMuRcf7Zu6TniBn,Save Tonight,Sunrise,latin,Sam Feldt,165645
34zDUyiDm5X7ncq2EGnpSZ,Never Alone,Never Alone,latin,Keys & Copper,169741
3I5Xmqmng3glL1DtRYb4pD,Sucker,Sucker,latin,Lone Tusker,172877
0jmTp8jaCOm78zrdzdvmaq,Photograph - Felix Jaehn Remix,I,latin,Ed Sheeran,201911
3xVEjNHCqpQ7EW59TMHGOW,I Don't Care,I Don't Care,latin,Zita,201818
1cWepLwVVDgyqxso6G4TQU,Thinking out Loud - Alex Adair Remix,Thinking Out Loud (Alex Adair Remix),latin,Ed Sheeran,182185
1iTKkkgXj8kJkGdjGGBFqL,Two Princes - Radio Mix,Two Princes (Radio Mix),latin,Fake Pictures,181000
58ENoZ4jRR0tnHPagOwYqk,We Don't Talk Anymore - Attom Remix,We Don't Talk Anymore (Attom Remix),latin,Charlie Puth,218400
27NV2KxoQ8WuLMqlTDI61F,Often - Kygo Remix,Often (Kygo Remix),latin,The Weeknd,234400
6Rvj9TmRsHXU8W2fVz871t,Ain't No Mountain High Enough,Ain't No Mountain High Enough,latin,Freischwimmer,168696
4y0wgwic6vFqUBN6Y1mkDR,California Dreamin',California Dreamin',latin,Yann Muller,245085
2jfCy43LsFbCQoB6HyetlY,Let Me Love You,Let Me Love You,latin,SJUR,208887
7HbwANSdBmfQYCBvBZgvqJ,Crush,Crush,latin,Campsite Dream,211788
2EHu09nPab1dk0jySbkjEr,Bailando - Matoma Remix,Bailando (Remixes),latin,Enrique Iglesias,322395
4AMY0oGSt7vZwgxDnHCJBr,True Colors (feat. Maya Avedis),True Colors (feat. Maya Avedis),latin,XO Cupid,184020
2CIzijl6ok4bxdROewGbTO,Wonderwall (feat. Emelie Cyréus),Chad's,latin,Chad Cooper,187513
39vjhX8dLrfFqcRaZLZjTD,Runaway Life - Henri Purnell Remix,Runaway Life (Remixes),latin,Lu & Sowlmate,207285
5UHuuQGEgMbZrYnHjQG9ny,Take on Me - Kygo Remix,Take on Me (Kygo Remix),latin,a-ha,226667
4o68Jw0pYx8zFDwEgIGLDM,Freak Like Me (feat. Melody Thornton),Freak Like Me (feat. Melody Thornton),latin,Harrison,200294
3LHY5vSKZzxLy3Cog0aG5B,Cold Water (feat. Justin Bieber & MØ) - Lost Frequencies Remix,Cold Water (feat. Justin Bieber & MØ) [Remixes],latin,Major Lazer,236304
2ZQiI8jYatiYH1Kmidmi6w,No Lie - Sam Feldt Remix,No Lie (Remixes),latin,Sean Paul,172540
5a1NxBGa9dwgdvKglynrfH,Home to Your Love,Home to Your Love,latin,Maloma,197561
5j2zA6PmOe8JSz5T2zbnNZ,Lemon Tree - Radio Edit,"Finest Club Hits0",latin,Pesho,185677
2h52enO5BO7P2DVi1mhx0h,Believe,Believe,latin,ROOKIES,216000
0CPOpfnSiGwlyLZz2oTQGX,Kiss Me,Kiss Me,latin,Robert Falcon,172628
6rGWg9KZTJPP8TIQegYkzD,Tired,Tired,latin,Henri Purnell,180000
65Pt6tIzWyovMiWAAQPf37,Animals - Gryffin Remix,Animals (Gryffin Remix),latin,Maroon 5,319160
4oxGB15UDg8WhpZRXjS8XE,Teardrops,Teardrops,latin,Tainted Youth,169044
27kFufUQeqOUL3pZXw3O8J,Lovefool,Lovefool,latin,Robin Knaak,175026
0qc4QlcCxVTGyShurEv1UU,Post Malone (feat. RANI),Magnets EP,latin,Sam Feldt,174444
4sQpNNOOXtef5Hby4caOr4,"Money Power","Money Power",latin,Silky Signs,188852
1CwLl4IIMSeEtwsyZ6fdzh,Hit and Run,Hit and Run,latin,Goldbird,150000
4x6GWKDxTZZdzzvxD42kjH,Like Lovers Do,Like Lovers Do,latin,NLSN,154909
2KZ0nTA3FFMUj2TxxlkLTM,The Sun,The Sun,latin,Meynberg,178448
2tKIHrHyuaA05qDKwuEdWJ,Sunrise,Sunrise,latin,On June,192414
6egZs0Mbe0ItRMU0uEYM7Z,Sunset Under Palms,Sunset Under Palms,latin,Sole Sole,186667
5Y8tRPmMejeSw2B807Rl0j,Capsized,Capsized,latin,James Carter,178825
7bM6h8USoeXIduUKqv3LgK,Meet You There,Meet You There,latin,Max Lean,157164
