6f807x0ima9a1j3VPbc7VN,I Don't Care (with Justin Bieber) - Loud Luxury Remix,I Don't Care (with Justin Bieber) [Loud Luxury Remix],pop,Ed Sheeran,194754
0r7CVbZTWZgbTCYdfa2P31,Memories - Dillon Francis Remix,Memories (Dillon Francis Remix),pop,Maroon 5,162600
1z1Hg7Vb0AhHDiEmnDE79l,All the Time - Don Diablo Remix,All the Time (Don Diablo Remix),pop,Zara Larsson,176616
75FpbthrwQmzHlBJLuGdC7,Call You Mine - Keanu Silva Remix,Call You Mine - The Remixes,pop,The Chainsmokers,169093
1e8PAfcKUYoKkxPhrHqw4x,Someone You Loved - Future Humans Remix,Someone You Loved (Future Humans Remix),pop,Lewis Capaldi,189052
7fvUMiyapMsRRxr07cU8Ef,Beautiful People (feat. Khalid) - Jack Wins Remix,Beautiful People (feat. Khalid) [Jack Wins Remix],pop,Ed Sheeran,163049
2OAylPUDDfwRGfe0lYqlCQ,Never Really Over - R3HAB Remix,Never Really Over (R3HAB Remix),pop,Katy Perry,187675
6b1RNvAcJjQH73eZO4BLAB,Post Malone (feat. RANI) - GATTÜSO Remix,Post Malone (feat. RANI) [GATTÜSO Remix],pop,Sam Feldt,207619
7bF6tCO3gFb8INrEDcjNT5,Tough Love - Tiesto Remix / Radio Edit,Tough Love (Tiesto Remix),pop,Avicii,193187
1IXGILkPm0tOCNeq00kCPa,If I Can't Have You - Gryffin Remix,If I Can't Have You (Gryffin Remix),pop,Shawn Mendes,253040
3eFJI470ALf1EYjywPRsJy,Cross Me (feat. Chance the Rapper & PnB Rock) - M-22 Remix,Cross Me (feat. Chance the Rapper & PnB Rock) [M-22 Remix],pop,Ed Sheeran,207894
3iJeF2izF1QcpCgUc97BLl,Hate Me - R3HAB Remix,Hate Me (R3HAB Remix),pop,Ellie Goulding,203733
6e0CvGZf7CouOpYF8toXHC,Body On My,Body On My,pop,Loud Luxury,192507
3eLdNmnRWr9gIyBcqTSSti,SOS - Laidback Luke Tribute Remix / Radio Edit,SOS (Laidback Luke Tribute Remix),pop,Avicii,164516
55nMnifaQWKe3f9cbwOXwx,Summer Days (feat. Macklemore & Patrick Stump of Fall Out Boy) - Tiesto Remix,Summer Days (feat. Macklemore & Patrick Stump of Fall Out Boy) [Remixes],pop,Martin Garrix,255238
1EJgymgJHcjSOGSHcYaxvW,South of the Border (feat. Camila Cabello & Cardi B) - Andy Jarvis Remix,South of the Border (feat. Camila Cabello & Cardi B) [Andy Jarvis Remix],pop,Ed Sheeran,188230
5WaXMQMlQpq8pwIdaFP43L,All My Friends - Eden Prince Remix,All My Friends (Eden Prince Remix),pop,AJ Mitchell,173548
3TjLsDgL0bTbSQIF6M5Ki8,Say My Name (feat. Bebe Rexha & J Balvin) - Lucas & Steve Remix,Say My Name (feat. Bebe Rexha & J Balvin) [Lucas & Steve Remix],pop,David Guetta,189375
0GfS3y8Jd7SHWd9R51s7Fo,Dancing With A Stranger (With Normani) - Cheat Codes Remix,Dancing With A Stranger (With Normani) [Cheat Codes Remix],pop,Sam Smith,159404
2v3DuCVBbopteJqdM7aKQK,Let It Be Me - Sondr Remix,Let It Be Me (Remixes),pop,Steve Aoki,185366
4QAUGy6k7c3IOAhgWz52r7,Heaven - David Guetta & MORTEN Remix,Heaven (David Guetta & MORTEN Remix),pop,Avicii,215238
3Ciaf6WgvG95TGRGxQ1yO8,All Around The World (La La La) - Marnik Remix,All Around The World (La La La) [Marnik Remix],pop,R3HAB,170667
1mC2UjWt25Oixtqu7C6suL,Don't Leave Me Alone (feat. Anne-Marie) - EDX's Indian Summer Remix,Don't Leave Me Alone (feat. Anne-Marie) [EDX's Indian Summer Remix],pop,David Guetta,210968
2wenGTypSYHXl1sN1pNC7X,Slow Dance (feat. Ava Max) - Sam Feldt Remix,Slow Dance (feat. Ava Max) [Sam Feldt Remix],pop,AJ Mitchell,193548
4sqABRRGU7CzcHXCyxUzFw,Do You Mean (feat. Ty Dolla $ign & bülow) - Myon Remix,Do You Mean - The Remixes (feat. Ty Dolla $ign & bülow),pop,The Chainsmokers,205093
5dy3WUywjZcalTno1io8TQ,Hold Me While You Wait - Steve Void Remix,Hold Me While You Wait (Steve Void Remix),pop,Lewis Capaldi,172800
2M9GeaCQXrV12J0wzBxIwi,One Thing Right - Firebeatz Remix,One Thing Right (Remixes),pop,Marshmello,192381
1zzOMDmkRZy0g9f4JTAZKn,Close To Me (with Diplo) (feat. Swae Lee) - CID Remix,Close To Me (Remixes),pop,Ellie Goulding,175000
4OFFY6L5ywYM1TwhXX69wQ,So Am I - Toby Green Remix,So Am I (Toby Green Remix),pop,Ava Max,166875
1hr5Y2i4NlE3LPvQZ9Q5Ao,When You Leave - Breathe Carolina Remix,When You Leave (Breathe Carolina Remix),pop,Nikki Vianna,155080
1aT7vltGhkjyMI3F3aO3A4,Mother - Fedde Le Grand Remix,Mother (Fedde Le Grand Remix),pop,Charlie Puth,178125
4YaU1EjXIkdRdkOI4cCZys,Signs - Eden Prince Remix,Signs (Eden Prince Remix),pop,Starley,172000
0Fc9QSMX6fgEBgDjUax7t7,Ruin My Life - Steve James Remix,Ruin My Life (Remixes),pop,Zara Larsson,177097
7AasLZ4TYgh7dbJXZxcZVE,Torn - KREAM Remix,Torn (KREAM Remix),pop,Ava Max,169935
7p4jpmyBnOpqQ3rSGJzZ7w,Quite Miss Home - Steve Void Remix,Quite Miss Home (Steve Void Remix),pop,James Arthur,220413
4sLtguRBis05qfsBgJ1IdN,Love Me Less (feat. Quinn XCII) - Party Pupils Remix,Love Me Less (Remixes),pop,MAX,185273
508lUjbGcPrL0CfvHC7UvI,Happier - Matt Medved Remix,Happier (Remixes Pt. 2),pop,Marshmello,170164
7FDaS1k08rwMoAThmzUkOZ,Side Effects - Fedde Le Grand Remix,Side Effects - Remixes,pop,The Chainsmokers,172360
6m8SIT10j41SPpPFOknTmP,Good Things Fall Apart (with Jon Bellion) [Tiesto's Big Room Remix],Good Things Fall Apart (with Jon Bellion) [Tiesto's Big Room Remix],pop,ILLENIUM,247385
5Vwgf4MVO0vLv8fbxaGGiW,Paradise - Bazzi vs. Black Caviar Remix,Paradise (Bazzi vs. Black Caviar Remix),pop,Bazzi vs.,218015
5scxjvcdozadBoRRN0UMaM,White Mercedes - EDX's Miami Sunset Remix,White Mercedes (EDX's Miami Sunset Remix),pop,Charli XCX,200444
6oJ6le65B3SEqPwMRNXWjY,Higher Love,Higher Love,pop,Kygo,228267
2tilX6FUl0IwFgiOYjuc6V,Unlove You,Unlove You,pop,Armin van Buuren,150160
3yNZ5r3LKfdmjoS3gkhUCT,bad guy (with Justin Bieber),bad guy (with Justin Bieber),pop,Billie Eilish,194840
478QYNLw6dhTTx4oEkhBeq,Freaking Me Out - Keanu Silva Remix,Freaking Me Out (Keanu Silva Remix),pop,Ava Max,177466
3C4fzUgIP3ahkhOBdP38GM,Heaven Can Wait - The Aston Shuffle Remix,Heaven Can Wait (The Aston Shuffle Remix),pop,Sia,218373
2k4c9ZAlIYHyXiJ4i20FO7,When It Comes To You - Benny Benassi & BB Team Remix,When It Comes To You (Remixes),pop,Sean Paul,144073
79zGYOcAe2VmJsyQiJX31a,Gone - The Wild Remix,Gone (The Wild Remix),pop,Charli XCX,193861
6B2NRQjtSOtqi67d72r5cx,American Boy - Brooks Remix,American Boy (Brooks Remix),pop,Estelle,200625
08rBIlTMXlF5uEHobZglxv,Million Pieces - M-22 Remix,Million Pieces (M-22 Remix),pop,Bastille,166237
1BmdqDrBU5eohtRwHBls6C,joy. (R3HAB Remix),joy. (R3HAB Remix),pop,for KING & COUNTRY,171500
5rxKInBVj0QE87KenyDiLf,Crash Into Me - Settle Down Steavis Aoki Remix,Crash Into Me (Settle Down Steavis Aoki Remix),pop,Steve Aoki,266719
3kgKVcBpBGuSeaEC0AZGlb,Old Town Road - Diplo Remix,Old Town Road (Diplo Remix),pop,Lil Nas X,204027
5qCrT9lVmIGxqB8i6bb83P,Lovers + Strangers - GATTÜSO Remix,Lovers + Strangers (GATTÜSO Remix),pop,Starley,203968
3Lv3frZVXU7Q0JEFvLIzWW,Promises (with Sam Smith) - David Guetta Remix,Promises (with Sam Smith) [Remixes],pop,Calvin Harris,190417
2bZYJvVRN5EqIvAUFhUNls,Flames (with ZAYN) - R3HAB & Skytech VIP Remix,Flames (with ZAYN) (R3HAB & Skytech VIP Remix),pop,R3HAB,237686
3utdq3dPLVD4r7Vv9BnCAI,What Am I - SONDR Remix,What Am I (SONDR Remix),pop,Why Don't We,180361
1ppOGANOzMT01Cxh9jx4hN,Cool Kids,Cool Kids,pop,Olympis,139048
5Shjuje8PRcX7ueEVajrLH,Loco Contigo (with J. Balvin & Tyga) - Cedric Gervais Remix,Loco Contigo (with J. Balvin & Tyga) [Cedric Gervais Remix],pop,DJ Snake,279800
6wKJjrWWP4qpzYbE8oQkc4,All Star - Breathe Carolina Remix,All Star (Breathe Carolina Remix),pop,Smash Mouth,217043
6EDH26ppl7R8oV4tGilCkS,Trampoline - Dave Audé Remix,Melt (Deluxe),pop,SHAED,230476
4RaN7556EogBfF80klMEX2,Stay (Don't Go Away) [feat. Raye] - Mark Knight Remix,Stay (Don't Go Away) [feat. Raye] [Mark Knight Remix],pop,David Guetta,188640
1nwoWaqzB30bD4IPqRNuex,With You - Dexter Remix,With You - The Remixes,pop,Kaskade,196613
4fDBElPGDqZQ3rJorZTm2w,Safety (feat. DJ Snake) - Dark Heart 2am Mix,Safety (The Dark Heart Remixes) (feat. DJ Snake),pop,GASHI,210000
6AZ21kPj2a0INgf3uCviVu,Beautiful (feat. Camila Cabello) - Bazzi vs. EDX's Ibiza Sunrise Remix,Beautiful (feat. Camila Cabello) [Bazzi vs. EDX's Ibiza Sunrise Remix],pop,Bazzi vs.,187869
3uXHSf9sSIpOJWuC1H8DiU,Talk - Disclosure VIP,Talk (Disclosure VIP),pop,Khalid,273229
4Q9iBGT9b9CVTtDwsgQWnl,Spicy - Majestic Remix,Spicy (with Diplo & Charli XCX) [Remixes],pop,Herve Pagez,255861
6LCsZ8ARrIq0n9nr6gM2ru,Don't Leave Me Lonely (feat. Yebba) - Claptone Remix,Don't Leave Me Lonely (feat. Yebba) [Claptone Remix],pop,Mark Ronson,216714
27F9FlipD657qYRQT3qxFm,Treehouse - R3HAB Remix,Treehouse (R3HAB Remix),pop,James Arthur,192653
6B9cqNooxIyPfr3P5EB8LA,Hearts Ain't Gonna Lie - Eden Prince Remix,"Hearts Ain't Gonna Lie (Remixes Pt. 1)",pop,Arlissa,238451
05CwHjIk71RXVU40boRMnR,Call You Mine,World War Joy,pop,The Chainsmokers,217653
0qc4QlcCxVTGyShurEv1UU,Post Malone (feat. RANI),Magnets EP,pop,Sam Feldt,174444
5icOoE6VgqFKohjWWNp0Ac,Here With Me,Here With Me,pop,Marshmello,156347
6GIRtKNXokeu25nn7U6Hu8,Easier - Seeb Remix,Easier (Seeb Remix),pop,5 Seconds of Summer,165767
4PkIDTPGedm0enzdvilLNd,Sixteen,Sixteen,pop,Ellie Goulding,201072
5PYQUBXc7NYeI1obMKSJK0,Never Really Over,Never Really Over,pop,Katy Perry,223523
4Gcv5SsxnQWpmOnUI19EJk,All You Need To Know (feat. Calle Lehmann),All You Need To Know (feat. Calle Lehmann),pop,Gryffin,238459
5YkmS18BehACOhIIeUqe6l,I Miss Myself (with HRVY),I Miss Myself (with HRVY),pop,NOTD,191612
3vQhEd4lOg4mAV6CHCgoHW,South of the Border (feat. Camila Cabello & Cardi B) - Sam Feldt Remix,South of the Border (feat. Camila Cabello & Cardi B) [Sam Feldt Remix],pop,Ed Sheeran,173455
6wo37KVqFJhtuxPTpLCcfe,Takeaway (feat. Lennon Stella),World War Joy...Takeaway,pop,The Chainsmokers,209893
3OTSBoYKO7HzGVj8Bu2OH9,All the Time,All the Time,pop,Zara Larsson,228112
4NSW0Km5ZG60L8FthUebPJ,What I Like About You (feat. Theresa Rex),What I Like About You (feat. Theresa Rex),pop,Jonas Blue,220396
1xK7enJZVdv37fnnxoZlPq,With You,With You,pop,Kaskade,180840
1z1XegUChLLQfcbtIK8ABn,Body Back (feat. Maia Wright),Body Back (feat. Maia Wright),pop,Gryffin,214634
6aoGtdWXBkYQ2O2wnyIz2x,Not Ok,Not Ok,pop,Kygo,210944
5tAa8Uaqr4VvA3693mbIhU,Ruin My Life,Ruin My Life,pop,Zara Larsson,190932
18W92Zm1KjLCbUIszOhpkD,I Wanna Know (feat. Bea Miller),I Wanna Know (feat. Bea Miller),pop,NOTD,197939
3D37T7euWvVJ45evRmriIh,Better With You,Better With You,pop,3LAU,192941
3y3brCCecHC3Db18aIOnny,"Carry On (from the Original Motion Picture ""POKÉMON Detective Pikachu"")","Carry On (from the Original Motion Picture ""POKÉMON Detective Pikachu"")",pop,Kygo,215316
6XqvFyJGdUD5IWee02ARKU,Polaroid,Blue,pop,Jonas Blue,193377
575NJxNUVDqwJGdzBrlLbv,Lost In Japan - Remix,Lost In Japan (Remix),pop,Shawn Mendes,201253
70YPzqSEwJvAIQ6nMs1cjY,In Your Arms (with X Ambassadors),ASCEND,pop,ILLENIUM,220730
7Ht0v0LWBCOEjmNQ0iMpNr,I'm Not Alright,I'm Not Alright,pop,Loud Luxury,185062
6nDKrPlXdpomGBgAlO7UdP,SOS,SOS,pop,Avicii,157202
2b1BwUGGyKq0CoJd8G1B6M,Harder,Snacks,pop,Jax Jones,159753
09IStsImFySgyp0pIQdqAc,The Middle,The Middle,pop,Zedd,184732
1lGVyEkGHUz7Pg78QGaS4a,Wanted,Wanted,pop,NOTD,160998
6ksMjdec8b6C45TUawkAdu,Crash Into Me,Crash Into Me,pop,Steve Aoki,226093
1vsQb8n0icvMsFnL9663LM,Need Your Love (with Noah Kahan),Gravity,pop,Gryffin,205787
6pooRNiLyYpxZeIA5kJ5EX,Good Things Fall Apart (with Jon Bellion),Good Things Fall Apart (with Jon Bellion),pop,ILLENIUM,216668
5WHTFyqSii0lmT9R21abT8,Don't Call Me Up,Ivy To Roses (Mixtape),pop,Mabel,178480
1pBO9JDqh1y3TbCKEO1OvG,Nostalgic,Nostalgic,pop,A R I Z O N A,182668
1LjxmkW3xRQP2HzswhYyyc,Let It Be Me,Let It Be Me,pop,Steve Aoki,224061
7FCZhkhzEUVNUAlGauNKIe,Lovers + Strangers,Lovers + Strangers,pop,Starley,178501
2JoIjuzRplpYGvvLpSW2on,Sad Song (feat. TINI),Sad Song (feat. TINI),pop,Alesso,154024
4PUWpNtDejQwwa80LjvxXl,Sleepless Nights,In the Shape of a Dream,pop,ayokay,197880
1nufXiTCTTAeJfO9hLHvO8,Save Me Tonight,Save Me Tonight,pop,ARTY,170079
1NDxZ7cFAo481dtYWdrUnR,Pretty Girl - Cheat Codes X CADE Remix,Pretty Girl (Cheat Codes X CADE Remix),pop,Maggie Lindemann,193613
1ahVFh0ViDZr8LvkEVlq3B,No Sleep (feat. Bonn),No Sleep (feat. Bonn),pop,Martin Garrix,207095
0Ev562zA4pmUsBqjxsxxdx,Feel Good (feat. Daya),Feel Good (feat. Daya),pop,Gryffin,248156
5l8AUgBTWuOECwVgYtaUyE,Endless Summer,Endless Summer,pop,Cashae,202072
35MKhw2YBKApmD7fAnPERC,Faith (with Dolly Parton) [feat. Mr. Probz],Faith (with Dolly Parton) [feat. Mr. Probz],pop,Galantis,186805
3Kuu5vASpXK8oRsxOvau6P,Think About You,Think About You,pop,Kygo,208567
7KW3XQV5Or5CF57MYVj5h4,Party For One,Dedicated,pop,Carly Rae Jepsen,184533
3M9Apu4OZfylLTFKvgEtKa,Ritual,Ritual,pop,Tiesto,198996
5N4erncE7kuUccm7zEmwzk,Electricity (with Dua Lipa),Electricity (with Dua Lipa),pop,Silk City,238173
6QcrReLyoun4xrPVsZ5OJE,Lie,Lie,pop,Shallou,215446
1kQhi22kyluRCnIPAXtxEZ,I Found You (with Calvin Harris),FRIENDS KEEP SECRETS,pop,benny blanco,189165
5cE201rNvIkryS8N1dJ5nR,Now That I Found You,Now That I Found You / No Drug Like Me,pop,Carly Rae Jepsen,200318
4AkCyd9Nlbt8JprQq9V6o2,All Comes Back To You,All Comes Back To You,pop,R3HAB,160312
48GmVZwvkoVC5StfMLfNJE,Need U,Need U,pop,DVBBS,219521
01iyINEYgPQ7ThMZuHUsqS,First Love,First Love,pop,Lost Kings,207428
6BwClo5W3VvTzJv8bvZXDD,Something Real,Something Real,pop,Armin van Buuren,179531
108r6pnZHStBIktpyyps9w,TIME,ALESSO MIXTAPE - PROGRESSO VOLUME 1,pop,Alesso,166000
24Hzd4FPhz0HPx9jhM9cap,Something About You (with Rudimental),Distinction EP,pop,Elderbrook,203200
4aTtHoSBB0CuQGA6vXBNyp,Home (feat. Bonn),Home (feat. Bonn),pop,Martin Garrix,239067
0gIZLyF3MWQVcspzrLWYod,Simple (STVW Remix),Simple (STVW Remix),pop,FANNYPACK,147554
6y1UtRcHQU07aUs3oxZ8Yn,Sorry,Sorry,pop,Joel Corry,188640
54z0kLF0skj0Hdb9wCqPJt,Spicy (with Diplo & Charli XCX),Spicy (with Diplo & Charli XCX),pop,Herve Pagez,157159
6mPstbtzhyqKmwefY4eVWD,The Upside (feat. Elle King),The Upside (feat. Elle King) / The Upside / Underground,pop,Lindsey Stirling,228502
6uBhi9gBXWjanegOb2Phh0,Stay,Stay,pop,Zedd,210091
1Pe3Tnahd3nNcKrTvNvNvW,Million Voices,Balance,pop,Armin van Buuren,187150
4w8niZpiMy6qz1mntFA5uM,"Taki Taki (with Selena Gomez Ozuna & Cardi B)","Taki Taki (with Selena Gomez Ozuna & Cardi B)",pop,DJ Snake,212500
7BKLCZ1jbUBVqRi2FVlTVw,Closer (feat. Halsey),Closer (feat. Halsey),pop,The Chainsmokers,244960
2IDHoSlbG0CKH9rhq68wTb,Say My Name (feat. Zyra) - RAC Mix,Say My Name Remixes,pop,ODESZA,243091
60wwxj6Dd9NJlirf84wr2c,Clarity,Clarity,pop,Zedd,271427
6kPJZM97LwdG9QIsT7khp6,Solo (feat. Demi Lovato),Solo (feat. Demi Lovato),pop,Clean Bandit,222653
3ebXMykcMXOcLeJ9xZ17XH,Scared to Be Lonely,Scared to Be Lonely,pop,Martin Garrix,220883
7iNIg7XDEaYECfWD5dJ9Va,Friends (with BloodPop®),Friends (with BloodPop®),pop,Justin Bieber,189467
6cy3ki60hLwimwIje7tALf,RITMO (Bad Boys For Life),RITMO (Bad Boys For Life),pop,The Black Eyed Peas,221714
5N5k9nd479b1xpDZ4usjrg,Promises (with Sam Smith),Promises (with Sam Smith),pop,Calvin Harris,213309
0qaWEvPkts34WF68r8Dzx9,Turn Me On (feat. Vula),Turn Me On (feat. Vula),pop,Riton,208474
6jq6rcOikCZAmjliAgAmfT,Light,Light,pop,San Holo,239853
762UXiwEHYY97VL45sAUPR,2U,2U,pop,David Guetta,194907
6RUKPb4LETWmmr3iAEQktW,Something Just Like This,Memories...Do Not Open,pop,The Chainsmokers,247160
7ef4DlsgrMEH11cDZd32M6,One Kiss (with Dua Lipa),One Kiss (with Dua Lipa),pop,Calvin Harris,214847
3zU9rdflI65tK4dkkNSp77,Heroes (we could be),Forever,pop,Alesso,210013
12GEpg2XOPyqk03JZEZnJs,It Ain't Me (with Selena Gomez),It Ain't Me,pop,Kygo,220781
4kte3OcW800TPvOVgrLLj8,Let Me Love You (Until You Learn To Love Yourself),R.E.D. (Deluxe Edition),pop,Ne-Yo,251627
0lYBSQXN6rCTvUZvg9S0lU,Let Me Love You,Encore,pop,DJ Snake,205947
3vv9phIu6Y1vX3jcqaGz5Z,Roses,Roses,pop,The Chainsmokers,226739
2QtJA4gbwe1AcanB2p21aP,Stay The Night - Featuring Hayley Williams Of Paramore,Clarity (Deluxe),pop,Zedd,217347
1BltsyC5W3SAABdxyrDXwi,Latch,Settle,pop,Disclosure,255632
3tTYxjYYcXFqFXA0AZ1Fav,Flames,7,pop,David Guetta,195000
09CtPGIpYB4BrO8qb1RGsF,Sorry,Purpose (Deluxe),pop,Justin Bieber,200787
0azC730Exh71aQlOt9Zj3y,This Is What You Came For,This Is What You Came For,pop,Calvin Harris,222160
4h8VwCb1MTGoLKueQ1WgbD,Wake Me Up,True,pop,Avicii,247427
0E9ZjEAyAwOXZ7wJC0PD33,In My Mind,In My Mind,pop,Dynoro,184560
0lHAMNU8RGiIObScrsRgmP,Titanium (feat. Sia),Nothing but the Beat 2.0,pop,David Guetta,245040
0n8ob8S72lvznoVfiwz4qL,Where Are Ü Now,Purpose (Deluxe),pop,Skrillex,242520
4r6eNCsrZnQWJzzvFh4nlg,Firework,Teenage Dream,pop,Katy Perry,227893
0GzmMQizDeA2NVMUaZksv0,Mi Gente (feat. Beyoncé),Mi Gente (feat. Beyoncé),pop,J Balvin,209733
1MlAkYV0nbRKWhhfvTt3zc,Don't You Worry Child - Radio Edit,Until Now,pop,Swedish House Mafia,213169
1WkMMavIMc4JZ8cfMmxHkI,"CAN'T STOP THE FEELING! (Original Song from DreamWorks Animation's ""TROLLS"")",TROLLS (Original Motion Picture Soundtrack),pop,Justin Timberlake,237547
7C7yqFTM0ncyJ04GIKrxdV,Anything Could Happen,Halcyon,pop,Ellie Goulding,286322
0WfKDYeUAoLA3vdvLKKWMW,Poker Face,The Fame,pop,Lady Gaga,237200
22mek4IiqubGD9ctzxc69s,How Deep Is Your Love,How Deep Is Your Love,pop,Calvin Harris,212640
61ZM92T2zaXIVsqncThQzC,In Your Eyes (feat. Alida),In Your Eyes (feat. Alida),pop,Robin Schulz,208222
6TnxdnJcZIwCWiCHq5Qds0,Wish You Well (with Sigala),Get To Know,pop,Sigala,206440
2aFAmDBycyEnj3lcS95JMe,With You - LöKii Remix,With You - The Remixes,pop,Kaskade,231480
0Npijoc6ZcUe1devUugKvI,Dive,Dive,pop,Hot Shade,164490
5gwLIRjGFf3hXuHoKEsWLg,No Goodbye,No Goodbye,pop,Paul Kalkbrenner,168547
3d4lc8esnUl7Bx9J9d9oty,Work,Work,pop,MOTi,155238
0U6bQIAh6MCGo1xjbIIx2S,Instagram,Instagram,pop,Dimitri Vegas & Like Mike,184558
3oIVK7arAFuUOCGafPLxSC,Better Off Without You (feat. Shift K3Y),Better Off Without You (feat. Shift K3Y),pop,Becky Hill,198743
2I4jAMEOEUQD5V1byYCqNS,Butterfly,Butterfly,pop,Molella,159194
59QmL8ygKtVfMHmPx3GaBX,All The Love You Got,All The Love You Got,pop,MOTi,165714
5EdYlCWou17k0N1PADLKfO,Call You Mine - Asketa & Natan Chaim Remix,Call You Mine - The Remixes,pop,The Chainsmokers,183653
5MvsfUN0H79C24t3fPepeL,Love Is Not Enough,Love Is Not Enough,pop,GATTÜSO,202500
7CHi4DtfK4heMlQaudCuHK,Lose Control,Lose Control,pop,MEDUZA,168387
1CW7tYkpJ95c7bQkRf6CcK,I Wanna Dance,I Wanna Dance,pop,Jonas Blue,184582
4bSFPMXKYaCoBhzJv276zl,After The Landslide - Club Remix,After The Landslide (Remix),pop,Matt Simons,240000
5AFrctm65wWIqJsjHPPx85,Midnight Hour with Boys Noize & Ty Dolla $ign,Midnight Hour with Boys Noize & Ty Dolla $ign,pop,Skrillex,198839
3DsjHcLYMExprXJECT4QQP,Pon de Replay,Pon de Replay,pop,Ed Marquis,257943
7FjZU7XFs7P9jHI9Z0yRhK,So Close,So Close (feat. Georgia Ku),pop,NOTD,190302
5ijpy4l0nKZPIKHui6SQfE,Look Into My Eyes,Look Into My Eyes,pop,Brando,154654
6j8eH9frh703HaGBaSRS6u,Not in Control,Not in Control,pop,Glaceo,179016
79Vz5MNH7Qe4F7hPKT8tPz,BLUE,BLUE,pop,Tiesto,167859
65mOk4n0tfrMysFXu12ufx,Don't Waste My Time,Don't Waste My Time,pop,Kharfi,154286
4w5Grfxx5Rpup6mo5v6bW0,Beat Of My Heart,Alive And Feeling Fine,pop,Lost Frequencies,183183
3uiQZlSlSDRduWLFBTSEot,Don't Start Now - Kungs Remix,Don't Start Now (Kungs Remix),pop,Dua Lipa,216256
29ikXeGM6kScvhvqfvgiwO,Drunken Truth,The Seed EP,pop,Steve Void,158091
2Eld7kejX6FH9OptVyKQak,Jacques,Jacques,pop,Jax Jones,203227
3BOcWxFUURAomDXRSDFve4,Something Real,Balance,pop,Armin van Buuren,179531
4YhN72dRYL2Z3MsaKyT7rS,Stay (Don't Go Away) [feat. Raye],Stay (Don't Go Away) [feat. Raye],pop,David Guetta,185943
7DQ5CZjAQdhgDgdnSXxJ7Z,Solid Gold,Solid Gold,pop,PNAU,208367
2aXA9aQfrqaOi1Wy3NfSZI,One Life,One Life,pop,Mike Perry,204591
62XCV3AmCMkPa9X5mCim8O,All ‘Bout The Money,All ‘Bout The Money,pop,FAULHABER,169964
5llPdGZJjJFJv9aL6ZaiLY,Never Letting Go,Never Letting Go,pop,Audien,172520
7pWK1kMgHy5lNNiIfuRbkP,Used To Love (with Dean Lewis),Used To Love (with Dean Lewis),pop,Martin Garrix,236765
2W9pBY75aWOV39S73mqqbn,Giulia,Giulia,pop,Prince Paris,153231
1JxQmgCEipmHCUiJS568pE,What Do I Do? - Benny Benassi Remix,What Do I Do? (Benny Benassi Remix),pop,Georgia Ku,167249
6pu5jQqenr37n0z6eBKOh0,Dreams Of You (feat. Rae Morris),Dreams Of You (feat. Rae Morris),pop,Icarus,291785
3RBk0P36O7wCMxF263jRJL,I Will Let You Down (feat. KLARA),I Will Let You Down (feat. KLARA),pop,Madison Mars,182000
4uRx3SdWG2cNVfRNVPwHDS,Carillon (with Achille Lauro),Carillon (with Achille Lauro),pop,Nahaze,242385
3ZRgqoTb7pVO11IxcKGtMo,La Vie - Gabry Ponte Mix,La Vie (Gabry Ponte Mix),pop,DJ Ross,177638
0DhkTGjEaIHaSxTfC14BFm,Lullaby,Lullaby,pop,R3HAB,160184
4nx4h17pRj1ikT0hZecR8z,Say It,Disconnect,pop,Phantoms,204693
1tq4UL9BB7BHuT6eorlX3X,All This Time,All This Time,pop,Deorro,225160
4TIkSdsNSfqpuq6ZYvCjAz,All You Need To Know (feat. Calle Lehmann),Gravity,pop,Gryffin,238338
4P7F3kb2Ze1YleD6lUYwJo,Acordeão,Acordeão,pop,Tiesto,131204
3qeJ84Y6PRS9LtliOuT94Z,My Friend,My Friend,pop,Yves V,170000
7sYAS4CpbV90oSemgaEQat,On & On,On & On,pop,Alok,147027
1CRy08G60mS5jvhB27xMpS,Juliet & Romeo,Juliet & Romeo,pop,Martin Solveig,204514
02itaCXOdC54J0ISjqqFAp,All Around The World (La La La),All Around The World (La La La),pop,R3HAB,147840
52EB2Gk1nkxZmbomJOXUde,Are You Lonely (feat. ISÁK),Are You Lonely (feat. ISÁK),pop,Steve Aoki,157333
4Jwp3yjIQfudmjuctLQlfJ,No More (feat. Brenda Mullen) - Bottai Edit,No More (feat. Brenda Mullen) [Bottai Edit],pop,Alex Gaudino,200640
7N06jo3EnV792VFaG8vuW6,Close Your Eyes,Close Your Eyes,pop,Felix Jaehn,160794
517cAnPxsaxfrkKHHY41wB,Buzzing (with Nevve),Escapism,pop,Audien,225000
3GT2CBmJWIEdCpHiB31WYK,Never Be Alone (feat. Aloe Blacc),Never Be Alone (feat. Aloe Blacc),pop,David Guetta,178671
7fPuWrlpwDcHm5aHCH5D9t,Roses - Imanbek Remix,Roses (Imanbek Remix),pop,SAINt JHN,176219
1rRWFc2p77FYyb67m5YeVO,Insane,Insane,pop,Ofenbach,142230
1LDDUVvutZ3qxvnOrulCBM,Daydreams - Sultan + Shepard Echoes Of Life Remix,Daydreams (Sultan + Shepard Echoes Of Life Remix),pop,ARTY,220205
2wOVXsIRIoniqipE9I5ZVx,Only Want You - Sam Feldt Remix,Only Want You (Sam Feldt Remix),pop,Rita Ora,179151
0byab45cmZntz74RxcASrf,Close To Me (with Diplo) (feat. Swae Lee) - Felix Cartal Remix,Close To Me (Remixes),pop,Ellie Goulding,223533
4ciBIS83LHQpKf4noVKP51,Woke Up Late (feat. Hailee Steinfeld) - Sam Feldt Remix,Woke Up Late (Sam Feldt Remix),pop,Drax Project,196475
19TOAlTFq0NDHvUPQR0tkr,South of the Border (feat. Camila Cabello & Cardi B) - Cheat Codes Remix,South of the Border (feat. Camila Cabello & Cardi B) [Cheat Codes Remix],pop,Ed Sheeran,195924
6VP3410weACXiPCVLKSkOb,Not Ok - Frank Walker Remix,Not Ok (Frank Walker Remix),pop,Kygo,183934
5ql2mP9FUhB3SgMzv2akuO,Heaven (feat. Veronica),Heaven (feat. Veronica),pop,Dzeko,195000
3jwQwGVERUXo7eaAgL1xAo,Sixteen - Don Diablo Remix,Sixteen (Don Diablo Remix),pop,Ellie Goulding,193548
46W9iEjOg5nkMvb6lo4Jwz,Don't Give Up On Me Now (with Julie Bergan),Don't Give Up On Me Now (with Julie Bergan),pop,R3HAB,127826
0GRoERSBBky3YgdKW2w2Vc,Brave,Brave,pop,Don Diablo,184027
3sHuIjfAzluc6S9cXoqfqC,Let It Be Me,Let It Be Me,pop,Steve Aoki,224061
4fK2NU9UyQJV74ZGiSVYsr,Carry On - Nicky Romero Remix,Carry On (Nicky Romero Remix),pop,Kygo,175312
0jlpHhGUFn4aAWLsRRnwep,Magnets (feat. Sophie Simmons),Magnets (feat. Sophie Simmons),pop,Sam Feldt,179016
2pMntGuRgHAHVtrpC6kgGy,Don't Give Up On Me,Don't Give Up On Me (with R3HAB),pop,Andy Grammer,190645
7EHCt2jdVwHp557sfMPosf,Found Love (feat. Lovespeake),Found Love (feat. Lovespeake),pop,MOTi,157024
5YN0zHycJ0Yxz31A5QsVov,These Are The Times (feat. JRM),These Are The Times (feat. JRM),pop,Martin Garrix,188656
14nIFzHQf1OBWf6VHVR8DF,Wherever You Go,Blue,pop,Jonas Blue,208947
14sOS5L36385FJ3OL8hew4,Happy Now,Happy Now,pop,Kygo,211362
23FHa9lYnG6Dr8OzombPkS,Roots,Roots,pop,Valerie Broussard,184564
06BrHnTVDOydsfg0LZ6mQb,Talk - Alle Farben Remix,Talk (Alle Farben Remix),pop,Khalid,167990
1YSwQvw1NrEPfA0j1iY8eV,All The Lies - Toby Romeo Remix / Radio Edit,All The Lies (Remixes),pop,Alok,163000
1FlIzyCvRFQUE4pc7PiaIo,High Hopes - Don Diablo Remix,High Hopes (Don Diablo Remix),pop,Panic! At The Disco,185714
3eW2EDwNRAiQKkgom96dUa,Summer Air (feat. Trevor Guthrie),Summer Air (feat. Trevor Guthrie),pop,Hardwell,201905
1k08GK7ox8SDmEMvn81TwU,Can We Pretend (feat. Cash Cash) - Sigala Remix,Can We Pretend (feat. Cash Cash) [Sigala Remix],pop,P!nk,183360
4raMIjIjMc8JohHth7l9lG,Bruises - Steve Void Remix,Bruises EP,pop,Lewis Capaldi,212280
52Y5nYBQgqawttJxxtUv1e,Insomnia - King Arthur Remix,Insomnia (King Arthur Remix),pop,Daya,176098
4R7ZSlYoJOIaxHJFHszQCR,Don't Worry Bout Me - Rudimental Remix,Don't Worry Bout Me (Rudimental Remix),pop,Zara Larsson,193137
3N9YuL395rE4qNyHMsvOWC,I Miss Myself - R3HAB Remix,I Miss Myself (R3HAB Remix),pop,NOTD,183341
6dX62wjTHi9F1srVTjV89X,8 Letters - R3HAB Remix,8 Letters (R3HAB Remix),pop,Why Don't We,132233
0JumfyG7GUshFjxouEXwhw,You Deserve Better - Andrelli Remix,You Deserve Better (Andrelli Remix),pop,James Arthur,196493
3Iee2uf8UXOrOupQzfs1z5,Remember (with ZOHARA),Remember (with ZOHARA),pop,Gryffin,221773
6jreFSOTUAViWjKyzOC4Kg,REMEDY,REMEDY,pop,Alesso,190295
5Qnk8vP5g9l5SDQKU3qyYQ,Leave,Leave,pop,Borgeous,193640
3Mong1BzxMKwTZ0SbfLdcQ,Mama (feat. Ellie Goulding) - Tiesto's Big Room Remix,Mama (feat. Ellie Goulding) [Tiesto's Big Room Remix],pop,Clean Bandit,156168
4huh5oqBz9RkgpzAkyuEAs,I'm Not Sorry,I'm Not Sorry,pop,Hardwell,186094
4Nu8sEejt46770gDUvFcrF,Tequila - Robin Schulz Remix,Tequila (Robin Schulz Remix),pop,Dan + Shay,170103
1IjuevPDJ8Sa97wFwQ5j4V,Happier - Frank Walker Remix,Happier (Remixes),pop,Marshmello,196571
4d3cCNTG3PUgWhPButc4N7,Sing It With Me - Embody Remix,Sing It With Me (Embody Remix),pop,JP Cooper,180571
7r4nPsLToVIPdsiEeZKF6Y,Thursday - Nicky Romero Remix,Thursday (Nicky Romero Remix),pop,Jess Glynne,217804
4Tvw0lweq9l2JPQKFbpbBQ,Better When You're Gone,Better When You're Gone,pop,David Guetta,192402
1yAPglN5AGf7UoLK062ZYq,Wish You Well,Wish You Well,pop,Sigala,205653
4IAd7Vdwcc1E86P15tXjca,Only When It Rains,Only When It Rains,pop,Frank Walker,169000
5qiQbOa6AFEO3P111y9Jry,Mad Love - Blinkie Remix,Mad Love (Remixes),pop,Mabel,200893
7nbVbGjifh0m2fhPYqcI1R,Sweet but Psycho - Morgan Page Dance Remix,Sweet but Psycho (Remixes),pop,Ava Max,226875
5NeFmsnXBy6xVbz8pesM5l,Better Day (feat. Aloe Blacc),Better Day (feat. Aloe Blacc),pop,Young Bombs,191786
6fvbl9D9VjMtLRQsuWPyYt,Rescue Me (with BUNT.) - BUNT. Remix,Rescue Me (with BUNT.) [BUNT. Remix],pop,OneRepublic,174545
1MgpEKnO6sgMTb5zumAsgn,Discovery,Discovery,pop,Syn Cole,198750
06Z7Hy2LUzbcSFmWzwkun1,With You - Frank Walker Remix,With You (Frank Walker Remix),pop,Tyler Shaw,206875
0EdgK7ASb4kfRkW8pVMN02,2 Hearts (feat. Gia Koka),2 Hearts (feat. Gia Koka),pop,Sam Feldt,186750
2gqzTQEn4g5ly0n5ScdMx0,Love You Forever,Love You Forever,pop,Nicky Romero,234609
36orMWv2PgvnzXsd5CJ0yL,Post Malone (feat. RANI),Post Malone (feat. RANI) [Joe Stone Remix],pop,Sam Feldt,174444
6DuE8kXIDJ3oiCibWXmgeN,Thorns,Thorns,pop,Faustix,186000
5up5uXChMJLKyuop9HwtCb,Shotgun (The Wild Remix),Shotgun (The Wild Remix),pop,George Ezra,191650
4AMY0oGSt7vZwgxDnHCJBr,True Colors (feat. Maya Avedis),True Colors (feat. Maya Avedis),pop,XO Cupid,184020
0VQUyufAldw4Eitv71TPmg,Crying In The Sun,Crying In The Sun (Remixes),pop,Faustix,195947
0EQeui6OBMzqJ3Z3wCOzZh,Need You,Need You,pop,Faustix,182161
1o9D0rUusi2V5idyOEOPII,Sweet Dreams (Are Made of This),Sweet Dreams (are Made of This),pop,Winati,176773
2neq77lIMkitQwBwy1EDng,Million Lights,Million Lights,pop,Tungevaag & Raaban,186667
5ow0sNF1zSqp71Ix5jEXWU,Dancing in the Moonlight,Dancing in the Moonlight,pop,Jubel,164010
0vrmHPfoBadXVr2n0m1aqZ,Heaven,TIM,pop,Avicii,277262
0o9bHFc8Lt5tZFvTjNZTNf,Forever Young,Forever Young,pop,John De Sohn,167912
3oN9prOZJ8jR6rFP4YMJF9,eoh,eoh,pop,Olympis,155520
0Qew3aYvQPGPjfL7gbe6x1,Nobody,Nobody,pop,Martin Jensen,211040
5naYe7rLMZcLfO1DKg48MK,All Day And Night,Snacks,pop,Jax Jones,169467
3LaQ1GajOXoUeiTA9UAcCK,There's No Way (feat. Julia Michaels) - Alle Farben Remix,There's No Way (remixes),pop,Lauv,187301
3DGar7krWlmrXRFHBcQF6z,Whenever (feat. Conor Maynard),Whenever (feat. Conor Maynard),pop,Kris Kross Amsterdam,163636
5VGBgPVFO3e0lWz4WHYntQ,All For Love,All For Love,pop,Tungevaag & Raaban,180485
6sYJuVcEu4gFHmeTLdHzRz,Bittersweet Symphony (feat. Emily Roberts),Bittersweet Symphony (feat. Emily Roberts),pop,GAMPER & DADONI,194618
3eS1VMcEmq2IUgpaeDysCb,One Touch,Always in Between (Deluxe),pop,Jess Glynne,197876
2mSIu1ZPo22Ihx3EwS4E6h,Be Your Friend,Be Your Friend,pop,Vigiland,180820
31OqWK8Lc6GnUbnLG3GqPX,Happier - Breathe Carolina Remix,Happier (Remixes),pop,Marshmello,158095
7rpyHKSH3dkrsKEgv1eNgv,Woke Up Late (feat. Hailee Steinfeld) - Sam Feldt Remix,Woke Up Late (feat. Hailee Steinfeld) [Sam Feldt Remix],pop,Drax Project,196475
5CpkVOosLFc83LbwqO6hnI,Just Got Paid,Brighter Days,pop,Sigala,218480
3cJEgWbsBmGkvXz906tgut,No One - Jonas Blue Remix,No One (Jonas Blue Remix),pop,Jess Glynne,214641
3ZqKbMO9UasuKgQeGT7QZS,Speechless (feat. Erika Sirola) - MOTi Remix,Speechless (feat. Erika Sirola) [MOTi Remix],pop,Robin Schulz,181875
5mYNWSc1AE7pWS3Ax4e8Dl,Close To Me (with Diplo) (feat. Swae Lee) - Felix Cartal Remix,Close To Me (Remixes),pop,Ellie Goulding,223533
6SRWhUJcD2YKahCwHavz3X,Darkside,Different World,pop,Alan Walker,211680
7Feaw9WAEREY0DUOSXJLOM,Summer Days (feat. Macklemore & Patrick Stump of Fall Out Boy),Summer Days (feat. Macklemore & Patrick Stump of Fall Out Boy),pop,Martin Garrix,163805
7K7MUBCnzgBAvMVW2RTWNs,Body (feat. brando),Body (feat. brando),pop,Loud Luxury,163216
47dABAPyBgKB3iQCrC4Vrv,Who's Got Your Love,Who's Got Your Love,pop,Cheat Codes,157000
6vRCKJDtnrJEcyyzIMa0w0,Never Go Back - Robin Schulz Remix,Never Go Back (Remixes),pop,Dennis Lloyd,184653
4BM4ml3TgBFALLaCaJtVhi,Pumped Up,Pumped Up,pop,Klingande,177073
4D3o6Hh3GydRpTTlyLP3D9,California,California,pop,Hot Shade,169157
3R6dPfF2yBO8mHySW1XDAa,Solo Dance,Solo Dance,pop,Martin Jensen,174933
164C9bSF4ryqWXI4XgxTE0,Replay,Replay,pop,Davai,202520
4fC6tDEFmSBBCRBUOPeQ8b,Think About You - Galantis Remix,Think About You (Galantis Remix),pop,Kygo,181040
7lPo7aUbqNz5qmcan9Oj3F,Love No More,Love No More,pop,Loud Luxury,168636
1HvCFAUIWQsWV9zud3UhDl,All Falls Down (feat. Juliander),Different World,pop,Alan Walker,198880
76WNl0hDHHxTUhfLrEIBSm,Lonely Together (feat. Rita Ora),Phoenix (Deluxe Edition),pop,Avicii,181960
6xTU6B6nFwKKTSZ9ySXS80,Remind Me to Forget,Kids in Love,pop,Kygo,217293
0jvqmWRCyv7xnxqrtinbHJ,Next To Me,Next To Me,pop,Axel Johansson,179500
5itOtNx0WxtJmi1TQ3RuRd,Giant (with Rag'n'Bone Man),Giant (with Rag'n'Bone Man),pop,Calvin Harris,229184
1uuUnsWpJwqBh5GRQ8uxla,Happier - Tiesto's AFTR:HRS Remix,Happier (Tiesto's AFTR:HRS Remix),pop,Ed Sheeran,216000
4DfxFGwreu9BquiLRClwh8,Hum With Me,Hum With Me,pop,John De Sohn,167871
6Pgkp4qUoTmJIPn7ReaGxL,Without You (feat. Sandro Cavazza),AVĪCI (01),pop,Avicii,181673
3R8lr1Y1kPgXEbnXkcMMlT,Call On Me - Ryan Riback Remix,Call On Me,pop,Starley,222000
4ESPuOrSsRcBISzcMlzmY5,Sad (feat. Afrojack),Sad (feat. Afrojack),pop,Chico Rose,161280
0Zbbxnx4SGGHoIow4PpISP,Stargazing,Stargazing - EP,pop,Kygo,236853
72gv4zhNvRVdQA0eOenCal,Symphony (feat. Zara Larsson),What Is Love? (Deluxe Edition),pop,Clean Bandit,212733
2kLf4myxQME1Nd0voeKZri,Stay Young,Stay Young,pop,Mike Perry,157005
4q8PHoRsPUB52LFylX8Ulz,More Than You Know,More Than You Know,pop,Axwell /\ Ingrosso,203000
2devxXJUTEIFmgt8cXaqmO,Why Boy,Why Boy,pop,Steff da Campo,150005
0ct6r3EGTcMLPtrXHDvVjc,The Nights,The Days / Nights,pop,Avicii,176658
7dOeiXeTSfA1ixaYmQcWu7,Rich Love (with Seeb),Rich Love,pop,OneRepublic,201257
7jEyX4bqaCSdMN4D4JNnVj,Mama,Blue,pop,Jonas Blue,184134
6ULQ6ZRc7JuVutRMy6gfgc,Feel Good,I,pop,Felix Jaehn,166947
0FlnsBDwPglenLJoQjPd4K,IDGAF - Hazers Remix,IDGAF (Remixes),pop,Dua Lipa,240617
4Vbz3osCh6DwHYv5gVv5H2,Breathe (feat. Ina Wroldsen),Snacks,pop,Jax Jones,208107
4OgwXdylh75fHfwUzJTUqg,Rockstar,Rockstar,pop,Ilkay Sencan,212280
4kWO6O1BUXcZmaxitpVUwp,Jackie Chan,Jackie Chan,pop,Tiesto,215760
0A5gdlrpAuQqZ2iFgnqBFW,Moonlight,Moonlight,pop,Gaullin,173067
0BiGd2FNDQ0eh79ZHfp6tS,All I Wanna Do,All I Wanna Do,pop,Martin Jensen,194360
25sgk305KZfyuqVBQIahim,Sweet but Psycho,Sweet but Psycho,pop,Ava Max,187436
3xE7LrW7P54CYNQYqLhl6J,Melody - ANGEMI Remix,"Melody (Remixes Pt. 1)",pop,Lost Frequencies,209341
4ut5G4rgB1ClpMTMfjoIuy,High On Life (feat. Bonn),High On Life (feat. Bonn),pop,Martin Garrix,230762
0uUNN1nSoUx1A4fkDCWDQ7,So Am I,So Am I,pop,Ava Max,183027
1byydVLDAt7An5Pk3SuL5j,I Know You - Vigiland Remix,I Know You (Remixes),pop,Craig David,183345
1RxlBxlaJpSEVnLk4Gtvym,Through To You,Through To You,pop,Lyente,129238
7IWTIkiWGWNQyYfOLdMrGD,Burn Out (feat. Dewain Whitmore),Burn Out (feat. Dewain Whitmore),pop,Martin Garrix,200322
67FPUOM5Q2sSvS3iqLxSFs,Penny,Penny,pop,Dimitri Vangelis & Wyman,199245
0Qmqhtqco9ifi7ScZh1095,Wait For Me,Wait For Me,pop,Steve Brian,217143
2Fxmhks0bxGSBdJ92vM42m,bad guy,"WHEN WE ALL FALL ASLEEP WHERE DO WE GO?",pop,Billie Eilish,194088
0FC7eAz8CW9HAWnBr8Yo42,Daylight (Airbeat One Anthem 2018),Daylight (Airbeat One Anthem 2018),pop,Fluex,191500
7LYMT7ZaJC6KaKaXod9qNq,Imagine,Imagine,pop,Rob Tirea,190698
6fIgsZFtGXiIvxb2Y6oCc7,Apple Juice (feat. Carla Monroe) - MOTi Remix,Apple Juice (feat. Carla Monroe) [MOTi Remix],pop,SLATIN,138750
47knrBbYhqtrggWYSkU6h1,Glitch,Glitch,pop,Martin Garrix,185161
46x4SztssOJ1KzRjPqVUPk,Brand New (Helium),Brand New (Helium),pop,Lvly,173797
0AKxkfd5NLlWMXCVgH6a6X,Shades Of Voices (Original Mix),Shades Of Voices (Original Mix),pop,PULLER,283193
43ZeyBuql1TboyWE3ElHXj,In Time,Stereo Mono,pop,CAZZETTE,191954
3EKKIR8be1kfAAwaz1fzyS,Halfway There (feat. Lena Leon),Halfway There (feat. Lena Leon),pop,Tiesto,195000
4u6chQOq3h6g03cnPzAxcz,Spirit Of Freedom,Spirit Of Freedom,pop,Dropgun,161250
5UaEBgRvUPFf5CEDhaTdp7,Mama Look at Me Now,Satisfied (feat. MAX) / Mama Look at Me Now,pop,Galantis,178132
6wigvUlHft5QfkbxmAG5uC,Toxic Rain - No Class Remix,Toxic Rain (No Class Remix),pop,Alicia Madison,190992
3b0cJPguhWOh2hjY6Lu192,The Beat,The Beat,pop,Mike Williams,162187
3QC33AxvY2sdxq22ym3aSL,Wild Wild Son,Wild Wild Son,pop,Armin van Buuren,213707
6nsLzJfvp5OLd4mgqUJkpq,Waiting For Love,Stories,pop,Avicii,230613
1fN2cemf6ByT2WKqtumwR5,Shelter (Mix Cut) - Yoel Lewis Remix,Trance Top 1000 (Mini Mix 006) - Armada Music,pop,Dash Berlin,105219
6RnkFd8Fqqgk1Uni8RgqCQ,Like I Do,Like I Do,pop,David Guetta,202500
5fEpuvcNvERP7EHtLe28Zy,Skyline,Mercury,pop,Catiso,176260
45NYp6HaMbhHNtn8sTnztn,Callin' - Extended Mix,Callin',pop,Lush & Simon,217500
7HdHOGbA7uyepn1jbPKqOx,Roads,Roads,pop,Vargas & Lagola,234680
49ziHtycEUnbFQtE8e8slt,Jackie Chan,Jackie Chan,pop,Tiesto,215676
3kGfazcbVvVkuZunzlLgTD,Came Here for Love,Came Here for Love,pop,Sigala,202999
2ZEqEHPOhJdkI9pCCW9pBD,Kids in Love - Don Diablo Remix,Kids in Love (Don Diablo Remix),pop,Kygo,195714
35ARq65zezGBwA7EHBXm2w,Let You Down - Chris Royal Remix,Let You Down (Remixes),pop,Bombs Away,172500
1N4n7soiQQ8TRsntrkItyA,Mercury,Mercury,pop,Catiso,189625
0XOFJ634crTl8z9N5Gxh2S,Different Place,Different Place,pop,STVCKS,171712
2OlWBmSjf1aUPGLNf0UI5A,One Last Time,My Everything (Deluxe),pop,Ariana Grande,197267
6UiDiFJUGEDzkGpZBL8IYq,I Feel The Love,Painting With Dreams,pop,Tritonal,213120
5WvAo7DNuPRmk4APhdPzi8,No Brainer,No Brainer,pop,DJ Khaled,260000
4b2tcjrG1qUkSdsqEFP2dB,Sun Is Shining,More Than You Know,pop,Axwell /\ Ingrosso,254653
0KsB4TwgATg88aXCMBoO3Y,Breathe,Breathe,pop,Jax Jones,207630
23L5CiUhw2jV1OIMwthR3S,In the Name of Love,In the Name of Love,pop,Martin Garrix,195707
3OEF72iu0qSN75kiw0qP1o,Pure Gold,KEEN: Workout Vol. 1,pop,oomiee,147187
4zdQmfTLWgGd5mAX4MUIaX,Turning Up,Turning Up,pop,ARASHI,182633
5KVxCdOVauTncDKgK426XN,Winter Hitori feat. ASOBOiSM,Winter Hitori feat. ASOBOiSM,pop,Shinn Yamada,218357
4suDPyEfKYtqDR2OGblbTi,9と4分の3番線で君を待つ (Run Away) - Japanese Ver.,MAGIC HOUR,pop,TOMORROW X TOGETHER,211867
7tegFBOVAZADytMG3YIR9o,Nobody Knows,Who Are You?,pop,Hiroomi Tosaka,221233
1eIl9qFUGihchPAfSF258T,One in a Million -奇跡の夜に-,SHONEN CHRONICLE,pop,GENERATIONS from EXILE TRIBE,222932
71jxHnEfeDyolLb6Kr2DdS,別世界,別世界,pop,E-girls,224882
4eycOo0qKubeGx3g29dcHZ,Gimme GImme,Gimme GImme,pop,iamSHUM,230943
0xTWI6HrzKHJ6LK11f8jGO,御伽の街,御伽の街,pop,DAOKO,203147
07uivRw9i8NFjQbxZQu6g7,ボイスメモ No. 5,ボイスメモ No. 5,pop,CHANMINA,163040
1QNoGbedAra3cbGcQAwBRQ,Now & Forever (feat. SONPUB & 向井太一),20200101,pop,香取慎吾,215140
3gMJMSrU2QETbsILNuybIh,Make A Move - Pt. 2,Make A Move (Pt. 2),pop,EMMA WAHLIN,181200
6EfsZW2pPBBDkiBMTGglEi,光線,光線,pop,Ghost like girlfriend,208333
1gdrNesoUadTXNdVaKS2t3,ZONE OF GOLD,ZONE OF GOLD,pop,Ryuji Imaichi,195433
0j6HZwmFLvxSoYUrg29IgP,LOVE + PARTY,LOVE + PARTY,pop,CREAM,193553
2MbrVxNKpsg0bu9LMlPiri,WAKE ME UP,FULLMETAL TRIGGER,pop,THE RAMPAGE from EXILE TRIBE,240100
2gApWgkuisXedOcS9Tligs,New Page,New Page,pop,INTERSECTION,270904
5Zjge6yCThuBMdnJdOBp9A,Easy Breezy,Easy Breezy,pop,chelmico,208376
34S5Vg3Jxqtjb3dosDWHpH,TOTSUKA feat. サイプレス上野,TOTSUKA feat. サイプレス上野,pop,ASOBOiSM,225412
2qpuYv59RVgLKcA0DPl9Tt,taste,taste,pop,FlowBack,223920
1SV5ys0BGnN6aEsbS7prwt,I don't wanna do,I don't wanna do,pop,SARM,244061
3t5I7uoAOyRtzkAVaHgmfL,A-RA-SHI:Reborn,A-RA-SHI : Reborn,pop,ARASHI,205928
1g89JASxN75856KEYGmZTt,Light,Light,pop,SIRUP,228371
56FtGMGdOoONvc0XpP4Bm6,Night Ship,Night Ship,pop,Yo-Sea,162827
0HGSn0eFH5LF1MWdE9FOUC,Fly me 2,SPOTLIGHT,pop,eill,217000
2WSYYbEdxtGGo0VVP4jNjb,Not Enough,Asymmetry,pop,Rei Yasuda,292587
3fzCO5mdnxKvxOT03Ao0RI,COLORLESS,COLORLESS,pop,Daichi Miura,196367
7Bh4dzYrbYtXbbuvK8M8yE,New Shoes - feat.Shun Murakami,New Shoes (feat.Shun Murakami),pop,phai,232832
6nfiboYmeoHMxPU05yEQvg,MarudeSaturday Night,MarudeSaturday Night,pop,BABY-T,214118
4ccp9ytoMerEU0967Okhu6,FUTARI x PARTY,FUTARI x PARTY,pop,CREAM,184935
6cAaLUV2fc1b3Qpgc0z3k2,SUPERSTAR,SUPERSTAR,pop,真之介,193417
6dKOpmTOzAVnaHqq7hqkJa,Be on the Stage,Be on the Stage,pop,KEITA,232973
1HDrG1CAVROV1BclXs400N,space shuttle,space shuttle,pop,空音,224333
74P2i9IIx0nkki1GVQqx3R,Amazing!,Amazing!,pop,Sakurako Ohara,199440
3CLKvDKiVgbgfWj3fyyibl,TO-KE-TE,TO-KE-TE,pop,HAN-KUN,214627
00bc7A2CLjp40XNd6ZPZNa,JAM fo'freedom (SASUKE Remix),THE 4CE,pop,RUN THE FLOOR,211547
7Gb3OZFw2IiNk08fSN7MrR,You're the Reason - English ver.,You're the Reason (English ver.),pop,INTERSECTION,198368
5SubtShpNoLYiVG4oLSpOG,Made In JPN,Shelly,pop,DEAN FUJIOKA,210134
5VBMFkU9emR1HDLPoXuOUQ,See You Later,See You Later,pop,Chocoholic,200712
0S1lconF5qUvqUrovZDmSA,Possible,Possible,pop,片寄涼太,283400
5QOg6uut1ybakHajEfBL8K,All Over You,All Over You,pop,Boys Get Hurt,212211
7auKfEOsSVCeYHn2pOu6uY,Where Would You Go?,Where Would You Go?,pop,SkyLogic,208333
64XUlDULbJtK6xDL4mEB0Q,Call My Name - Remix,Call My Name (Remix),pop,YUTO,166523
0FVUs7Kb4KKl3vsssgZCud,DAYZ,DAYZ,pop,AAAMYYY,311976
0lHYQoSwhIKqUjUsbQygyl,Simple Things,Simple Things,pop,HarukiD,157288
0azhsizFhBepOGgcQ3EKaL,SUN DAY - Shinichi Osawa Remix,SUN DAY (Shinichi Osawa Remix),pop,HIRAIDAI,264935
3b1TJu58AWEiGvnUwDdhag,SPOTLIGHT,SPOTLIGHT,pop,eill,221387
2TFJVb9LL54V5W53qGWDSv,let me know,let me know,pop,blanchehor,220631
7EdnZLYzleCTG6eVJnZbR8,Y.E.S,Y.E.S,pop,KEITA,146500
1JSkwWA4e3OXlnOEcn0MXf,Rich&Famous - feat. Sean Paul,re(CORD),pop,Kumi Koda,249187
1RJPz4eFFP7N6VVKMYUS7O,ミズノナカヘ - Car TAX remix,Unstable Unstoppable,pop,yu-re:meu,237071
6GvK5IObiZJs4PyTFJTELk,EASY LOVE,EASY LOVE,pop,Gear 2nd,225273
0qnp1W6FnL9qoadgaQdsT8,PARADE,PARADE,pop,Miliyah,244187
3pzrOuq7Zn1WlL1qes8I57,Obsession,Obsession,pop,広瀬大地,214132
4vid1h1wAzoZoEKJVXoUgB,Shine,Shine,pop,DJ PIGER,207213
34Yb5ldkgXMieDcFIRQPdh,Upside Down,Upside Down,pop,RYPPHYPE,208530
7MsgiyWoerebFF0zaahmCr,B.S.G.S.,B.S.G.S.,pop,sooogood!,141473
4EyjvMJ6llJ5stWDlwo8v6,Bitten By You,Bitten By You,pop,Monkey Majik,242627
5L3FE4WEDdQ0xZYVdN7uvE,For Me,For Me,pop,WAPLAN,221100
63f9E8ZTvtcEdqZKHj5Vzv,Sway,BLUE MOMENT,pop,AATA,241164
2KJPYFHskvDeuAZ1sbbBys,Nobody,INFINITY,pop,Beverly,213147
5uHl2eYaITSX6xEX8bmaXy,Adios,HUSH,pop,EVERGLOW,189147
1PNb8pRsZGa8XN1m5nJe70,Dumb,BE!,pop,BVNDIT,190903
3v5BOhyPrVQN7PYE6JnY7j,THURSDAY,Call My Name,pop,GOT7,206578
7JCi89HGiURxFpr6NITY7q,Snapping,Flourishing,pop,CHUNG HA,213164
6k67RdkVjTZj79c1cRz7IQ,WONDERLAND,TREASURE EP.FIN: All To Action,pop,ATEEZ,199013
7b8YOVV5quZcSKEijDgyWB,DDU-DU DDU-DU,SQUARE UP,pop,BLACKPINK,209355
1Jr8RbuOnvMHsMHcWgZ9Do,Like always,QUANTUM LEAP,pop,X1,204893
3IdPtyJHB1WVPM4eCiCAKM,Answer,TREASURE EPILOGUE : Action To Answer,pop,ATEEZ,219760
42tFTth2jcF7iSo0RBjfJF,피카부 Peek-A-Boo,Perfect Velvet - The 2nd Album,pop,Red Velvet,189050
1UThkKR8w3WnA6lWCRhOJn,DRIP,New Start,pop,HINAPIA,200465
5WrEilrRI5cIW0DxMvQYPZ,Jopping,SuperM - The 1st Mini Album,pop,SuperM,251293
24nK8tW7Pt3Inh2utttuoG,HIP,reality in BLACK,pop,Mamamoo,195307
3BPoSr2pO34Aan6alFfVto,BBoom BBoom,GREAT!,pop,MOMOLAND,208863
00emjlCv9azBN0fzuuyLqy,Dumb Litty,KARD 2nd Digital Single ‘Dumb Litty',pop,KARD,193160
5sbooPcNgIE22DwO0VNGUJ,POP/STARS,POP/STARS,pop,K/DA,191100
06mzeP9GQNSHWd1Nh2C5FM,MIDDLE OF THE NIGHT,MIDDLE OF THE NIGHT,pop,Monsta X,166213
5KawlOMHjWeUjQtnuRs22c,Boy With Luv (feat. Halsey),MAP OF THE SOUL : PERSONA,pop,BTS,229773
06Pvy98db25O7wlfFFFIRM,Bon Bon Chocolat,ARRIVAL OF EVERGLOW,pop,EVERGLOW,228682
6E7jAJN2e3znSHyPCdQqx8,gogobebe,White Wind,pop,Mamamoo,195856
2AIWoHr9DF6y4KALCBKWQS,IDOL,Love Yourself 結 'Answer',pop,BTS,222732
7Ed6BkggCS2KaKY5YlINaF,MIC Drop (feat. Desiigner) [Steve Aoki Remix],MIC Drop (feat. Desiigner) [Steve Aoki Remix],pop,BTS,238726
27kB4qLUCV8nZd2eOgj1Tk,KILLING ME,NEW KIDS : CONTINUE,pop,iKON,193734
7LJjWqhqK594nN7qJzLVXE,As If It's Your Last,As If It's Your Last,pop,BLACKPINK,213264
4WuKHgxdCJsaOBIh7yndty,MIROH,Clé 1 : MIROH,pop,Stray Kids,207617
3rOEipqoZpjyn8PtOMeV8k,Forever Love,"O on",pop,YOUNGJAE,216640
0ErzcmZ2gIwX7X0xSMQPix,BOSS,NCT 2018 EMPATHY,pop,NCT,210641
2naEVOadudtXHwtZNfjMDM,Forever Young,SQUARE UP,pop,BLACKPINK,237077
5Z4aqpT39KpY8gbHoJWdou,Egotistic,RED MOON,pop,Mamamoo,196018
2U6RSyXFnDVNYoD9iUgi09,Bomb Bomb,KARD 1st Digital Single ‘Bomb Bomb',pop,KARD,163509
5SE57ljOIUJ1ybL9U6CuBH,DNA,Love Yourself 承 'Her',pop,BTS,223123
6DIW7GJbuGZdHolRcPWprP,Roller Coaster,Offset,pop,CHUNG HA,212136
1S6zXoXhfalX2ETKo337Md,YES or YES,YES or YES,pop,TWICE,237685
1q3C6brbmRrULTyo2mseKF,FLASH,QUANTUM LEAP,pop,X1,211320
7gr57cYekMWriyJYbT7oZ4,HANN (Alone),HANN (Alone),pop,(G)I-DLE,205820
7Cd4glTUgV0vr0DBncEg8S,하드캐리 Hard Carry,FLIGHT LOG : TURBULENCE,pop,GOT7,193579
7w3mCZJZbfXzNebD5vktMI,ME,ME,pop,CLC,193253
4Is1b37KJY9XVCgzp81FBW,BAAM,Fun to The World,pop,MOMOLAND,208475
3nXUfNbkv8ikaSdHwEp0oY,DDD,Full Moon,pop,EXID,205821
5MaDeMdqsPsZTxNWdEZPVH,Starry Night,Yellow Flower,pop,Mamamoo,211237
1gsb4CFzUMERAkfzAKwrZu,Siren,WARNING,pop,SUNMI,197252
0xHgclG2TeqIzB8N3Wb5rP,HIT,HIT,pop,SEVENTEEN,203493
5gA9Xn8oPts2aewPgxVkPD,Heroine,Heroine,pop,SUNMI,195000
3NxuezMdSLgt4OwHzBoUhL,Way Back Home,Take,pop,SHAUN,214137
5unCIQfJLMtcsiU6MP5zmB,I'm So Hot,Show Me,pop,MOMOLAND,200243
0dSE54vYYvRNWzVTxE2xTL,Me & You,WE,pop,EXID,203507
3sygLAUhHsJsQ0cBk6fxRd,No,No.1,pop,CLC,181976
1LShDXXs40R8bQFNBBupI3,PICK ME,PRODUCE 48 - NEKKOYA (PICK ME),pop,PRODUCE 48,279423
0aLG42zaidNkblhiQgJknP,WANT,WANT - The 2nd Mini Album,pop,TAEMIN,208968
7qDbAc6xMW07T7yyMnQqS8,Fever,GFRIEND The 7th Mini Album `FEVER SEASON`,pop,GFRIEND,214293
4lt4QTuoYOEEOhrNDZJ1o8,Room Shaker,butterFLY,pop,Ailee,195027
381g0b6QZxC13SzA2HRMIc,Power Up,Summer Magic - Summer Mini Album,pop,Red Velvet,202040
6sWd8ZAH5bWWyjwb7ZV2Zb,LALALAY 날라리,LALALAY 날라리,pop,SUNMI,174880
1IzuuPDzqh3dfKxilHbGYU,8282(Party),8282(Party),pop,twlv,188893
4knqZHNHlEBBEmfETcpTyr,D.D.D,DREAMLIKE,pop,THE BOYZ,212363
0dHWWPN5XGWotUnM57QQZK,Not That Type,Act.5 New Action,pop,gugudan,191994
0m3W71Oliiv3gQWXi2YAmJ,Humph!,SUM(ME:R),pop,PENTAGON,192613
0gxkqxGiLg1ylKzgToCcHY,Play It Cool,Take.2 We Are Here.,pop,Monsta X,186799
2WDhYlm5gBepkMZHBk0LN7,AH YEAH,WE,pop,WINNER,176906
3eOrrreH5zbp4xpfiFqy2D,SHA LA LA,Genie:us,pop,PENTAGON,194904
4tYLk5axtAxynbehhU4uJn,SUNDAY,THE SIX,pop,FANATICS,210018
7yT71nE6bb9vzdYz78iITu,BEEP BEEP,BEEP BEEP,pop,RUANN,210827
63BGyvr6NuhA0q5NimghaG,The Only (feat. IRENE of Red Velvet),The Only (feat. IRENE of Red Velvet),pop,Raiden,186918
1ZtG48NtqQdyN1AnXiiYL0,Break the Distance,Break the Distance,pop,ELYAZ,230039
6u8epWzzk3CsJ05sqExF6T,I Could Get Used To This,I Could Get Used To This,pop,Becky Hill,193856
7K0trO4bMEWjSiFGPG5LTQ,Therapy,Therapy,pop,Armin van Buuren,186187
0PCRR19Pf4iiuvSrPxtQ0x,Sunshine,Nothing but the Beat (Ultimate Edition),pop,David Guetta,360960
6TgLQJ87xq6adrAU6HzaTW,Giant - Robin Schulz Remix,Giant (Robin Schulz Remix),pop,Calvin Harris,193297
3pWcj8hxj3fsb9TDAcMpEl,Somebody,Sick Boy,pop,The Chainsmokers,223147
4sh506lJZac1T4o4NqtIuS,Like I Love You,Like I Love You,pop,Lost Frequencies,190174
7a4aFs6bW7TUySQviVERSI,Walk Away,Walk Away,pop,Alle Farben,196640
4aJdmCHGL6KrrvuSXgr8Jp,I Need You,I Need You,pop,Armin van Buuren,206750
6WbADFqMvR8N5u0BvtsWQE,Without You (feat. Sandro Cavazza),AVĪCI (01),pop,Avicii,181673
50RJdoxw8iajGNtHQe6QeS,Something Just Like This - Alesso Remix,Something Just Like This (Remix Pack),pop,The Chainsmokers,252933
2V65y3PX4DkRhy1djlxd9p,Don't You Worry Child - Radio Edit,Don't You Worry Child,pop,Swedish House Mafia,212862
5gjhnWVBIBgoWzv3SIQdwW,Fine Day,Fine Day,pop,Keanu Silva,194967
6iC7vapdKp0XlKhxOkp8QJ,BOOM,BOOM,pop,Tiesto,179512
5kOWncnXJOC1LRH0rk8SGy,Whispers,Whispers,pop,ELYAZ,174015
69zxj1EFDfAouZu9JDmQld,Secrets - Radio Edit,Secrets (Radio Edit),pop,Tiesto,216967
5EwwwdsQfKI8ZnFG93j5Zu,Forever,Forever,pop,Martin Garrix,218437
2M1mqcNUBIAfRoD2Puhejf,Carry Me Home (feat. Jake Reese),Carry Me Home (feat. Jake Reese),pop,KSHMR,191250
0FDzzruyVECATHXKHFs9eJ,A Sky Full of Stars,Ghost Stories,pop,Coldplay,268467
15BlympuVSfZFROojEMY2M,Don't Let Me Down - Illenium Remix,Don't Let Me Down (Remixes),pop,The Chainsmokers,218933
6xUy203RnyyOfbqf96Nven,Selfish,Selfish,pop,Dimitri Vegas & Like Mike,167857
5Iy2Jj87Ha0C0IBlNE1I4y,The Days,The Days / Nights,pop,Avicii,278480
1vvNmPOiUuyCbgWmtc6yfm,My Way,My Way,pop,Calvin Harris,219160
11Fo4dAH31K7UZHGqCkCmE,I Love You,I Love You,pop,Axwell /\ Ingrosso,191000
4keoy2fqgwGnbWlm3ZVZFa,Happy Now,Happy Now,pop,Zedd,207030
0kHyKhJMukHEPfeh8s7rdM,Born To Be Yours,Born To Be Yours,pop,Kygo,193321
2tpWsVSb9UEmDRxAl1zhX1,Counting Stars,Native,pop,OneRepublic,257267
36Z5wae28KlrJ4wL3KuGOe,Recognise,Recognise,pop,Lost Frequencies,186062
2AVredtzre1KADDXWoGd4I,Like I Love You,Like I Love You,pop,Lost Frequencies,190673
5hw9RzFpyZqkW7ADN2NKeO,Don't Give Up On Me,Don't Give Up On Me,pop,Armin van Buuren,185212
5ypiGNhYY1GUoVB1kVZmc8,Bromance - Avicii Remix,10 Years Armada,pop,Tim Berg,150160
5GjnIpUlLGEIYk052ISOw9,This Is What It Feels Like,Intense,pop,Armin van Buuren,204360
1YDJ2f1JuKzYWZpRYiBYHu,If I Lose Myself - Alesso vs OneRepublic,If I Lose Myself (Alesso vs OneRepublic),pop,OneRepublic,214067
6F1kPSgdnlSzZRfskE9vaV,Lions in the Wild,Lions in the Wild,pop,Martin Garrix,211890
07nH4ifBxUB4lZcsf44Brn,Blame,Motion,pop,Calvin Harris,212960
2i2zYdN4KCkTCDscdMYr87,Lovers on the Sun (feat. Sam Martin),Listen (Deluxe),pop,David Guetta,203520
2BVVmJQZv4fOPWavI9mkIj,Broken Arrows,Stories,pop,Avicii,232760
5L2l7mI8J1USMzhsmdjat9,Red Lights,A Town Called Paradise,pop,Tiesto,262200
24tVqMiAtv8jmpNPhBEsDY,Now That I've Found You,Now That I've Found You,pop,Martin Garrix,192632
1sh6lL6cmlcwhqZKGiKBua,I Could Be The One (Avicii Vs. Nicky Romero) - Radio Edit,I Could Be The One [Avicii vs Nicky Romero],pop,Avicii,208316
3P7qStX3ECFOLfjrXuLzbc,Something New,Something New,pop,Axwell /\ Ingrosso,247160
0bMbDctzMmTyK2j74j3nF3,"Alone Pt. II","Alone Pt. II",pop,Alan Walker,179053
3TKpJrY9q49Mj1JOsM9zGL,Family,World War Joy,pop,The Chainsmokers,194827
6Fvhy9aaBvsLBzC7vDEhIr,All That She Wants,All That She Wants,pop,Campsite Dream,139405
2a3dopgTF1q4rMVDJ1rwBU,Push My Luck,World War Joy...Push My Luck,pop,The Chainsmokers,181844
7C1trmcQQ5n5RNy4l6ziCv,Some Say - Felix Jaehn Remix,Some Say (Felix Jaehn Remix),pop,Nea,186878
2sxjVSDvymkn264oDZCrl2,Here Comes The Sun,Here Comes The Sun,pop,Campsite Dream,149795
24Yi9hE78yPEbZ4kxyoXAI,Roses - Imanbek Remix,Roses (Imanbek Remix),pop,SAINt JHN,176840
6j3MJ0jtsReAgwRwqsHC7T,Sad,Sad,pop,Aivarask,175200
1mzARUs2kMMxcKh1ome5aX,Safety (feat. DJ Snake),Safety (feat. DJ Snake),pop,GASHI,177781
0JIcWmxwEpv740agHLbVB5,Summer Lover (feat. Devin & Nile Rodgers),Summer Lover (feat. Devin & Nile Rodgers),pop,Oliver Heldens,194481
35mMXfym6C9VOTUVrcKKZp,We Got Love,We Got Love,pop,Sigala,213041
06mg22JLouk02orwxz0UfD,Mr Todd Terry,Mr Todd Terry,pop,Riton,167306
2kJIiIqbzYVtv2iTpbQts9,As Far as Feelings Go,As Far as Feelings Go,pop,Alle Farben,210827
3UIGE2FXaUUcYWA31Og0XO,Summer Fade (feat. Anna of the North),Summer Fade (feat. Anna of the North),pop,Snakehips,204711
3KKrA8p6gzpYC44JmThaEq,Loving Myself (feat. Raphaella),Loving Myself (feat. Raphaella),pop,Henri PFR,174051
7vLR7NDAadIXfWjl2nw5Nr,Haloes,Haloes,pop,Ina Wroldsen,171344
4dSS4hwl81hvbfMsIogJGZ,Gotta Let Go,Gotta Let Go,pop,Hypanda,190093
7M9w4C8WenlvWfNRAulZOX,Narcotic,Narcotic,pop,Younotus,192387
5MvLsT03RBp67RLoeISCdl,Do You Mean (feat. Ty Dolla $ign & bülow),World War Joy...Do You Mean,pop,The Chainsmokers,193176
7CthsM57gIgD2S8xyL8coq,"My One (feat. Tory Lanez Kranium & Dappy) (Todd Edwards Remix)",My One (Todd Edwards Remix),pop,Wiley,191283
4esEsg9IxiTAGMBQLe9XOu,Be Someone,Be Someone,pop,CamelPhat,204568
3wWRbRa3OFIFRs4gNywkdd,Do You Miss Me Much - Wookie Remix,Do You Miss Me Much (Wookie Remix),pop,Craig David,262507
5TgS4dcUAU8EEb506d8wAT,Ghost,Ghost,pop,Au/Ra,177630
05P4BYqVauVxy0w9g6w2D9,Stand By (feat. Rudimental) [#CWC19],Stand By (feat. Rudimental) [#CWC19],pop,LORYN,189274
3XEdqQtGHAM5huMrs3RaKN,Acid Dreams,Acid Dreams,pop,MAX,183930
1Pz3QmQFBFuI60rxCQBeW6,Kills You Slowly,World War Joy...Kills You Slowly,pop,The Chainsmokers,213333
0SDgPPSjRPdGD3hyrCTG2S,Don't Worry Bout Me - Alle Farben Remix,Don't Worry Bout Me (Remixes),pop,Zara Larsson,171914
035IYcHuQxZHBknOMWGAnI,Let Me Love You,Let Me Love You,pop,Campsite Dream,191200
7hzjWGFi2HKUGOXp1LiQ3V,Spicy - with Diplo & Charli XCX,Spicy (with Diplo & Charli XCX),pop,Herve Pagez,157867
1LZbNPkZE39WeytrhcoVD2,Summer Lover (feat. Devin & Nile Rodgers) - Moguai Remix,Summer Lover (Moguai Remix) (feat. Devin & Nile Rodgers),pop,Oliver Heldens,189875
18KjYhghq6K3ZmfcewWDp6,Mistaken (feat. Alex Aris),Mistaken (feat. Alex Aris),pop,Martin Garrix,282481
2qv6LU59qyGRzm4X2TFYMl,Instagram - Dimitri Vegas & Like Mike VS Trobi Remix,Instagram (The Remixes),pop,Dimitri Vegas & Like Mike,144762
5yzzy7Hevww3RDntQM5mG1,Do It Again,Do It Again,pop,Steve Aoki,176129
3O0e0LHTpza0rYVDbZfQ4r,Can We Pretend (feat. Cash Cash),Can We Pretend (feat. Cash Cash),pop,P!nk,224360
4n7jnSxVLd8QioibtTDBDq,On My Way,On My Way,pop,Alan Walker,193798
4466tjT4xLDhIdmsMymUHk,Body 2 Body,Body 2 Body,pop,MK,145574
7hrnaeVvXFAkvQOmjHJglY,Late Night Feelings - Jax Jones Midnight Snack Remix,Late Night Feelings (Jax Jones Midnight Snack Remix),pop,Mark Ronson,228387
5OJJF2HA089n5T0ugmXCrk,Shy Guy,Shy Guy,pop,Campsite Dream,186953
7aQeWViSfRWSEwtJD86Eq0,Late Night Feelings (feat. Lykke Li),Late Night Feelings (feat. Lykke Li),pop,Mark Ronson,251029
1TVEPho7uQub2pMJyzO8JD,No New Friends - Dombresky Remix,No New Friends (Remixes),pop,Sia,246720
1WSGTYKLEpKfNQYYW5Oymt,"I Can't Get Enough (benny blanco Selena Gomez J Balvin Tainy)","I Can't Get Enough (benny blanco Selena Gomez J Balvin Tainy)",pop,benny blanco,158027
2VDTgXwf3F6kcpX4HI0BKy,"Heaven Can Wait (feat. Sia Diplo and Labrinth)","LABRINTH SIA & DIPLO PRESENT... LSD",pop,Sia,195747
6TaqooOXAEcijL6G1AWS2K,All My Friends (feat. Tinashe & Chance the Rapper),All My Friends (feat. Tinashe & Chance the Rapper),pop,Snakehips,229747
6Qs4SXO9dwPj5GKvVOv8Ki,Dancing With A Stranger (with Normani),Dancing With A Stranger (with Normani),pop,Sam Smith,171030
4jp4Z02kzzg8gK0NmDGgml,Play,Play,pop,K-391,167977
2Fap2zMMINCLylSCSGQLEa,Say You'll Be There,Say You'll Be There,pop,Campsite Dream,169500
0nrWZWkJM62ftQJSI8fDc0,Diamond Heart,Different World,pop,Alan Walker,240333
15vzANxN8G9wWfwAJLLMCg,Paris,Paris,pop,The Chainsmokers,221520
5masKPHeAOVNgxdLebIcK7,Stole the Show,Cloud Nine,pop,Kygo,223187
5CMjjywI0eZMixPeqNd75R,Lose Yourself to Dance,Random Access Memories,pop,Daft Punk,353893
0YammaEkYSeo9vQYZ1OwS6,Say My Name,7,pop,David Guetta,198947
4jin3VK3FfPc7l3LFLxt0e,Hold My Girl - Martin Jensen Remix,Hold My Girl (Remixes),pop,George Ezra,185345
4qqArAiTPueDxIp7cf87h7,Final Song,Final Song,pop,MØ,235827
43tgC5pTYJpc5D3C9HRwEg,Slow Down (with Calvin Harris),Normani x Calvin Harris,pop,Normani,205986
7vFoFDWqTX0mHzLfrF1Cfy,Cheerleader - Felix Jaehn Remix Radio Edit,Me 4 U,pop,OMI,180566
0WVAQaxrT0wsGEG4BCVSn2,Born To Be Yours,Born To Be Yours,pop,Kygo,193321
13qqdlSeF8FcxsRyapDMZ0,Changes,Changes,pop,Faul & Wad Ad,345173
79T9m6YkRCgP0955CE4UCd,No Diggity,No Diggity,pop,Campsite Dream,188849
6hmhG1b4LEyNuashVvuIAo,Never Forget You,So Good,pop,Zara Larsson,213428
7b4vbqgzMhbFa0wdjfftQJ,One Kiss (with Dua Lipa) - Oliver Heldens Remix,One Kiss (with Dua Lipa) [Remixes],pop,Calvin Harris,281267
5bcTCxgc7xVfSaMV3RuVke,"Feels (feat. Pharrell Williams Katy Perry & Big Sean)",Funk Wav Bounces Vol.1,pop,Calvin Harris,223413
6LCrqs85q61pfZCXYvW63B,Praise You - Purple Disco Machine Remix,Praise You (Purple Disco Machine Remix),pop,Fatboy Slim,230163
4M8x1TR36VMQMFMbGCdoyA,Back & Forth,Back & Forth,pop,MK,196215
6gpcs5eMhJwax4mIfKDYQk,Slide (feat. Frank Ocean & Migos),Slide (feat. Frank Ocean & Migos),pop,Calvin Harris,230813
2Foc5Q5nqNiosCNqttzHof,Get Lucky (feat. Pharrell Williams & Nile Rodgers) - Radio Edit,Get Lucky (feat. Pharrell Williams & Nile Rodgers) [Radio Edit],pop,Daft Punk,248413
7ew2yVscivQRemp0MPPWtS,Giving Up (feat. Jaden Michaels),Illusions EP,pop,QUIX,249987
15DwFznkBJir7AK9PyMyRR,17,17,pop,MK,196489
5xzCzOAOfRi4DOttSzvznR,Lullaby,Lullaby,pop,Sigala,204022
11cDEev79fPKi6uJCjUhu8,Who Do You Love,Who Do You Love,pop,The Chainsmokers,226747
0M0FvSNRZmDz0Z769rewlI,Fire In My Soul,Fire In My Soul,pop,Oliver Heldens,175254
16q3ZjCy9TFLKReke8ul1I,We Don't Talk,We Don't Talk,pop,Wiktoria,178768
4UuGBDjt8gLXsANZqZxMBz,Love You Better,Love You Better,pop,John De Sohn,170893
3fNuYHHay5uUISA3fePcTH,Top of the World - Erlandsson Remix,Top of the World (The Remixes),pop,Vide,172500
5FhYGAbUG4fgK0Q8eQZocT,The Rest Will Follow,The Rest Will Follow,pop,Ludvigsson,162000
2wuDt464E6oTVNHq48fEVP,So It Goes,So It Goes,pop,Caj Morgan,165938
492edpLhOflovry0RJRQ4J,Unbelievable,Unbelievable,pop,Andrew Roman,233143
7dkhaBy2KuMGR9SDtUyXZ1,Photograph,Photograph,pop,Ljung,212440
3JmyDWiGoQ37jZlU7tU9Pu,Faded,Made For You,pop,John De Sohn,158453
7dLOOzJGQnsgqFcflWiEcZ,Only You,Only You,pop,Hogland,182609
1O7LD3kX8b75oLmHdCvGRb,I Don't Know,I Don't Know,pop,Ericé,195429
4Gy6pnhY9GGE3nqD3d0CmU,Too Close,Too Close,pop,Ria Mae,147741
36pYPsbeDZTNLFhDJbVv9b,Hole in the Roof,Hole in the Roof,pop,AronChupa,170000
4h2ohOfzR74qDhUmeYE2za,Nobody Else,Nobody Else,pop,Wahlstedt,179756
3g1MMelMBxLjtKwcIVFe0N,Dance Monkey,Dance Monkey,pop,Skylike,192203
5QWsDMeukgzBiUYAVlZvhA,Free,Free,pop,JRL,164613
2bR6LkOC10pZ3udHdZiENF,My Own Dance,My Own Dance,pop,Kesha,161178
5X73AYzzEE5Di0JwcQKt9N,Bigger Than,Bigger Than,pop,Justin Jesso,208013
66SfFlsxFNT1NI6PZDN9oy,I Got Eyes,I Got Eyes,pop,John De Sohn,159693
4eMKEM3m4sO62SUVCxqnVI,Bleed,Bleed,pop,Haze & Mellow,172933
2s1tFUAu7atdMKuThwOJu7,Hold on Tight,Hold on Tight,pop,Sterkøl,168751
721s1WVdSDXkTIo1WYR8jW,Once and for All,Once and for All,pop,Moe Aly,195000
5IxHVYf5BRnwcAUtgI4Hvy,Fantasy,Fantasy,pop,Laureano,203000
1cGmFQQ2YtFFeRDZdDPvR8,We Are the Young,We Are the Young,pop,Addal,176864
2TZ9kaTiLewawHZK7yylSC,No Fear No More,Good Faith,pop,Madeon,195107
430efk5Jc5wGay4EWP4snS,Baianá,Baianá,pop,Bakermat,182187
6stXqwqZiO3JUYe6Sb1oPp,Coming Home,Coming Home,pop,TooManyLeftHands,186336
33PZBbcUCJkXIEzalNdnG2,Boots,Boots,pop,Greyson Chance,175628
2Lh9Vp6Bi83hNe5RFYh8SA,Heading Home,Heading Home,pop,Ludvigsson,189836
6XeMrBUyR2aNGI93l9Z27u,Somebody Out There,Somebody Out There,pop,Lost Kings,218978
4dIrGLTW8OJ0pJNLMJG2vJ,Better Half of Me - R3HAB Remix,Better Half of Me (R3HAB Remix),pop,Tom Walker,166013
0iBOGfVW1T08dRqtqnMYK0,Say It Again,Say It Again,pop,AJ Mitchell,206930
0mRDCsoHDP9vbEK9MOuY7n,You & I,You & I,pop,TRXD,163077
1i3zEm2BKa6N2aCtPx8br3,Alive,Alive,pop,henrikz,163842
6U6gLFgQVsZKybsknbxtdZ,Amsterdam,Amsterdam,pop,Frans,177761
2pkYhGilLJDAX4jGGOsE8f,Cross My Heart,Cross My Heart,pop,Hogland,173810
5VlYmXVnGycwv2eaDpyS5Q,what happened,what happened,pop,jayover,176310
2tnVG71enUj33Ic2nFN6kZ,Ride It,Ride It,pop,Regard,157606
7K4qs6xArR9izybon4i4gW,Somebody,Somebody,pop,Erlandsson,159423
2OEr2lzItRFTQvtzXT0wOm,Thinkin Bout You,Thinkin Bout You,pop,Jonasu,151627
12gG0QAqYFNZNVi5YAruLB,Summertime Love,Summertime Love,pop,Captain Cuts,143670
292wwhfpjg2mA7PIyh2RjM,I Could Get Used To This,I Could Get Used To This,pop,Martin Jensen,151126
4BX9utrulgT68sAqwWjrkZ,LA & The Parties,LA & The Parties,pop,Lost Kings,165685
5YYNdXrzjuhHe9PDPKyPq2,Lovers + Strangers,Lovers + Strangers,pop,Starley,178501
1x1tGzVEM8m3cPVcn5lXHw,Too Close,Too Close,pop,Sterkøl,168019
263vZeewsC57W2EYZfzejA,Fallin',Fallin',pop,Sick Individuals,209079
71UYuIZf0TeXAjyy72COVr,Tear Me Down (feat. Philip Rustad),Tear Me Down (feat. Philip Rustad),pop,Davai,184500
48X9IcdoKdIlNIzHLtZ8D5,Perspective,Perspective,pop,AMAANDA,148147
4xEgZDzeVtQqZhamdBpXDN,Cali Girl,Cali Girl,pop,Papa Ya,148163
4qYpRB4HChh1T9GPIrgYJw,Choir - Remix,Choir (Remix),pop,Guy Sebastian,208520
72MNORxPoYqbnaEKJArZod,Cut to the Chase,Cut to the Chase,pop,Roman Müller,153673
1wsT0yP7uhXJ26ZqtgpEhW,You Keep Calling,You Keep Calling,pop,BAARD,199293
0rIAC4PXANcKmitJfoqmVm,Motivation,Motivation,pop,Normani,193837
1MI3mljRwv2P9Nt3devOTF,Like I Love You - Small Talk Remix,Like I Love You (Remixes),pop,Theresa Rex,165111
3zysdGd91RB2oMEkSQVYno,Punching in the Dark,Punching in the Dark,pop,Hellberg,191760
4hPpVbbakQNv8YTHYaOJP4,One Thing Right,One Thing Right,pop,Marshmello,181824
1S7hEPenrIVKVTuEjtXKz9,Letting Go,Letting Go,pop,Hogland,192089
1lrxKnhETdtGBk5BecESRD,Don't Leave Me Lonely - Purple Disco Machine Remix,Don't Leave Me Lonely (Purple Disco Machine Remix),pop,Mark Ronson,215593
7o9SNYNMZTLtWo5W0IH6PI,Hold On,Hold On,pop,Foxa,143415
35FIDQv0u26DSknDahmcdz,With You,With You,pop,Lewka,137348
2Q3uUxPpTKY4MjY5SRFSHK,Try,Try,pop,Lost Kings,185119
1Pu0gOLF3enqyti4alKaad,A Dream Is A Wish Your Heart Makes,A Dream Is A Wish Your Heart Makes,pop,Vinil,199375
58tYBkyFprVpfe0HtJqH27,Lucky One (feat. ILY),Lucky One (feat. ILY),pop,Tom Ferry,188000
33WaAIUnrgkyeosXb0iXNu,Closer,Closer,pop,Haze & Mellow,162117
43JztBwps5nHk69OqYOv9D,Wannabe,Wannabe,pop,Jonasu,187636
7ka24WdTm5OWlE9FmzgfTw,Sending Me You,Sending Me You,pop,henrikz,191509
2Wb7cfgUCj3C95H5vCrsGg,Room for Two,Room for Two,pop,Moe Aly,201612
7Lw5FXm8nhQPvezIpA6jK5,Lost,Lost,pop,End of the World,217493
6D4pMSbaW3eBTdONRoYPQr,Somebody,Somebody,pop,Closed Doors,181609
56JyMaElW79S7TDWh1Zw1m,On A Roll,On A Roll,pop,Ashley O,154448
0EPqqVrZZw00uLDTB0pxs6,I'm Not Alright,I'm Not Alright,pop,Loud Luxury,185062
1aSarrHE1TK9vSmyozuo4K,Calma - Alan Walker Remix,Calma (Alan Walker Remix),pop,Pedro Capó,193973
35v112YYfNoXGOggxVlp40,Bad Look,Bad Look,pop,Charming Horses,157647
7979U8R0HwkgpuRjcDpch2,Here I Am (feat. Michael Shynes),Here I Am (feat. Michael Shynes),pop,Le P,212655
5CQ6McE86ztNSOhQwRwgSf,Can't Say No (feat. PJZ),Can't Say No (feat. PJZ),pop,Alex Mattson,159039
5lAMOiZhF8pq4wO3uHREaY,Somebody I'm Not,Somebody I'm Not,pop,Davai,214627
2adBJEXBiScnmdgqZe5OMM,Nobody To Love,Nobody To Love,pop,Out Of Sound,155968
0XO1KK7qiUGVK8t3FZdM4w,PAY ME BACK!,PAY ME BACK!,pop,ILIRA,188200
7k4t7uLgtOxPwTpFmtJNTY,Tusa,Tusa,pop,KAROL G,200960
5Cbo7oz78gqkzV3EAM63VA,+,+,pop,Aitana,219367
3ZCTVFBt2Brf31RLEnCkWJ,everything i wanted,everything i wanted,pop,Billie Eilish,245426
5fmXWEFh8vMXzKTHN9ezKV,En Tus Planes,En Tus Planes,pop,David Bisbal,172147
6RyuoOJXNzlVWpfC5xQyeI,Alocao (With Bad Gyal),Alocao (With Bad Gyal),pop,Omar Montes,209320
671sG3ETDxC3L6qcGIrHRM,A Dónde Vamos,A Dónde Vamos,pop,Morat,203102
3mQ6SLdxxaL52Yte7KF2Ks,Morado,Morado,pop,J Balvin,200667
41L3O37CECZt3N7ziG2z7l,Yummy,Yummy,pop,Justin Bieber,210427
6RyaV7owmVU6fzEPE17sF1,Que Tire Pa Lante,Que Tire Pa Lante,pop,Daddy Yankee,210520
2usxQITOSDqvkYiI0oIwao,You should be sad,You should be sad,pop,Halsey,205473
4punHldq7Jfx0Plu7SdjQ0,Pegamos Tela,Pegamos Tela,pop,Lérica,187940
59s0s39NFWScuHDbHytI14,Indeciso,Indeciso,pop,Reik,217253
0OP1RzrglC008kj79Httv3,Zorra,Zorra,pop,Bad Gyal,186120
5QXQy0f2q8wJNpPwJtjifx,"Loco Contigo (with J. Balvin & Ozuna feat. Nicky Jam Natti Natasha Darell & Sech) - REMIX","Loco Contigo (with J. Balvin & Ozuna feat. Nicky Jam Natti Natasha Darell & Sech) [REMIX]",pop,DJ Snake,341875
4wNIkl5XGiAACjFBlDWuSd,What A Man Gotta Do,What A Man Gotta Do,pop,Jonas Brothers,180645
2ksOAxtIxY8yElEWw8RhgK,China,China,pop,Anuel AA,301714
60TClTKDePeUjKyfotkLEg,Celébrate,Amuza,pop,Miki Núñez,219533
0rsRJOlDJxfNPNTEALa2t3,Rare,Rare,pop,Selena Gomez,220590
0Cn8NxJZz7zUlsaA3rXoIU,Easy - Remix,Easy (Remix),pop,Jhay Cortez,220147
7FIWs0pqAYbP91WWM0vlTQ,Godzilla (feat. Juice WRLD),Music To Be Murdered By,pop,Eminem,210800
3jbT1Y5MoPwEIpZndDDwVq,Adicto (with Anuel AA & Ozuna),Adicto (with Anuel AA & Ozuna),pop,Tainy,270741
2rc7BkzO8qepMFAxHtOrXc,Blanco,Blanco,pop,J Balvin,145800
0TK2YIli7K1leLovkQiNik,Señorita,Señorita,pop,Shawn Mendes,190960
1sviDBcAqVOxMXq4xITVEs,Que Calor (feat. J Balvin & El Alfa),Que Calor (feat. J Balvin & El Alfa),pop,Major Lazer,169998
2b8fOow8UzyDFAE27YhOZM,Memories,Memories,pop,Maroon 5,189486
2g2N78BH9x4iAzeSvjG7dU,All I Want For Christmas Is You,Merry Christmas II You,pop,Mariah Carey,242347
6uzGmmQ4CuG9HvZktEy0LF,Qué Bonito Es Querer,La Cruz Del Mapa,pop,Manuel Carrasco,270188
0uW9gZMn6SVBSVp39umUy7,Revival,Revival,pop,Gregory Porter,186989
7nHUD2xhqkehsYk3PT6QDs,Presiento,Presiento,pop,Morat,174380
0sf12qNH5qcw8qpgymFOqD,Blinding Lights,Blinding Lights,pop,The Weeknd,201573
7bsqRe39lKOYX45FZpzP9o,Fuera De Mi Mente,Fuera De Mi Mente,pop,Lérica,181433
7qEHsqek33rTcFNT9PFqLf,Someone You Loved,Divinely Uninspired To A Hellish Extent,pop,Lewis Capaldi,182161
4piZ5m1vZGDkfyHga5U97m,Hookah,Hookah,pop,Bad Gyal,179893
6Gg1gjgKi2AK4e0qzsR7sd,Bandit (with YoungBoy Never Broke Again),Bandit (with YoungBoy Never Broke Again),pop,Juice WRLD,189323
4500Dr4dVfnQiMjaTC4oIq,Me Equivocaré,Me Equivocaré,pop,Antonio José,152722
7IzbHY75UhGztauT7U5eKb,Lola Bunny,Lola Bunny,pop,Lola Indigo,187263
4VginDwYTP2eaHJzO0QMjG,Circles,Circles,pop,Post Malone,214907
6Nqi1fWKYXrVXmF3RtQbSf,Me Quedo,Spoiler,pop,Aitana,174433
0fea68AdmYNygeTGI4RC18,LA CANCIÓN,OASIS,pop,J Balvin,242573
3mN2DtljBhnrIpc3Nu2pJ8,Déjate Querer,Déjate Querer,pop,Lalo Ebratt,202824
2qON8SpeBDBSoWCvDKuwbU,Bésame,Bésame,pop,David Bisbal,200962
3cphb8kdsjElYR7r5icK3H,Nice To Meet Ya,Nice To Meet Ya,pop,Niall Horan,158805
7tQ24skemknA6PPh6gwFi1,Mejores Amigos,Mejores Amigos,pop,Yera,205369
57vxBYXtHMk6H1aD29V7PU,Heartless,Heartless,pop,The Weeknd,200080
4AyvLHET4Zl794yQiQvxmp,Push It On Me,Push It On Me,pop,Damien,164333
5w9c2J52mkdntKOmRLeM2m,Con Calma,Con Calma,pop,Daddy Yankee,193227
0gcOnIUKIG6JF56iFUfE0p,Bonita,Bonita,pop,Juanes,147493
1CPAiHBpTTtHPAlOcVWIwT,LUNA,LUNA,pop,Lola Indigo,209362
3i9UVldZOE0aD0JnyfAZZ0,Lover (Remix) [feat. Shawn Mendes],Lover (Remix) [feat. Shawn Mendes],pop,Taylor Swift,221307
4R0sTxCaskwCPbzkfXHfWg,Santa María (Feat. Busy Signal),Santa Maria,pop,Bad Gyal,154933
7BuSE9uTIw931wtZYzvZcQ,Runaway,Runaway,pop,Sebastian Yatra,200693
5o3pP3SWueoHRCytmwaL52,caronte,caronte,pop,Alba Reche,189758
1HfMVBKM75vxSfsQ5VefZ5,Lose You To Love Me,Lose You To Love Me,pop,Selena Gomez,206459
3dWpRjCmaHbroNahuSeX11,Rebota - Remix,Rebota (Remix),pop,Guaynaa,262000
1WMfmBKlRTUGafwEjtJIhN,"Mucho más allá - De ""Frozen 2""","Mucho más allá (De ""Frozen 2"")",pop,David Bisbal,190467
7ce20yLkzuXXLUhzIDoZih,Before You Go,Before You Go,pop,Lewis Capaldi,215107
5O3uMYHZpppwOrAglPoydO,Mama No,Mama No,pop,Pablo López,170738
1c0hsvHLELX6y8qymnpLKL,Soltera - Remix,Soltera (Remix),pop,Lunay,266087
7zH4rnKKGm5vACoSEXBEDe,nana triste,nana triste,pop,Natalia Lacunza,187016
6uW0PIRcyZLvkoonm763xD,Contando Lunares (feat. Cruz Cafuné),La Dura Vida del Joven Rapero,pop,Don Patricio,219667
3a94DkjR4idw3bp8yzai59,Mambo No. 5 (A Little Bit of...),Ultimate Holiday Hits,pop,Lou Bega,219333
24CXuh2WNpgeSYUOvz14jk,Sandstorm - Radio Edit,Before The Storm,pop,Darude,225373
77j9HOrxUpWcjwra9jgvio,We like to Party! (Six Flags),We like to Party! (The Vengabus),pop,Vengaboys,224227
6rQ9qJPvInEqSzlh89LsPJ,Coco Jamboo - Radio Version,We See The Same Sun,pop,Mr. President,218733
5FgtdSf7I5lClThz2ptWvl,Blue (Da Ba Dee),Europop,pop,Eiffel 65,283748
2ZCTP54O2dMSbVrdsg60to,Barbie Girl,Greatest Hits,pop,Aqua,195040
2ahnofp2LbBWDXcJbMaSTu,What Is Love,What is Love - Remix,pop,Haddaway,270373
0wP3e5PzSxafy2TRtlayq9,Scatman (ski-ba-bop-ba-dop-bop),Scatman's World,pop,Scatman John,215973
7cG3wfohoNDSp2M8FWrgTg,Bailando - Video Edit,Bailando,pop,Paradisio,229627
1bttWPpJQmn9zdi951BcAZ,Be My Lover,50 Summer Hits,pop,La Bouche,239747
7znm8mn8oac6FKfmLuvPZa,The Riddle (Original Mix),The Riddle,pop,Gigi D'Agostino,287307
3MjUtNVVq3C8Fn0MP3zhXa,...Baby One More Time,...Baby One More Time (Digital Deluxe Version),pop,Britney Spears,211067
5dle7lDSqNS2AcFtbvgkud,Rhythm Is A Dancer - 12'' Version,Rhythm Is A Dancer Volume 08,pop,SNAP!,316133
0MhkdVUCf8ZttUXzZ3J9J6,Another Night,Ultimate Club Dance 90s - Vol. 2,pop,Real McCoy,236871
5rDsAMjmB4Qa5WNciJPsfK,Tubthumping,Playlist: 90s Pop,pop,Chumbawamba,234133
12BbMJsJi65mxneq6c9Lm7,All That She Wants - Remastered,Happy Nation (Remastered),pop,Ace of Base,211213
3L9RIFcNF9IDGPRE96EO7N,The Rhythm Of The Night,Disco 90's,pop,Corona,264280
270MuyUHPJJUXWApRk2Py8,Macarena - Bayside Boys Remix,Ultimate Holiday Hits,pop,Los Del Rio,222027
2goLsvvODILDzeeiT4dAoR,Believe,Believe,pop,Cher,239027
36sAHywEsh50kaM6CpENHp,(You Drive Me) Crazy,Baby One More Time,pop,Britney Spears,198093
3DYVWvPh3kGwPasp7yjahc,The Sign,Greatest Hits,pop,Ace of Base,189787
6YZpyZ4gmK4VQWvN6230A2,Will I Ever,Who Needs Guitars Anyway?,pop,Alice DJ,210147
4RybvT8lyLLjkWXqmAuZnX,Happy People (feat. Marky Mark),Life In The Streets,pop,Prince Ital Joe,238200
4q7HqgwzTAK332xEbzuBVm,Sex On The Beach - Original Mix,Sex on the beach,pop,T-Spoon,237293
6JFyoWiWW69dTjPrJ0RxQ1,When You Wish Upon A Star,When You Wish Upon A Star,pop,The Mamas,183667
4yEXem27DzCg8xytvvO3E9,Lollipop (Candyman),Greatest Hits,pop,Aqua,215053
5a6WvCvpzP3flz3ZG0aAMp,Rock My Heart - Radio Mix,The Album,pop,Haddaway,250933
5p0rUHicpwMZil8RlNGGth,This Is Your Night,This Is Your Night,pop,Amber,238160
6xjmujeAeuBznFjdKhZQNY,The Other Side,The Other Side,pop,Grace Gracie,183750
0kwENjv9F98MZLPEN3gCQT,Gonna Make You Sweat (Everybody Dance Now),100 Hits of the '90s,pop,C & C Music Factory,243800
0XVikcHfkoBvJ5ZU8xQBWn,Come and Get Your Love - Radio Edit,Another Night,pop,Real McCoy,194560
4wtR6HB3XekEengMX17cpc,Children,Dance Vault Mixes - Children,pop,Robert Miles,243267
4lDKORchTM8Rd0PFQFXTLX,Baby Baby,The Rhythm of the Night,pop,Corona,228013
12DVGoYMPBebItALnmaNdT,Pump Up the Jam,Winners Greatest Hits Vol.2,pop,Technotronic,214576
5jOvmh1DYmaiBPETL6HCRY,Waiting for Tonight,Dance Again...The Hits,pop,Jennifer Lopez,246507
4Fqm5rqB0WMx0hPOwgRjFr,Dreams (Will Come Alive),Dreams,pop,2 Brothers On The 4th Floor,263163
1vuz46T61qINYeGeN93AKZ,Life - Radio Edit,Essential - The 90s,pop,Des'ree,189987
1Je1IMUlBXcx1Fz0WE7oPT,Wannabe,Spice,pop,Spice Girls,173027
6X5nB9TR6EK9ABabYAzcQ8,Ride Wit Me - Album Version (Edited),Lost & Found: Noughties Pop Volume 1,pop,Nelly,290373
0b8PKDeFc2T5u9cRbLLv2r,We're Going to Ibiza!,Greatest Hits!,pop,Vengaboys,216360
2wz5weI4PREzpexKfrKgwv,Sweet Dreams,Greatest Hits,pop,La Bouche,204587
2es5efbIHrLOLcdmBmpoiR,Back in My Life,Back in My Life,pop,Alice DJ,212493
2Ld2LehpgQNREMxl9LlIzm,"Boom Boom Boom Boom!!","Boom Boom Boom Boom!!",pop,Vengaboys,201840
0JXXm3RqxU8EKzX4P8M0n3,More And More - Single Version,Love Is Not Sex,pop,Captain Hollywood Project,253573
40WzXFabdkT1KCgRYwoz8X,Generation Of Love,Generation Of Love,pop,Masterboy,219240
0ibYVniVLMJWvc3eNfYk8T,Run Away,Another Night,pop,Real McCoy,244133
0DURckDH8F3pzTz7KKFLz7,Call Me,Dewdrops In The Garden,pop,Deee-Lite,230600
5LskeIhrR7YqlbrPWZJRLe,(You Drive Me) Crazy [The Stop Remix!] - Remastered,The Essential Britney Spears,pop,Britney Spears,197653
1GwdUrz7DujSedNxnzVfqI,Beautiful Life,Singles of the 90s,pop,Ace of Base,219307
4mSRaJAwIZOhdxFQF4ryZa,Celebration,Celebration,pop,Kylie Minogue,238747
7kWmT6l911OFlkhhSV6KlM,Got to Get It,Serenity,pop,Culture Beat,321427
6JXghpembwocSY1Ky0TxTt,No More (I Can't Stand It),To The Maxximum,pop,Maxx,281933
69jRUfC6ZjhiY88OySXqoj,Let the Dream Come True,Best Of,pop,DJ Bobo,241067
32PCjJw8mk1FrJT2FcqRtT,Let's Talk About Sex,RnB Fridays,pop,Salt-N-Pepa,212747
7vHkU1H73z5NVbGTIyI1DG,Around The World,Greatest Hits,pop,Aqua,209120
0weAUscowxeqDtpCgtbpgp,Gettin' Jiggy Wit It,Big Willie Style,pop,Will Smith,227933
5Jcv891JICGnMkkP7Lr3Ju,Cotton Eye Joe,100 Hits of the '90s,pop,Rednex,193827
71Cid4UeolaHRzdbmMDAVb,Get A Way,To The Maxximum,pop,Maxx,226773
3f2pJ9Mb9EcaCLJjm1aevz,I Give You My Heart,We See The Same Sun,pop,Mr. President,215067
3XVozq1aeqsJwpXrEZrDJ9,Ice Ice Baby,Vanilla Ice Is Back! - Hip Hop Classics,pop,Vanilla Ice,254467
1B95cw0Rjg96AKLfxxUSnb,Lost in Someone Else,"Southern Pop Vol. 1",pop,Casey Derhak,237534
0yx5eBLk3AGOH5EruCqLDx,Hardcore Vibes,Dune,pop,Dune,213240
72lAIcldZMBgaeF6XwjAnC,Better Off Alone - Hitradio Mix,Better Off Alone,pop,Alice Deejay,218493
3DdCb7EyPUcUD0LKWkJ0L7,Roses Are Red - Original Version,Greatest Hits,pop,Aqua,222747
2foOeJLKSvepjHEkb4NR8N,Think About The Way,Ice 'n' Green,pop,Ice Mc,260973
2QbuqnxPaHCsYnlbAZDxvV,Try Me Out,The Rhythm of the Night,pop,Corona,206880
4KjXkB31IrgmVimunoVrts,Max Don´t Have Sex With Your Ex,Sex Affairs,pop,E-Rotic,211040
5YTMRAT4yKgFrepF8Hi3mY,I Want You Back - Radio Edit,'N Sync,pop,*NSYNC,202107
5hDPWrf12qJQ2pFGTbputX,Ecuador - Original Radio Edit,The Best Of,pop,Sash!,212133
1gyaphIqlNbfhlQTUJ8iNr,Saturday Night - Radio Edit,Best of [X-Mas Edition],pop,Whigfield,223910
4kFmRFE9YzjKnUCbXQKnag,Nessaja,20 Years of Hardcore (Remastered),pop,Scooter,208450
34zbPJOhBLVd4sYbHSV7nr,Dub-I-Dub,Me & My,pop,Me & My,205000
6PUzxtIHkv346yP89NzP9X,Kernkraft 400,Kernkraft 400 Single Mixes,pop,Zombie Nation,285173
4cjHy6TwppuNZ05yrP8Fic,Think of You - Radio Edit,Think of You - Single,pop,Whigfield,243069
2Biy0tRkZTGxGH8axDwnqP,The Bomb (These Sounds Fall Into My Mind),All In The Mind,pop,The Bucketheads,202934
1CJbLAkUiPXrttszpQhnO6,Mr. Vain Recall - Radio Edit,Mr. Vain Recall,pop,Culture Beat,213413
1SssFw74DdHVjRa6ADggdD,Sweat (A La La La La Long),Blazzin' Fire,pop,Inner Circle,227067
7dIa8yS7HIPKkBvOmERSZ7,U Got 2 Let The Music - Brescia Edit,Best Of Cappella,pop,Cappella,218907
44o1MQVbm8S827avRs4RHc,Feel the heat of the night - Radio Edit,Feel the heat of the night,pop,Masterboy,221840
1M9HkdNJ9ArhHc4ueJ5tVm,Captain Jack - Short Mix,Captain Jack Is Back,pop,Captain Jack,248533
09nxdcY2oYo57fJrG6CCCT,Dragostea Din Tei - Original Romanian Version,Time 25th Anniversary,pop,O-Zone,213461
3cOnQmSQuEUie603kZp82h,Somebody Dance with Me,Best Of,pop,DJ Bobo,212893
0KT6DLAELYSbgfUemzwGPX,Heaven (featuring Do),Heaven,pop,DJ Sammy,235000
5unmsMTn84dE2kb3kz4wfe,Around the World (La La La La La) - Radio Version,Smash! Vol. 11,pop,A Touch Of Class,215800
3vV2Gu4JlRaeHfJxg2Z1dk,My Oh My,Aquarium,pop,Aqua,204720
5Klo65Y9uouLjNVDV3pqh7,Go West - 2003 Remaster,PopArt - The Hits,pop,Pet Shop Boys,304080
1ohbjkuczl6hEoYEo931PH,Sing Hallelujah!,One Love (2nd Edition),pop,Dr. Alban,240933
1pUFYb9peWkK8m1WCKNRjp,God Is a DJ,Forever Faithless - The Greatest Hits (C),pop,Faithless,208507
5npMYgysWSKOIVXj2szeLn,Vogue - Edit,I'm Breathless,pop,Madonna,289560
6FP4peicCGnib7asns71fs,The Launch - Radio Edit,The Launch,pop,DJ Jean,220360
5WtbtCmPbr8a9TkFSCx7nF,Not over Yet - Perfecto Edit,Digging In The Crates: 1997 Vol. 1,pop,Grace,458058
4cqiLvFRDuV8ClE61eMmZx,Never Alone,Dreams,pop,2 Brothers On The 4th Floor,252072
1IWzfq3sLedGQ3fb2hAMBA,Rhythm Is A Dancer,The Madman's Return,pop,SNAP!,332230
3v1W3lS40jrAyGerzF3igy,Up & Down,Greatest Hits!,pop,Vengaboys,241040
6dugx9WBSS8TDxbKqp9zmj,Scatman's World,Scatman's World,pop,Scatman John,225133
2rTYgHxgcndkUrRoU7x0Sv,Mr. Vain,Serenity,pop,Culture Beat,336840
0FkLMOUTkSTPSAYkIXQ579,L'amour Toujours (Small Mix),L'Amour Toujour,pop,Gigi D'Agostino,242053
0nQLxiNGbbUoSGrxksETLm,The Power,World Power,pop,SNAP!,228994
12N5Qmt5TAs881z17sWUvV,Run To Me,The Blue Album,pop,Double You,237533
4RADreHMvMkZwsPgPr9z5c,"Rhythm Is A Dancer - 7"" Edit",The Madman's Return,pop,SNAP!,225882
65RTyZesurf9xxf7FZVL1u,Not Today - Remix,Not Today,pop,Hillsong UNITED,219187
3skkHSk5KA7akip3Ey6Xjx,Every Little Thing,III,pop,Hillsong Young & Free,202893
2sCLhumJK6miHTPJvl3IHE,I Believe,I Believe,pop,Youngheart,220200
4773u67p3U4PKaWtm5vlcj,Come To Life,Come To Life,pop,Neon Feather,178733
0jrDmug9eevza5OnEarhgA,Neighbour,Neighbour,pop,Verses,242267
5cdVjOTp2QPOmYlFuCtkAP,Close (feat. Steven Furtick),Perfect Peace,pop,Tauren Wells,168000
6v1Hgn7yTvz7vQkJiRBESz,Nobody,Nobody,pop,Local Sound,187693
22gFNeEYuXuElY2QsLeMqx,Up Again (Lucky Rose Remix),Up Again (The Remixes),pop,Dan Bremnes,170948
3x4q0AuhGdiPi1jvCIFACQ,This Place,This Place,pop,Logan Pollard,183000
3tPJHHygrSqPgZPoAxON8B,Letting Go,Letting Go,pop,Verses,222160
5X54DpGquhkONi2RbkUvsH,I just need U. - Tide Electric Remix,The St. Nemele Collab Sessions,pop,TobyMac,207493
5q6iykOAJ0N2fe7wvj0r3A,Through People Like Me - Chris Howland Remix,Through People Like Me (Chris Howland Remix),pop,Mass Anthem,207600
3LEiqJm0Q2iwUNZ8t5PDqe,Glorious Day - Remix,Glorious Day (Remix),pop,Passion,257947
0m8YMp4kDDFVATJCVIdhOv,Victory (Remix),You're Here - EP,pop,Highlands Worship,213723
4BqQrDNmfGfujQ4wPRb5tS,Reckless Love,Reckless Love,pop,Verses,227267
36J64RkkFvdrJNKfiwY0iB,Gravity,Gravity,pop,Elizabeth Grace,202710
0EJlpO8Z5Vqy4phgcqU84V,Paradise,Daydreamer,pop,Matthew Parker,227080
1c8q7CBtCpGs30KOpWFrDA,Circles,Circles,pop,Rachael Nemiroff,230904
3CMc5c4Ex3OMy1rzk5oIXs,More Of You,III,pop,Hillsong Young & Free,214867
0nJgXVtgMwXsVspxOoVzP1,Without Your Love,Without Your Love,pop,York Worship,236380
4uQcfhLIZNpiWJKS9nPz3z,Burn The Ships (R3HAB Remix),Burn The Ships (R3HAB Remix),pop,for KING & COUNTRY,146020
1I2NEALPO5AC8mhgiXyBuV,How You Love,How You Love,pop,Marci Coleman,237097
7xirNNSKhl1H9U9TKRNSYL,Ain't No Grave,Ain't No Grave,pop,Bryan Boliver,208615
5x0YfwtrTBCxjVuiVuW7fw,Fall to My Knees,Fall to My Knees,pop,Marshall Marshall,198800
3A1etA4fcClRWiPCRhbY9l,Only Ever,Only Ever,pop,Alive City,201041
0ReSY5XOCFXFRooRS7hPxk,God Only Knows (GATTÜSO Remix),God Only Knows (GATTÜSO Remix),pop,for KING & COUNTRY,198371
3ihK0bdxDfJmsxLHmK74kR,We Dance,Bright Ones,pop,Bright Ones,234774
43S4LXQySI1N2Zmnkdzh6j,All In (CB Remix),All In,pop,Heather Schnoor,187966
4mTSFX7iAk4JN3IHu1qghA,Hold On,Hold On,pop,Verses,234885
3u8YEAVRbJEozzWp9WZLVR,On The Way Up 2.0,Out Of Body,pop,Apollo LTD,196400
5iCVQdYhIJYSbBPe1XazGk,Overboard (Doug Weier Remix),Stones Reloaded,pop,Manafest,244158
7AQxzmkhwBJwgSYr0qQTVf,Electric,Touching Heaven - Electric EP,pop,Influence Music,214038
67uQCds7ugUZn3TZUhc5dB,Love Me Like You - TYE Remix,Love Me Like You (TYE Remix),pop,The Young Escape,203000
04BZvpVvpJKPWXVfnWr6a3,Grateful (Neon Feather Remix),Grateful (Neon Feather Remix),pop,Cade Thompson,142723
3LxnSVRPRzPZdhNlu3d6W9,Nobody,In the Meantime...,pop,Bryan Boliver,253263
0shptsB4Efvi4T5zNKjeuO,Scars (Come With Livin') - Neon Feather Remix,The St. Nemele Collab Sessions,pop,TobyMac,243240
3decfgk2pFkvCzYUFj6ssf,I'm Yours,I'm Yours,pop,Influencers Worship,205280
18tCFWknS0gTJBBRLCuI0T,You Tell Me,You Tell Me,pop,Youngheart,180600
51fJSFDs5Lnu7n7HfFR4qk,Amazing Grace - HGHTS Remix,Remembering Me,pop,Hyper Fenton,160776
5pGOK0d3Ls6ikio9oQYkLC,Streams,Streams,pop,Austin & Lindsey Adamec,240995
5nS1Qzp6og3WIDj66VaE9V,Heaven On Earth,Heaven On Earth,pop,Stars Go Dim,178680
35WxT8FX7Y3i7Tc4VX7yR3,joy.,joy.,pop,for KING & COUNTRY,233947
384MzPWC7HLmPNYDrkYlj8,On Top of the World (Remix),On Top of the World (Remix),pop,Citipointe Live,212963
511Q7DOLFifvVhCfPO1tgp,Mirage,Mirage,pop,Platon Emil,213411
48r9VGBsm0WhLf5k8EuEcU,100 (feat. Dawn Elektra),"Younger Days Pt. 2",pop,Galactus Jack,203304
1HXkhm3VgTwqtHUDzKT3GY,Unshakable Love,Unshakable Love,pop,Elevation Youth,192365
5e7LO2aDWOUlYa5QUhGyhE,Chasing Me,Chasing Me,pop,Long Hollow Wave,225273
6O3GXI34itpMqZbBYHNgoX,WILD LOVE,WILD LOVE,pop,ELEVATION RHYTHM,167500
6ZkeEVV8OVRuhZfzB28DlD,Heaven On Earth - Radio Single,Heaven On Earth,pop,Planetshakers,225857
0R8tMSvCvkHpiz7DjnBsAw,Let Go,Let Go,pop,Hillsong Young & Free,231280
7tOL3KPed2xaNyDIYBo45p,Your Love (HGHTS Remix),Your Love (HGHTS Remix),pop,Chris Howland,237710
467Ka8djftrhQIZTkYJar0,Peace,Peace,pop,Canyon Hills Worship,195493
4rFKp5rDJS3bldnga3QDLY,Everything and More (feat. Aaron Cole),Everything and More / Isaac,pop,Hollyn,197000
7v4qvJHhz314Fcq0sLmyvR,Open Over Us (Live),Open Over Us (Live),pop,Meredith Andrews,452389
50Y5DKzkMsTws48NvpuN5s,Love Won't Let Me Down,Love Won't Let Me Down,pop,Hillsong Young & Free,205730
1MNDmPabVMFhgKy8aqT2V5,Before the Start,"Forever Now",pop,Newday,288012
7EixVppWsnZOvJJ4ZqET14,Good Life,Good Life,pop,The Young Escape,185427
1cloJnP4gDul2IiDqCwGNh,Higher Than Mine,Higher Than Mine,pop,SEU Worship,185062
6ox0BtzYRNG5RmuWvHQeGE,Fight for Me,Fight for Me,pop,GAWVI,203058
3EnzqTwdFWe68x0OTxR9T5,You Are My Revival - Remix,You Are My Revival (Remix),pop,Long Hollow Wave,184000
2MaU0zb75fuPS5DVKd0jqh,Tick,Tick,pop,Happi,165015
1XmVcaQPI9yWpKVbIiL14L,Feel so Alive,"Amplify Worship Vol. 1",pop,Amplify Worship,201507
5mGfNohrEXnZOXRiA6wnXS,Higher - HYMN Remix,Higher (HYMN Remix),pop,For All Seasons,206228
2NwLHtXx1LDo3wmjDbQVUH,Human (Matthew Parker Remix),Human (Matthew Parker Remix),pop,Holly Starr,245114
7FifQY094jXA1y2Z34caaC,So Good,So Good,pop,Jabin Chavez,231982
1rT1mXm67dRJPY64AC10Th,So Much More - Remix,So Much More,pop,Northwood Worship,240157
4YkMADiCB98XqOGQb0P1aT,Light the Way- Single (feat. Nozomi),Light the Way,pop,Brandon Seibert,210967
4f1lXCkLLZV7K2zJhAAMwZ,Lavish,Lavish,pop,WYLD,204600
6NxyQGdameCyJwJNko3xkF,Where Would I Be - Remix,Where Would I Be (Remix),pop,Heart Youth,194198
2oTLO5bUVaNMuZYaevh0yf,Edge Of My Seat - THUNDERBIRD Remix,The St. Nemele Collab Sessions,pop,TobyMac,179773
64WGFpBr68nqhKHahymiyZ,Heaven Is Here,On Earth / In Heaven,pop,Influencers Worship,255277
7t7DIWoyU902Qn5YNaKG84,Brave,Brave,pop,The Vicious Vic,212970
0bs6tC9MHag57CQU3A0Im1,The Reason (Sean Cook Remix),The Reason (Sean Cook Remix),pop,Urban Rescue,181905
1nA0NiBT62ZUdL5bvV3rRn,Just As I Am,Just As I Am,pop,Marshall Marshall,195000
5yZpJTy5l9RllZbapSLp5Z,Walk On Water,Walk On Water,pop,Nadia Grace,208226
5ZULALImTm80tzUbYQYM9d,Dance Monkey,The Kids Are Coming,pop,Tones and I,209438
53CNDHcrOI23OATSulqwJz,Deeper Love,Deeper Love,pop,Covenants,146557
2du5gCpnDxNp8DZwvbVixv,"About Me - Brieuc Cloud 41 & Lowkie Club Mix","About Me (Brieuc Cloud 41 & Lowkie Remix)",pop,Argui,175591
58D6VqvfGiVvPkNQstmdUj,Leave The Light On,Leave The Light On,pop,ReauBeau,178235
4PshELHcjnTZQ2lBscyz8Q,Kuama,Kuama,pop,Gregor Potter,190080
1bSO9nzT5h55OrJO7BbHL2,One Life - VIP Mix,One Life (VIP Mix),pop,DJ MEG,201500
7HxbtxmdOIM0mttc9sBLzI,Feelings,Feelings,pop,FUNKYBEAT,187115
2ll2DFDKBbjxZ3YFSWemMn,Night Drive,Night Drive,pop,Rubayne,178286
2EDHz4tC3pZDkxAJln2sB3,Energia,Energia,pop,Tim Hox,204772
2ljYzOcJBuvjadNQXrW1Mg,About Me,About Me,pop,Argui,186290
6B4H7k0ANCSCribJM3Z0VP,Yourself,Yourself,pop,IIWII,154839
1A80HRxJMhn6YAxqRup4BQ,Oh Baby,Oh Baby,pop,Martin Mix,160000
5KHbu2Go6NBryS0h0TpTNJ,Talk About It,Talk About It,pop,Bancali,248727
7mpcmYoOCeI5gh5azJSnWY,You Don't Know Me (feat. Duane Harden) - Radio Edit,Return of the 90s,pop,Armand Van Helden,200787
1ECSiX5La6LjrV4a3YSn61,One Life,One Life,pop,DJ MEG,196777
16oJQyfFenUOV6Mit7tMlo,Somebody,Somebody,pop,Venomenal,208809
6fGTmOLGyOYvBN7RZcPMLC,Criminal,Criminal,pop,Noah Neiman,207000
2b9nc02c0lN7BRupiZpUZd,Is This Love,Is This Love,pop,Venomenal,184225
2MAaPdiUD0bkWNhlfrLC3F,Flashback,Flashback,pop,Tim van Werd,171589
5Qsgy4BNNR8ZKIsGGhb8lv,Good Omen,Gemstone presents Hidden Gems Vol. 2,pop,Ortzy,223636
1admfyWHefYAHbwjKdro8b,Time,Time,pop,Brieuc,205938
1kSEroHstaZPoBMouyCbHU,Come Over,Come Over,pop,Noah Neiman,223687
2oIc3yUshnfNpy4NjJFAWO,Anastasy,Anastasy,pop,TheLavish,201509
5jyLJ77yatsz5KfW2zXLvO,Ego - Domastic Remix,Ego (Domastic Remix),pop,Rich Edwards,187500
2NUIaPZQ0FvyRsmPbLvyno,If,If,pop,eSQUIRE,236129
75V4H4EmBmzUVjjcPorCzC,Give In To You,Give In To You,pop,Matt Strike,174545
21X8grU7IMAVa2elySGIRR,Next To Me,Next To Me,pop,Olmos,189358
0Hg7Cuf6iv7G5CDfxZqwxQ,Cut You Loose,Cut You Loose,pop,ReauBeau,155586
6LISuoA3ejKIjbfgFdVYoe,G+O,G+O,pop,WHYLO,160941
2uSfFZG8Bfrfo7Q2bm98JC,Something,Something,pop,Funk Machine,171000
6or5lT9sFZHGqjr9waVqTA,The Weekend,The Weekend,pop,REK,168300
6ol2reMXoUuIZE0TA5FfvU,Right For Ya,Right For Ya,pop,Prince Paris,158400
0UZqdhKxrGxVLPVkTrCZ2d,I Refuse,I Refuse,pop,Matt Strike,200727
633nrOG7ExXrw3Dnj9DJ5U,Firefly,Firefly,pop,Olmos,204112
2DSDxFmWjyoKmCamYexX4b,Changes,Changes,pop,Steve Hartz,203571
4OgitSyiGyLiRKdw8Q0ueX,Love's Not Fading,Love's Not Fading,pop,Julian Calor,214857
3xJx0XcOK0tfVquoP1TY1i,Closure,Closure,pop,Snareskin,180332
3NPvE7siGFFFB1lwTBwF3F,Bring You Home,Bring You Home,pop,The Partysquad,187200
5wPlp34kFeUY2zgcIOxyks,Black & Blue,Black & Blue,pop,VIVID,212364
6oZQUfZVGOwKmb9Zsjd0vx,Unforgettable,Unforgettable,pop,Aerreo,221935
7q8O26YXHhmaYRuHoFP8WA,Madness,Madness,pop,Matt Strike,202105
5pTo16mj3CEmY5ZeaBfSxx,Love Me Away,Love Me Away,pop,Junior J,167288
2EtqqczcLNk5A61lGXfqfk,Superficial Love,Superficial Love,pop,Karim Mika,232500
4idB0v45onZipVsuVPmNYF,Tell Me,Tell Me,pop,Rich Edwards,204667
0TXDJf4CYjDJ06TmNa2JFo,Middlefingers,Middlefingers,pop,Tom & Jame,196500
48jHHmb5clst09XAbv4kXx,Like You,Like You,pop,Anthony Dircson,164000
2ZUpK7zEZHyewSn6b57AHW,Find You,Find You,pop,Charming Horses,174000
6gjJnkvucgBtEyGkKQVBd0,SO AM I,SO AM I,pop,WHYLO,183528
1kDoUhdifstUonl3rPqALE,Walk Away - Rich Edwards Remix,Walk Away (Rich Edwards Remix),pop,Sick Individuals,147464
5LY8939uhRCLuTBZptxtZK,Walk Away - Melio Remix,Walk Away (Melio Remix),pop,Sick Individuals,195857
2nvpSQh1Qn65nwX0Ssc7sP,Love Again,Love Again,pop,Matt Strike,228265
48fLPV7iCWxVoOqHdMrmc7,Ego,Ego,pop,Rich Edwards,193714
4nT4O9xTNvHX7Zwt2bq4nn,Take Me,Gemstone presents Hidden Gems Vol. 2,pop,Steve Hartz,172569
1bu2fXNStlVDr7CMj5klhw,Fixated,Gemstone presents Hidden Gems Vol. 2,pop,ORACLES,219813
2jcYSJGmvhpYn3D6IVzS0S,On Replay,On Replay,pop,Costa Leon,171639
745LUoE5rQZ51Tz4WnBoNp,Try Again (feat. A7S),Try Again (feat. A7S),pop,Tungevaag & Raaban,179552
3aY4mGFsRJJmZeqkagYFCB,Morninglight - Main Circus Deep Mix,Morninglight (Main Circus Remixes),pop,Team Deep,251590
7d7i3Qm7awL2gJPcYoQ0hn,Aura - Edit,Aura (Edit),pop,Avoure,268232
3sluZvJ5lmSBe8yYVYbZSH,Everyday,Everyday,pop,Eddie Thoneick,302510
11dhySFZw0ZslqkOYnPqak,Head Over Heels - James Roe Remix,Head Over Heels (James Roe Remix),pop,Sultan + Shepard,184003
4ZOt1OugofXuARJ9Y6eGl6,What's It Gonna Be,What's It Gonna Be,pop,Venomenal,184639
1mQ6oxC6caPHPY1siLKNzO,Summer Air (feat. Trevor Guthrie),Summer Air (feat. Trevor Guthrie),pop,Hardwell,201905
6Uht61EmIs80U7aNc7yzjh,I Know,I Know,pop,Pierce Fulton,300000
3m71siVDw8qXKAdpO9zLiT,Someone New,Someone New,pop,Quentyn,182143
2uiAa5m82aeHbtOFA3x58m,Aftermath,Aftermath,pop,Kydus,247984
4TANuW9cpKCGqH499rr9re,Visions,Visions,pop,Lane 8,261120
03ShCBJrWXSp3vogMeCIxz,Switch,Switch,pop,Afrojack,173340
1GYW5YnYuoWiPw4ZB4V1lD,Spiritual (Mriya) [feat. Brooke Tomlinson],Spiritual (Mriya) [feat. Brooke Tomlinson],pop,Curbi,198750
1niO3yUZuPOkcgzaQSKAJx,Wrong for Me,Wrong for Me,pop,Otherwise Fine,211107
1nYWmABuAHNjdRdAcasmQv,Take Me Away,Take Me Away,pop,Calippo,201120
25vBQdSHICUlEX14WwuNM9,Pretender,Pretender,pop,Wolves By Night,190820
7yaMJeDKiDCGC35LrP6EYU,Love Me - Felix Cartal's Chill Mix,Love Me (Remixes),pop,Felix Cartal,221901
5ZH1dljg1FkK3n8wmZOXlJ,Tell Me Why,Tell Me Why,pop,Duskus,218182
0ZX44GyxjAWC4dbi9MmiUS,Dancing By Yourself,Dancing By Yourself,pop,Junior Sanchez,185041
323eANs4Kha72cH6LjR10A,Hurt U,Hurt U,pop,EAUXMAR,187368
3ODZO5cBfM9S0wQSMhBSjg,It Ain't Over,It Ain't Over,pop,Funk Machine,183375
1RbgdZhU9FOKFbDZZKOMrv,Shadows (feat. Veronica),Shadows (feat. Veronica),pop,Adam K,182034
7yQuDwalzZvPiA94r0mlRY,Preach,Preach,pop,Watermät,181940
7ubEV4AIzzuaGKnl23GhjR,Found Me (feat. Maria Hazell),Found Me (feat. Maria Hazell),pop,The Him,192821
7KVogt1437zlFZzsP0srqs,We Are The Greatest,We Are The Greatest,pop,Keanu Silva,185064
1ztOeR0UMNFGj6B6b1sAi4,Pick You Up (feat. Penny F),Pick You Up (feat. Penny F),pop,Redondo,199750
5PKIJnx0ywPYniTl41W2w7,Wonder - Extended,Wonder,pop,Linier,234675
4StaGKzRGlYxAq1eXpsMr5,Skin - Rinzen Remix,Skin (Rinzen Remix),pop,Kidnap,450000
0ePV5nJT0v9wFHjKvt9fNV,Know Love - OTR Remix,Know Love (OTR Remix),pop,RKCB,192500
4Wbr1qIj5QtzYETxuXQrV7,Nomite - Passenger 10 Remix Edit,Raw,pop,Horisone,222581
62tXupybKJWVLgWY9TeBxP,Nothin' to Compare,Nothin' to Compare,pop,Who,169696
3OM1HwAQZsgF53AGGbnRSG,Follow Me (feat. NBLM) - Redondo & Gil Glaze Remix,Follow Me (feat. NBLM),pop,Bolier,214839
5PQSCIKSPuvkDIrvxG9sFY,As I Sleep (feat. Charlee) [BODÉ Remix] - Club Mix,As I Sleep (feat. Charlee) [BODÉ Remix],pop,Tobtok,280826
1hQhtw3bZSaFDjhaOCNjkR,You & I,Neo Disco 2 Ep,pop,Mercer,196171
6QVsSS5tTqI5ZXGIdnU8hg,Over - Zonderling Edit,Over (Zonderling Edit),pop,Dannic,180462
0C3QADQBYFjcSeU8bY7Oex,Simple Hit,Simple Hit,pop,Dombresky,219715
0PNcP6f0d89QuhYvibiW2t,Sounds Good To Me - Gerd Janson Remix,Sounds Good To Me (Gerd Janson Remix),pop,Hanne Mjøen,192645
4rWZxGhyaNnKwkxkTlxfhg,Young,Young,pop,Brieuc,199159
1IFVf0aClnuhHPh2UwVt0f,Smile,Smile,pop,Prince Paris,221549
4pbSyrdQOlIDaYz7B6ynmu,Crazy For Your Love,Crazy For Your Love,pop,Radiology,150391
26fhQbuzry0XWjNmmaKdcr,Symphony - Acoustic Mix,Symphony (Acoustic Mix),pop,Sick Individuals,211996
6Fv9M9nUKvuMD7roafIm8j,留学生,COLLABORATED,pop,Monkey Majik,214773
47IPlYJZ0iglPj2Nmwwr8O,Body Language,Body Language,pop,INTERSECTION,220088
5T4A9KTYaUtJlEUCHIK61J,HONEY,HONEY,pop,RIRI,186703
3VM1WBA5RfhvBIAlXtrwxC,真っ赤な太陽,真っ赤な太陽,pop,RAMMELLS,181187
1zUz9l0UbmB6Y3ie7AZTaG,In This Place - Kizuna Version,Ralph Breaks the Internet (Original Motion Picture Soundtrack),pop,Thelma Aoyama,180600
1rlz0e2Co8c9ez198e1y5U,Stereo,Stereo,pop,LOZAREENA,238547
2UeUOkNWgb1DkVUZcACduO,ひとりの夜を抜け,ひとりの夜を抜け,pop,Lucky Kilimanjaro,181589
7HscxMMboSPj6sTbQKLWFk,JOYRIDE (#SorryNotSorry pt.2),JOYRIDE (#SorryNotSorry pt.2),pop,BananaLemon,216991
6XMn5TmDgJe8alhChPpuL8,ONE THING feat. SALU (BABY-T Remix),ONE THING feat. SALU (BABY-T Remix),pop,I Don't Like Mondays.,204590
6c1r8SoG4gp3T2mOrIDQmW,Rain,Rain,pop,KEN THE 390,232222
2VzUh85tCLAZeOoOJ70ecg,スパゲッティー,スパゲッティー,pop,AYA A.K.A PANDA,183824
008rk8F6ZxspZT4bUlkIQG,Fever,Fever,pop,YOSA & TAAR,236308
5VRtz5coFkV9EqVLGEsg6k,ガリレオ・ガール,未来,pop,NONA REEVES,191947
4jI04cbC5SjsuNUNWYXca7,FAKE,FAKE,pop,ASOBOiSM,179272
7uTyLdHB3Ypl38uEoh1EbW,Mi Body Good,AkaneAMG,pop,Akane,142895
1kLnF1k6W0NuJLvukYbRBo,Cruisin',Cruisin',pop,Shin Sakiura,193341
3Cvh49XTvOeWOeMCL7qI07,Drop Top,Because Of Summer,pop,MaisonDe,175773
5lCuGJZNJH7x9vfwBGv5VB,Break up,PURE,pop,Taichi Mukai,276053
6ckFK2ksVUNpfeUqRDtirQ,AMOR,AMOR,pop,BoA,233965
4D9QMZ3n8OupOPdxU0MMBS,Make A Move,Make A Move,pop,EMMA WAHLIN,189147
2Bxy4HTb0GvzdPtBUeGBOk,Limousine,Limousine,pop,DJ PIGER,193783
4HTljKa4yPq5uIYFJa3a9N,Too Fragile,Too Fragile,pop,CIRRRCLE,156682
0ahbzg4GCq3wJzUM3cjS3N,Violeta,HEART*IZ,pop,IZ*ONE,200913
6G7DuXoSGeAf6BZivJdEjF,달라달라 DALLA DALLA,IT'z Different,pop,ITZY,199874
6GwzaIVJL5DEimt18lokq9,Never Grow Up,Never Grow Up,pop,CHANMINA,196253
47PRHkkBim9N2vdhJHoYel,Ooo!,1114,pop,EXILE SHOKICHI,180773
23J9Dkf9HBm91mjJalvGn5,Flame of Love,Departure,pop,Reiji Kawaguchi,185187
2Db0OROohi3gR8lmhHrYGk,Beautiful - 3onderboy remix,Beautiful (3onderboy remix),pop,BananaLemon,243565
2SSySqj3PyoeAW1XT83qQ3,Famous,Famous,pop,TAEMIN,180187
3Lhrv49JFkwVF1Sl9L1rfp,TURN,HOWL OF YOUNGTIMZ,pop,TaeyoungBoy,169796
6qpjGjY3k77AaQ886JLuHr,Boy Meets Girl,Boy Meets Girl,pop,Rude-α,236317
7oE8bNwZhJdcAJZBKNsi28,Sakura,History In The Making,pop,DEAN FUJIOKA,241685
5COO2JgOmHIJ2jsXFwflz8,Breakthrough,Breakthrough,pop,TWICE,217651
5YkOuhqiQWvcTk2kvyver4,DOWN BY LAW,THROW YA FIST,pop,THE RAMPAGE from EXILE TRIBE,201733
3dbZ20KRvbye5m9bd9NWtj,Dream ship,Dream ship,pop,DJ RYOW,183093
7GEBsTTF3o7QW4DuxkGcnE,MIROH,Clé 1 : MIROH,pop,Stray Kids,207617
5EIja1dtKLUL5mQwXwGm2a,Let Me Love You,Let Me Love You,pop,FlowBack,204760
5zDfFSfXPpyFow3BOTiRgZ,more,more,pop,AmPm,292767