6LcauUZjF1eXQrgqMUecHX,Ayy Macarena,Ayy Macarena,r&b,Tyga,131607
7h0d2h0fUmzbs7zeFigJPn,HIGHEST IN THE ROOM (feat. ROSALÍA & Lil Baby) - REMIX,JACKBOYS,r&b,Travis Scott,244874
6lruHh1jF7ezgbLv72xYmf,FML,Living Facts,r&b,Arizona Zervas,223000
6gi6y1xwmVszDWkUqab1qw,OUT WEST (feat. Young Thug),JACKBOYS,r&b,JACKBOYS,157712
1ZPWWSwCkxKfqdp4H0RFCo,ROXANNE,ROXANNE,r&b,Arizona Zervas,163636
54yCP5dfn4uvU5h37aE8f4,Out Of Your Mind (feat. Swae Lee & Chris Brown),MONTANA,r&b,French Montana,194171
6uJONCdr2rC65BNmCnTBWK,GANG GANG,JACKBOYS,r&b,JACKBOYS,244761
1iSqfoUFnQwV0QW1EfUit8,Suicidal,Melly vs. Melvin,r&b,YNW Melly,222997
2BWXfyYzeLcK0pbvPp9Itw,Richer Than Ever,Richer Than Ever,r&b,Fivio Foreign,185443
4IO8X9W69dIQe0EC5ALXhq,Immortal,Immortal,r&b,21 Savage,254723
51Fjme0JiitpyXKuyQiCDo,Lalala,Lalala,r&b,Y2K,160627
3eekarcy7kvN4yt5ZFzltW,HIGHEST IN THE ROOM,HIGHEST IN THE ROOM,r&b,Travis Scott,175721
2Xo3rLHjXfdb4avN68aQyi,BEST ON EARTH (feat. BIA),BEST ON EARTH (feat. BIA),r&b,Russ,160720
3RZftiuTcLOqpsd8ZlwNhr,Hop Off A Jet (feat. Travis Scott),So Much Fun (Deluxe),r&b,Young Thug,174067
4Hqh0dS4x07zuRw6eBTO7p,20/20,20/20,r&b,Lil Tjay,230448
51wFQM8W0YfXTmHusXUr5i,MAMACITA,MAMACITA,r&b,Tyga,202653
6Gg1gjgKi2AK4e0qzsR7sd,Bandit (with YoungBoy Never Broke Again),Bandit (with YoungBoy Never Broke Again),r&b,Juice WRLD,189323
2kUIOTeKv8ZeT6vh9gh7RF,No Denying,No Denying,r&b,J Hus,214547
2Ec33AVlkTTq8BHFgBTdQs,Futsal Shuffle 2020,Futsal Shuffle 2020,r&b,Lil Uzi Vert,198913
0RLLvYBopDwooCyvnTwgYu,F.N,True 2 Myself,r&b,Lil Tjay,224000
6Ozh9Ok6h4Oi1wUSLtBseN,BOP,KIRK,r&b,DaBaby,159715
7f5trao56t7sB7f14QDTmp,Juicy (feat. Tyga),Hot Pink,r&b,Doja Cat,203093
0vXVI7kPKK2p6XO4rybEHC,Purpose (feat. G Herbo),Purpose (feat. G Herbo),r&b,Calboy,179840
0nbXyq5TXYPCO7pr3N8S4I,The Box,Please Excuse Me For Being Antisocial,r&b,Roddy Ricch,196653
3X6KN4WFgPYBETFMMX675P,NIGHTTIME (Interlude),NIGHTTIME (Interlude),r&b,Russ,189867
4FmzpxyIKD0VmTz5KhQzJm,Vendetta,Vendetta,r&b,KILLY,149413
4bl1HBZliBuYpFZjWgefE4,Peta (feat. Meek Mill),Please Excuse Me For Being Antisocial,r&b,Roddy Ricch,198849
4YrS33mjBWWchoLJTkAKwt,Go In,Go In,r&b,Lil Tjay,254963
6piAUJJQFD8oHDUr0b7l7q,VALENTINO,DROPPED OUTTA COLLEGE,r&b,24kGoldn,179133
7A20WnLkjtZU2d7hIB6Ziu,Start Wit Me (feat. Gunna),Please Excuse Me For Being Antisocial,r&b,Roddy Ricch,158692
14X1WxiHXdVRJ99cMCBzOE,How I Move (feat. Lil Baby),LOVE FOR GUALA,r&b,Flipp Dinero,224916
2QpGZOhTCHHiKmpSO9FW4h,Follow God,JESUS IS KING,r&b,Kanye West,104591
68poZGRClFTzLdeRz9X0M2,Panini,Panini,r&b,Lil Nas X,114893
7tgjDlQsMR8RvkdlNCJA58,6 Kiss,A Love Letter To You 4,r&b,Trippie Redd,199437
1BtFqF8pw7OEFCHjvKUcx7,Red Eye,Red Eye,r&b,7715,154709
4gRkhkJHnmtR3eVEPQtpEw,Like A Pro,Church on Sunday,r&b,Blac Youngsta,177008
57xrUUzrdlVEQXBnsx6AWB,Princ3,Princ3,r&b,Not3s,187381
1wTH87zcNcR4vn1iJLDv0c,Last Name (feat. Lil Durk),Last Name (feat. Lil Durk),r&b,Future,209587
1oHkXeW88HEtFt6P3TvBIt,Whisper,Church on Sunday,r&b,Blac Youngsta,197192
3JERoo6pokCgQ81z79Jpmo,That's Tuff (feat. Quavo),That's Tuff,r&b,Rich The Kid,154000
1ghvzmzpx2nnrbx7wtpMgo,Cyber Sex,Hot Pink,r&b,Doja Cat,165733
598yNsG1JFrGd4n2kMoz7F,Woah,Woah,r&b,Lil Baby,183011
31m40qBxoj4iMSnQLkq8nP,Netflix & Chill,Netflix & Chill,r&b,Fredo,221818
3QzAOrNlsabgbMwlZt7TAY,Ballin' (with Roddy Ricch),Perfect Ten,r&b,Mustard,180435
3VyjsVV24RmBIbWJAeUJNu,No Idea,No Idea,r&b,Don Toliver,153750
6xW2g0c5uSoa3S6xk9eI4j,W (feat. Gunna),W (feat. Gunna),r&b,Koffee,230151
66FltlEV09mPJYAyfYm8De,Bang Bang,Melly vs. Melvin,r&b,YNW Melly,260333
2aV5ZEAvHwvL332EsJ1gWc,DROPPED OUTTA COLLEGE,DROPPED OUTTA COLLEGE,r&b,24kGoldn,127613
3fx31TjnwvwZIyAGHhOhA1,Forever,Forever,r&b,NLE Choppa,202667
4Yt4jOTZExnjcrMrN0rGi0,Fangirl,EVERYBODY'S EVERYTHING,r&b,Lil Peep,126480
56AMYGJzxBO6p8v0wEe9de,Hot (Remix) [feat. Gunna and Travis Scott],Hot (Remix) [feat. Gunna and Travis Scott],r&b,Young Thug,279907
5bzaS5tAni5oUpW7bWVdtY,I Wanna Rock (feat. Gunna),Scary Nights,r&b,G-Eazy,163387
456VGUkWQopbY9ObfXnAvs,Goodbye,Church on Sunday,r&b,Blac Youngsta,245087
3Kd6Wp3lG5HXMB2dlvuy7y,Death,A Love Letter To You 4,r&b,Trippie Redd,172196
0PXukVbYpvz40KcEFKnIw7,Don't Rush (feat. Headie One),Don't Rush (feat. Headie One),r&b,Young T & Bugsey,207640
3OKjt7tEwniRCq984dsx7f,How TF,How TF,r&b,Deante' Hitchcock,241213
2EsyJN3AvC3zBlkQpb119M,GAMES ON YOUR PHONE,DROPPED OUTTA COLLEGE,r&b,24kGoldn,150933
2n1oPHJVMPWJkjgHwVcksY,Must Be,Must Be,r&b,J Hus,207975
2SasoXZyv82yYgHiVOvxQn,On God,JESUS IS KING,r&b,Kanye West,136351
7CS41pvRBhejuFs4m5nwtr,When I Lie,GOTH ANGEL SINNER,r&b,Lil Peep,237000
4NeioZ97QrelO02IXj4uYf,Monster,Monster,r&b,Future,219040
7oBW80497A8axagr4aC9U6,Finer Things,Die A Legend,r&b,Polo G,182387
1xbtojAZsQjOgiGdGX6ChU,Ransom,Ransom,r&b,Lil Tecca,131248
4FI61LWcjeKuaG52jcuAOK,Mr. Ferrari,Mr. Ferrari,r&b,GASHI,236388
57ciWTOKgrXVBxktMJyUB1,Pose (feat. Megan Thee Stallion & Lil Uzi Vert),Pose (feat. Megan Thee Stallion & Lil Uzi Vert),r&b,Yo Gotti,226038
03j7YmO2dZ8nEY5N5131hz,Bury Me,Bury Me,r&b,View,201536
0S56ARhyAIZ5OzFX54H2pH,Rules,Rules,r&b,Doja Cat,188173
5q7OgVoW3RHSTh9WUDlpqw,Mile Away,Mile Away,r&b,Kelvyn Colt,192507
5FkoSXiJPKTNyYgALRJFhD,ORANGE SODA,DIE FOR MY BITCH,r&b,Baby Keem,129882
1i2ujygcFXUBEJucbsBvKQ,MAD GAAL,95,r&b,BEAM,137935
7o37Ph6EcGzjpoPnRL2MRd,In Love with the K (feat. BlocBoy JB),In Love with the K (feat. BlocBoy JB),r&b,Swagger Rite,187806
5hDAT527wXWNBnJlujhuUs,Stuck In A Dream (feat. Gunna),Stuck In A Dream (feat. Gunna),r&b,Lil Mosey,123560
028JxheELfIvvY4zBXuMjw,Heartless (feat. Mustard),Heartless (feat. Mustard),r&b,Polo G,201627
643PW82aBMUa1FiWi5VQY7,Babushka Boi,Babushka Boi,r&b,A$AP Rocky,187105
4sjiIpEv617LDXaidKioOI,223's (feat. 9lokknine),223's (feat. 9lokknine),r&b,YNW Melly,176640
6XHVuErjQ4XNm6nDPVCxVX,No Guidance (feat. Drake),Indigo,r&b,Chris Brown,260640
6VYXuUz1nYMap8gtqeIrQB,I Think I Luv Her,I Think I Luv Her,r&b,Tyla Yaweh,160742
0fySG6A6qLE8IvDpayb5bM,VIBEZ,KIRK,r&b,DaBaby,144935
33XAmcT5fPi1USyjAFCMcC,J. Gotti,J. Gotti,r&b,View,204000
694vvR5o19xHPhhJ5QdLN7,NO HALO,GINGER,r&b,BROCKHAMPTON,259747
1xPpYbCaJWonL7IFXPDjON,Taste (Make It Shake),AitcH2O,r&b,Aitch,213680
4sWuPniHClkInYAnzXAYUF,Camelot,Camelot,r&b,NLE Choppa,148759
5lN7UtvhpwEHzifSjKw3z2,Woah (feat. D3Mstreet),Woah (feat. D3Mstreet),r&b,KRYPTO9095,123373
6e9biVAugkOfydEN8OiJpi,Pose (feat. Lil Uzi Vert),Pose (feat. Lil Uzi Vert),r&b,Yo Gotti,170156
6klLvorLoo1sxvZcjJIY8I,Make No Sense,AI YoungBoy 2,r&b,YoungBoy Never Broke Again,148630
1GeNui6m825V8jP4uKiIaH,Bad Bad Bad (feat. Lil Baby),So Much Fun,r&b,Young Thug,149040
7u9CKCgpGAm9UiSXQ70I46,No Rappers (feat. E-40),B-Sides,r&b,G-Eazy,187072
0nkwj667p0oMEURBST8Nyx,Drive Way (feat. Azul Wynter),GASHI,r&b,GASHI,194430
6UFEJuDXQMWhL5UH5f9fUR,Enemies (feat. DaBaby),Hollywood's Bleeding,r&b,Post Malone,196760
5r7WvQtyPfy1xch5zMgGRp,Behind Barz - Bonus,Top Boy (A Selection of Music Inspired by the Series),r&b,Drake,163121
3s9f1LQ6607eDj9UYCzmgk,Running the Streets (feat. A Boogie Wit Da Hoodie & Denzel Curry),Port of Miami 2,r&b,Rick Ross,224840
6GefwzSnQkQoCnWJNs9IZR,RENT FREE,RENT FREE,r&b,Russ,150200
7CZyCXKG6d5ALeq41sLzbw,Take What You Want (feat. Ozzy Osbourne & Travis Scott),Hollywood's Bleeding,r&b,Post Malone,229573
2rTnVB1bvwxHtaIl4uVu7f,Slide,Slide,r&b,H.E.R.,238321
1ToprX3cpBiXoAe5eNSk74,Eleven,Eleven,r&b,Khalid,206361
6U0FIYXCQ3TGrk4tFpLrEA,SUGAR,GINGER,r&b,BROCKHAMPTON,204533
1Gv8NYJeqQNXXrYQ1c1r4e,LIKE I WANT YOU,LIKE I WANT YOU,r&b,Giveon,260522
6PYnUsNEpYC7A4BS2sjw3L,Right Back (feat. A Boogie Wit Da Hoodie),Right Back (feat. A Boogie Wit Da Hoodie),r&b,Khalid,255000
4LMEdIzw7L81qgmstYHRU9,Like I Do,Like I Do,r&b,AWA,233671
3NRql0A1Ef4RCvT473iqgD,Hell N Back,Hell N Back,r&b,Bakar,213573
0L6w0YHzEYfmO8Pp0ibcin,All Facts (feat. Ty Dolla $ign),B-Sides,r&b,G-Eazy,180581
2xyx0o4xNOLLjBSbOOdcbA,Playing Games (with Bryson Tiller) - Extended Version,Over It,r&b,Summer Walker,143227
696DnlkuDOXcMAnKlTgXXK,ROXANNE,ROXANNE,r&b,Arizona Zervas,163636
3Ey11v2aiX14s4wBaYbhlp,Don't Waste My Time (feat. Ella Mai),Don't Waste My Time (feat. Ella Mai),r&b,Usher,199720
5pAbCxt9e3f81lOmjIXwzd,Be Honest (feat. Burna Boy),Be Honest (feat. Burna Boy),r&b,Jorja Smith,207031
41SwdQIX8Hy2u6fuEDgvWr,10%,BUBBA,r&b,KAYTRANADA,186680
2sqsNXfN0HtgDEgaHXiUTa,Won't Be Late (feat. Drake),Won't Be Late (feat. Drake),r&b,Swae Lee,218710
4RexiJIjheGmtIoRQDAINh,Times (feat. Robn),Times (feat. Robn),r&b,Moh Flow,228013
6S1IgeHxxOT9qVWnmsdGxe,Treehouse (feat. Shotty Horroh),Treehouse (feat. Shotty Horroh),r&b,James Arthur,219933
7qvsl2pYzrsYgPeFBN5jxp,Juicy,Juicy,r&b,Doja Cat,202333
3f9Mzvd3URfbbIJBX4pz9Z,Phone Numbers,Phone Numbers,r&b,Dominic Fike,146827
1yaWRS9r2woTNmJpCKd5l9,Two 10s,Two 10s,r&b,Quinn XCII,216284
4xmq2DFdbkwVqimOKQGZU7,The World Is Mine,The World Is Mine,r&b,Samm Henshaw,175627
3KKGBhKtAyspFBw8FtNQrL,Yesterday (feat. Maxx Owa),GASHI,r&b,GASHI,195509
6lzLjIOyWTyTJvk0jraYee,Could've Been (feat. Bryson Tiller),I Used To Know Her: The Prelude,r&b,H.E.R.,248467
3XEdqQtGHAM5huMrs3RaKN,Acid Dreams,Acid Dreams,r&b,MAX,183930
1VUGWjzlqudhTqvhc17miB,Live Fast - PUBGM,Live Fast (PUBGM),r&b,Alan Walker,225096
7aQeWViSfRWSEwtJD86Eq0,Late Night Feelings (feat. Lykke Li),Late Night Feelings (feat. Lykke Li),r&b,Mark Ronson,251029
59K1LiDT4btNGyOekA1ghR,Pony,Pony,r&b,Julian Perretta,196707
6tgEc2O1uFHcZDKPoo6PC8,ALREADY,The Lion King: The Gift,r&b,Beyoncé,222529
0vpBmYdeqltCcOpufZCLcx,Lights On,Lights On,r&b,Izzy Bizu,198413
33JqYIiKMTwSOXZOrn3Rl5,Oh My God,Oh My God,r&b,Lord Siva,157875
48k1KCYemNpwdgb34xX8sQ,Do Well,Do Well,r&b,Pip Millett,198987
1HPYQsdYYNgtSvm8JOtsWk,Don't Ask,Don't Ask,r&b,Aeris Roves,167240
4i53smHJgzRgTEI9F2mZ93,Real Games,II,r&b,Lucky Daye,331280
70sKIAQgaVN2zWEEyOpyMZ,All Night (BTS World Original Soundtrack) [Pt. 3],All Night (BTS World Original Soundtrack) [Pt. 3],r&b,BTS,216874
0mfCH4nfpshBQR9ueZP5eP,Girls Need Love (with Drake) - Remix,Girls Need Love (with Drake) [Remix],r&b,Summer Walker,222374
6lL4XxFC1AssoWX7pYrxvr,Bricks,Bricks,r&b,Tommy Genesis,234860
0PG9fbaaHFHfre2gUVo7AN,Please Me,Please Me,r&b,Cardi B,200890
0Ryd8975WihbObpp5cPW1t,boyfriend (with Social House),boyfriend,r&b,Ariana Grande,186107
0VXinRGqxFxr1BKrOrC9pP,Make It Out Alive (feat. SiR),Saturn,r&b,Nao,239147
5b0nFlX4ha3vBqKEPYiwme,Sit Back,Kare Package,r&b,IAMDDB,212087
5zXmmhtXrhDbYnScaYpqZg,Imported (with 6LACK),Imported (with 6LACK),r&b,Jessie Reyez,225040
3kxfsdsCpFgN412fpnW85Y,Redbone,"""Awaken My Love!""",r&b,Childish Gambino,326933
2fhePAlCSsJplwkjqMYpVm,LOVE AGAIN,CASE STUDY 01,r&b,Daniel Caesar,214278
3swc6WTsr7rl9DqQKQA55C,Psycho (feat. Ty Dolla $ign),beerbongs & bentleys,r&b,Post Malone,221440
5RyzgwMS1kkEYjCql0yEWT,Forgot About,Forgot About,r&b,Priya Ragu,300681
5ym4GENsMc7VbZVYyulq84,Roll Some Mo,Roll Some Mo,r&b,Lucky Daye,292885
3fMKnwiByu9yfeD5ISn9Et,Like I Used To,Like I Used To,r&b,Tinashe,187537
6DkmFhzJrkVhDlcgcEy7Pc,Down for You (feat. BJ the Chicago Kid),You Should Be Here,r&b,Kehlani,227755
5hYijRB4AJYveUDXBrbslS,Sanctuary (feat. Big K.R.I.T.),Trouble in Paradise,r&b,ELHAE,217649
6e4upSHc7KQEFqBsmV6zUS,Won't Cope with It,Chasing Traces,r&b,Alina Amuri,172320
6xagjcywpcyNFghafZPQJv,Banana Clip,War & Leisure,r&b,Miguel,201627
6Hgh47WXVKtXN5zGOu0hjI,OTW,OTW,r&b,Khalid,263014
77UjLW8j5UAGAGVGhR5oUK,Pray For Me (with Kendrick Lamar),Black Panther The Album Music From And Inspired By,r&b,The Weeknd,211440
7leyDDstl7zDtwC0ZYoYTk,Down,Down,r&b,Noah Levi,170120
5dXI2NV7X2c4anyLFbQdEX,Honesty,Honesty,r&b,Pink Sweat$,191000
6Qs4SXO9dwPj5GKvVOv8Ki,Dancing With A Stranger (with Normani),Dancing With A Stranger (with Normani),r&b,Sam Smith,171030
0P6AWOA4LG1XOctzaVu5tt,The Weekend - Funk Wav Remix,The Weekend (Funk Wav Remix),r&b,SZA,171806
7DOv4eGZ0YH5hpgPF8iw0K,Karussell,Karussell,r&b,Remoe,165133
5GjisoOfsN8qagrax01T4y,Wanna Be,Hive Mind,r&b,The Internet,267400
3KVlk3I9qKGTPFpkWA20nh,Close,Ella Mai,r&b,Ella Mai,251990
6d4E3KLrX4xiwx1DiIJefO,Petty Lover,Pretty Dreamer / Petty Lover,r&b,Jaz Karis,160655
2RZ9OA2VzFCRZDng151Yjs,Broke,Broke,r&b,Andreya Triana,158692
6kb6eE0tLvCoNbPUVsShro,Women Who Look Like You (feat. Guapdad 4000),Women Who Look Like You (feat. Guapdad 4000),r&b,JP Saxe,186381
1XHREJkKDZCokAtGUAeH55,Klavier - Radio Mix,Klavier,r&b,Starjack,154811
4DQTdFaGep7IsnB4duY1xM,Beat Like A Drum,Beat Like A Drum,r&b,Jenil,173351
5viw7xR22mmAU8UjtX9duJ,Feel Alive - Radio Mix,Feel Alive,r&b,Jenil,232510
7gmLcEPIL4wDUk8DykPBk6,A$IAN BOY,A$IAN BOY,r&b,Chriilz,243200
1CmOc5SaNBaH3uXhLt15FX,Kaleidoscope World (feat. Krista) - Radio Mix,Kaleidoscope World (feat. Krista),r&b,Jenil,175006
4Ekvue7dDSQAPmtSUGhrK7,Take It Higher,Take It Higher,r&b,Jenil,138287
58XL4UmErguprvN7oJQM03,Sinulog Anthem - Original Mix,Sinulog Anthem,r&b,Jenil,240011
6Lx2NpY8Y0hdeM7bpjrXsH,Ambak,Ambak,r&b,Jenil,173096
6qgRmiHOnLbkYC0ZNecLet,Lemonade,Lemonade,r&b,Alex Zind,210997
70eFcWOvlMObDhURTqT4Fv,Beautiful People (feat. Khalid),No.6 Collaborations Project,r&b,Ed Sheeran,197867
0ZBP7LB2JvzoaKsBFElGRF,Do You Mean (feat. Ty Dolla $ign & bülow),World War Joy...Takeaway,r&b,The Chainsmokers,193176
4hPpVbbakQNv8YTHYaOJP4,One Thing Right,One Thing Right,r&b,Marshmello,181824
0IZoBFaTUG79KBfKlv8zmG,Hotel Walls,Hotel Walls,r&b,Smith & Thell,206293
4wuCQX7JvAZLlrcmH4AeZF,Cross Me (feat. Chance the Rapper & PnB Rock),No.6 Collaborations Project,r&b,Ed Sheeran,206187
3y3brCCecHC3Db18aIOnny,"Carry On (from the Original Motion Picture ""POKÉMON Detective Pikachu"")","Carry On (from the Original Motion Picture ""POKÉMON Detective Pikachu"")",r&b,Kygo,215316
51MMC5DogGZAnHil5HQAXg,Circles,Hollywood's Bleeding,r&b,Post Malone,215280
6vBdBCoOhKHiYDDOcorfNo,Goodbyes (Feat. Young Thug),Goodbyes (Feat. Young Thug),r&b,Post Malone,174960
26wLOs3ZuHJa2Ihhx6QIE6,Teeth,13 Reasons Why (Season 3),r&b,5 Seconds of Summer,204887
3NkJNL3WqO1Lqc3uNDxvCN,Don't Call Me Angel (Charlie's Angels) (with Miley Cyrus & Lana Del Rey),Don't Call Me Angel (Charlie's Angels),r&b,Ariana Grande,190107
2uZVfvOK7MTjBTRICYmpso,Birds (feat. Elisa),Birds,r&b,Imagine Dragons,219435
7LzouaWGFCy4tkXDOOnEyM,Liar,Liar,r&b,Camila Cabello,207039
2b8fOow8UzyDFAE27YhOZM,Memories,Memories,r&b,Maroon 5,189486
1xU2QZ40MY4Ex2pfczZa9U,Stack It Up (feat. A Boogie Wit da Hoodie),Stack It Up (feat. A Boogie Wit da Hoodie),r&b,Liam Payne,166406
6V9fHiv84WlVTg7CSnIVY2,Graveyard,Graveyard,r&b,Halsey,181806
0mP5HOkHoaW9Q7qf7cJ7Gk,Lie,Lie,r&b,Lukas Graham,179842
0rIAC4PXANcKmitJfoqmVm,Motivation,Motivation,r&b,Normani,193837
4jp4Z02kzzg8gK0NmDGgml,Play,Play,r&b,K-391,167977
6wo37KVqFJhtuxPTpLCcfe,Takeaway (feat. Lennon Stella),World War Joy...Takeaway,r&b,The Chainsmokers,209893
2wrJq5XKLnmhRXHIAf9xBa,"10000 Hours (with Justin Bieber)","10000 Hours (with Justin Bieber)",r&b,Dan + Shay,167693
2Dpe4Wnm8lQ07nk2SfzvEz,Cold,Cold,r&b,James Blunt,208073
3cphb8kdsjElYR7r5icK3H,Nice To Meet Ya,Nice To Meet Ya,r&b,Niall Horan,158805
2tnVG71enUj33Ic2nFN6kZ,Ride It,Ride It,r&b,Regard,157606
7aiClxsDWFRQ0Kzk5KI5ku,hot girl bummer,hot girl bummer,r&b,blackbear,185093
3Yh9lZcWyKrK9GjbhuS0hR,Good as Hell,Good as Hell,r&b,Lizzo,159736
1HfMVBKM75vxSfsQ5VefZ5,Lose You To Love Me,Lose You To Love Me,r&b,Selena Gomez,206459
0qc4QlcCxVTGyShurEv1UU,Post Malone (feat. RANI),Magnets EP,r&b,Sam Feldt,174444
6YQlCOZnlFmqeciAh58fDE,Orphans,Orphans / Arabesque,r&b,Coldplay,197533
2Fn4gZI3MAeWTiv7cSVxZQ,Another Place,Another Place,r&b,Bastille,213511
6CeeoAi5qUa4ZjQo1S7Ho7,Somebody Else,Somebody Else,r&b,Isac Elliot,161738
6WrI0LAC5M1Rw2MnX2ZvEg,Don't Start Now,Don't Start Now,r&b,Dua Lipa,183290
4D7ERaKgv8NAeck8RzUtRz,Younger,Younger,r&b,Jonas Blue,194721
2plLJpUcYPFrl1sW2pMG63,Lights Up,Lights Up,r&b,Harry Styles,172227
2GdxQw8NwoeH8tKySg6nym,Torn,Torn,r&b,Ava Max,198006
3ZCTVFBt2Brf31RLEnCkWJ,everything i wanted,everything i wanted,r&b,Billie Eilish,245426
2zoNNEAyPK2OGDfajardlY,Rushing Back,Rushing Back,r&b,Flume,231663
7CHi4DtfK4heMlQaudCuHK,Lose Control,Lose Control,r&b,MEDUZA,168387
0qaWEvPkts34WF68r8Dzx9,Turn Me On (feat. Vula),Turn Me On (feat. Vula),r&b,Riton,208474
7N06jo3EnV792VFaG8vuW6,Close Your Eyes,Close Your Eyes,r&b,Felix Jaehn,160794
7ce20yLkzuXXLUhzIDoZih,Before You Go,Before You Go,r&b,Lewis Capaldi,215107
7MNI1Tye1eMDOe2nDBjafd,One,TIME,r&b,Måns Zelmerlöw,199013
0sf12qNH5qcw8qpgymFOqD,Blinding Lights,Blinding Lights,r&b,The Weeknd,201573
3jjujdWJ72nww5eGnfs2E7,Adore You,Fine Line,r&b,Harry Styles,207133
41L3O37CECZt3N7ziG2z7l,Yummy,Yummy,r&b,Justin Bieber,210427
0bMbDctzMmTyK2j74j3nF3,"Alone","Alone",r&b,Alan Walker,179053
0DiDStADDVh3SvAsoJAFMk,Only Human,Happiness Begins,r&b,Jonas Brothers,183000
2grAr8pWMuLWn8ZYEE9wDV,Never Seen the Rain,Never Seen the Rain,r&b,Tones and I,200756
3yOlyBJuViE2YSGn3nVE1K,My Oh My (feat. DaBaby),Romance,r&b,Camila Cabello,170746
3FGiFUJRRp5RGikVrs6kig,Underdog,Underdog,r&b,Alicia Keys,208208
3Dv1eDb0MEgF93GpLXlucZ,Say So,Hot Pink,r&b,Doja Cat,237893
10kkgS1Ua4pgXORO8dUtDL,Let You Down Let You Go,Let You Down Let You Go,r&b,Jozzy,199872
1mpD5Q8IM32I4bF6eCpU74,Up All Night,Up All Night,r&b,Khalid,157220
45StvejYUdIsyUwqdZ7iJM,Y U Gotta B Like That,Y U Gotta B Like That,r&b,Audrey Mika,154456
2mv5o39NxkohAJ9odp37FL,Drink,MOMENTS,r&b,D. Muñoz,143739
2PRt8U30Q5ZmCHGsUmnUi6,Loyal,Loyal,r&b,SAYGRACE,174040
6Ti0coAmnSsv3Wx09RhoY6,10%,10%,r&b,KAYTRANADA,186684
57vxBYXtHMk6H1aD29V7PU,Heartless,Heartless,r&b,The Weeknd,200080
6G0XqXVBx2PHaOrSuHaWP0,Roll Some Mo (feat. Ty Dolla $ign & Wale) - Remix,Roll Some Mo (feat. Ty Dolla $ign & Wale) [Remix],r&b,Lucky Daye,211707
5GnhlCa3G85uNJHNlcjiGb,Candy,Candy,r&b,Doja Cat,190927
3VD4KW6iJHDVDEBwGTh2f4,Priorities,Priorities,r&b,SAYGRACE,192200
4DbbQcjs1sfPFcUys9SbSy,Time Machine,Time Machine,r&b,Alicia Keys,270718
7xn9uXfYkFXfMJgaQxgbCN,Midsection,BUBBA,r&b,KAYTRANADA,289427
0dTAXSZZYf7YTKV1vtTlBz,Chain,High Highs to Low Lows (Deluxe),r&b,Lolo Zouaï,182027
4eFvubnLRBu8vMPZqu5eC9,Show Me Love (feat. 21 Savage & Miguel),Show Me Love (feat. 21 Savage & Miguel),r&b,Alicia Keys,239439
555ix1gW9A1QtXoVfCPbfB,Solita,Solita,r&b,Kali Uchis,177727
6hecXwh6EZHcl6rZyJftKQ,Overtime,Indigo (Extended),r&b,Chris Brown,274987
5bvnqVuq7UFl0txSlHpsfS,Loyal (feat. Drake),Loyal (feat. Drake),r&b,PARTYNEXTDOOR,197973
0PvbgBKA1ZMsTNrd8QVlCi,Fly,Fly,r&b,Lucky Daye,163024
782CIMTujSmNFrRuAVhsqd,Funeral,Funeral,r&b,Miguel,135120
1NJvAjk8SJS5GVtYHuyVSk,Manifesto,Manifesto,r&b,SASCHA,170625
0HUeFoQFiMUPKxFApxyPwL,Euphoria,Euphoria,r&b,Destiny Rogers,196749
4otQJBpb8okSeykALR3eCH,Something Real (with London On Da Track & Chris Brown),Something Real (with London On Da Track & Chris Brown),r&b,Summer Walker,183138
7x9nXsowok1JszkVztI5NI,Writing on the Wall (feat. Post Malone & Cardi B),Writing on the Wall (feat. Post Malone & Cardi B),r&b,French Montana,201271
1yV1e0Ip2VQbN2BdU9cGmG,GOOD DIE YOUNG,GOOD DIE YOUNG,r&b,Elley Duhé,162104
7vJS1DPc3FzBtqBs8n3mW5,Bad To You (with Normani & Nicki Minaj),Charlie's Angels (Original Motion Picture Soundtrack),r&b,Ariana Grande,171840
4jPcsQqcUieVP50mVqgBqn,Tweakin,Mixed Emotions,r&b,Luh Kel,199840
1Dl230VrvS3xXwa6TRRZlb,VILLAINS,VILLAINS,r&b,Elley Duhé,137316
0sdrmuPXp8pXhy0hrdJ8AH,Whatchusay,Whatchusay,r&b,Sevyn Streeter,185812
5Ujxm0SqXtotAV0lUx3yj4,Cool Off the Rain (feat. Ari Lennox),Cool Off the Rain (feat. Ari Lennox),r&b,VanJess,192558
1nal3Tf1OCV53KigMZXsZ7,None Of Your Concern,None Of Your Concern,r&b,Jhené Aiko,262213
7MD0vUh6C3AMn1Uh1DNasq,"Getting Late (From ""Queen & Slim: The Soundtrack"")","Getting Late (From ""Queen & Slim: The Soundtrack"")",r&b,Syd,186693
5cHdOuER9BztlOcbUNBmrQ,Just Get Here (feat. Wale & VanJess),Moments Spent Loving You,r&b,Xavier Omär,329693
4wdxRayaGZRTfIUZJv0NY8,Pieces,Pieces,r&b,Eylie,168500
4J2KQlWCZ001RtFD1SfUJh,Comfortable,Comfortable,r&b,AWA,164319
34UANp5qxDg6YcgrlDeILZ,Dilemme,Dilemme,r&b,Lous and The Yakuza,185914
5OuPKLNJjsBsyRZ9PjTRTj,Hollyhood (feat. Kent Jamz),Hollyhood (feat. Kent Jamz),r&b,Buddy,171459
1qbXrxctv75pm1lWCn6Zw3,Walking (feat. Swae Lee & Major Lazer),Head In The Clouds II,r&b,88rising,167080
4PTUkvLY1vrBFlmZ2GmH6R,2 Many,2 Many,r&b,Kodie Shane,177329
4wwHmz9lmrJqkxwMENBVVL,get away,get away,r&b,una schram,201290
2MCL2a4Ij0wTzXjaEXKtOc,Fake Heartbreak,Fake Heartbreak,r&b,Audrey Mika,204653
6F428UUtHqMwxwOtDajrDZ,If You Let Me,Lessons in Love,r&b,Sinead Harnett,232490
3qLcCVE9qmnY4JJxDXwH2j,All That (feat. Jeremih),All That (feat. Jeremih),r&b,Drama Relax,173588
5cMCDEFrGe7Kjgrdw0mxMf,bum boy (feat. Orla Engstrøm),bum boy (feat. Orla Engstrøm),r&b,una schram,242424
6vzLbfskWigBsCzNdB0kfE,Boys Ain't Shit,Boys Ain't Shit,r&b,SAYGRACE,175884
1GQ4A17pjvcWTSQVFNccmj,Pulling Away,Lessons in Love,r&b,Sinead Harnett,199603
4fmHk7UJTYcqQwTZncsJ48,Show Me,You Know The Vibez,r&b,HoodCelebrityy,206448
6aNdjlgzu6bJeRBFFXiVNu,What You Did (feat. Ella Mai),What You Did (feat. Ella Mai),r&b,Mahalia,206947
2beHQY7DvKp9q4vwilKKRS,Change (with Kehlani),Change (with Kehlani),r&b,Arin Ray,192973
6u5m71WNIGQCbhu95T4GVS,Lo Lo (feat. P-Lo & Guapdad 4000),Lo Lo (feat. P-Lo & Guapdad 4000),r&b,Destiny Rogers,203082
1nL7QwSN7LtPCZqgw1n3Ee,GTFO,GTFO,r&b,SASCHA,138947
2mWfFx6HEDYVgFxaisWqP3,I'm Leaving,I'm Leaving,r&b,Rileyy Lanez,151800
2QsBAfiNmngcrZsOTznqBG,Just My Luck,PMD,r&b,Marc E. Bassy,186497
70iKezMwKdKq7kRtORKY5B,Feel It Too,Feel It Too,r&b,Tainy,193055
3Yt1ovsh3v3VEzRuhI1TL5,Joro,Joro,r&b,WizKid,262737
7hKnJYr6Pi237IknfXRn5K,Cold Heart,Cold Heart,r&b,Luh Kel,134689
0CCvfFVSpOHGuxsrzfwbYL,Front Seat,Front Seat,r&b,Next Town Down,199250
3Yt0liwMgB3I0xv3FQBDzI,Buying Time,Buying Time,r&b,Lucky Daye,236949
0ND36delZlYUcwNaCk9Uf5,holy terrain,holy terrain,r&b,FKA twigs,243000
5wMfLe1nd26X7EQszhZjly,Tucson,Tucson,r&b,Healy,204124
2pJB9ENNXtKShQ5jsOiR49,When You Know What Love Is - R&B Remix,When You Know What Love Is (R&B Remix),r&b,Craig David,199160
4BcDicSKNxj6v4n7HGtq7W,Red Lights,Collateral,r&b,Notifi,249754
7oqftogUN82Q7VNy2TmTJW,MOOD 4 EVA (feat. Oumou Sangaré),The Lion King: The Gift,r&b,Beyoncé,272069
1mzARUs2kMMxcKh1ome5aX,Safety (feat. DJ Snake),Safety (feat. DJ Snake),r&b,GASHI,177781
5iBO5vBRL92ytdwgZCjydX,Easy (feat. 6LACK),Easy (feat. 6LACK),r&b,Next Town Down,204455
1opARDDYaOeE1QUdwXmBGu,Caught Up (feat. Khalid),Caught Up (feat. Khalid),r&b,Majid Jordan,247546
3uouaAVXpQR3X8RYkJyitQ,CYANIDE,CASE STUDY 01,r&b,Daniel Caesar,194960
5QJ2hs1d22vxT8f2Jz29M2,Hold On,Hold On,r&b,Jarami,204253
14geRrYSRz73sBbtPD4iPQ,Summer Reign (feat. Summer Walker),Port of Miami 2,r&b,Rick Ross,226480
6WC5YDTKztcTU3tWux0Jk1,Something Keeps Pulling Me Back,I Used To Know Her,r&b,H.E.R.,184987
5LKzqs734Xs528hqK8bGS1,You Can't Save Me,Chasing Summer,r&b,SiR,174947
6oEVnWKgPqIEPc53OYDNqG,Could've Been (feat. Bryson Tiller),I Used To Know Her,r&b,H.E.R.,252747
7ILEWkpfdK6AjH2D7jppWk,Don't Check On Me (feat. Justin Bieber & Ink),Indigo,r&b,Chris Brown,204880
5jlLBqK31dOqXECKn3jlMX,Sextasy,Sextasy,r&b,Swae Lee,225037
1YTkVMFRNzKojhcPq31Jfs,GAMES ON YOUR PHONE,GAMES ON YOUR PHONE,r&b,24kGoldn,150947
0Duevp5ytVdmRkCWFXQHwr,21,I Used To Know Her,r&b,H.E.R.,195200
0yYwS7CXKIPC4kWPvZQfsT,No Way!,Soul Searching,r&b,Bazzi,112105
4sFzG7iUlyPmuyASCkre9A,Hair Down (feat. Kendrick Lamar),Chasing Summer,r&b,SiR,216933
3aeJTZY7DVcnhTW8eTVFga,Cant Stop,Cant Stop,r&b,Dan Bravo,180035
09oZ9eXQ2fo6YDrPzJqAoP,Outta My Head (with John Mayer),Free Spirit,r&b,Khalid,177067
5ZZwWo5tBpa1IxEuASX5CL,Time,Time,r&b,Audrey,184325
4zodeeJbcglAma86fnv0jy,Dreams In A Wraith,Dreams In A Wraith,r&b,Jay Critch,144124
3WUJQpMTbkO4wEV3BvYl9y,Cheat Code,Cheat Code,r&b,Stinzo Bucks,148140
1WbJ98Gyys9WCX8jiLr6PZ,Pushin' Me,Deeper,r&b,Antonio Cooke,248712
6cEN20oV48UUxNDhhoS2XV,2 AM,2 AM,r&b,Lil Mop,142000
3ByAeJLS7g7s4oolHdxidF,Bernice Burgo$,Bernice Burgo$,r&b,Nino Khayyam,199863
5f6YLTRmyEqmmQftc0B2aB,Plates with Snakes,Plates with Snakes,r&b,AZIA,140289
6gZQ5bj2GHJj7sndCgx5ke,Wu Tang Remix,Wu Tang Remix,r&b,China Mac,141451
7xpSwUi6wFsygt4QTTPY0H,Let's Get Away,Let's Get Away,r&b,Spinx Da Don,211584
1bKbpgewqgeSEz5VhdG5Fb,Big Fool,Big Fool,r&b,Levi Belle,181615
5LRMv2Ypck6hVMtbOxBdaU,Put Em Up,Talk Dat Shit,r&b,Boosie Badazz,238573
5i3qlYyzV6nc4EvCrS1YVY,Manifest,Manifest,r&b,Zayvin Lakin,213333
3VKUI2N9erofIjlfw8tKx4,Her Voice,Her Voice,r&b,Alison Darwin,193368
6XkqVBDmllKLbh84nlXEZ5,Hit Stick,Hit Stick,r&b,Chinese Kitty,134191
5VcilNhompGkqXiF5pi7It,Skurr,Skurr,r&b,Terrence North,225600
2q4xmgOnJtaPVy8h0umzS7,Don't Rush,Don't Rush,r&b,Force M.D.'s,174984
7KCDezGaRKzjJtEXoj07CR,Autumn 17,"Goodnight Universe",r&b,Grey,230008
2r7CdIjAFW4SBraFBJ7djg,I Can Do Whatever,Blue Faces,r&b,Dopeamean,274442
6zaDee1GfoRNptZHYsox7P,Above It All,Above It All,r&b,Ramhero,230294
0UxOYyDvZGIyI2U55ZUypo,Just Get Fly,Just Get Fly,r&b,Dj Iceman,163918
37Dric0Lb3Vw7uy3W1o1sv,I SEE,I SEE,r&b,Roc DaGuard,146286
6wv9tV7JfZwYak3gC7GD1k,Paralyzed,"A Tribute to Elvis Presley",r&b,Florin Gindu,141951
4MHTQn6tDm504v4fcl2OdK,Friendo,The Yoda Tape 2 :Dead Rappers Tell No Tales,r&b,H-Rap Bey,105718
2tFD4j3u6xNStEuXhnzCXc,Attention,Attention,r&b,Mandi Macias,194437
1mWytUqf35sKuxEzRub2WY,FWM,FWM,r&b,Evelyn DuVall,169179
3EX0KN4CYItMhaqjOx3jN0,Better Way (feat. Nichole Turner & Noahsoundz),Better Way (feat. Nichole Turner & Noahsoundz),r&b,Soul Recruiter,213693
6gDdeIHjmrXKaVev5PUbIf,Never Liked You,Never Liked You,r&b,Roc DaGuard,161776
2OKJ8pSA2fwVvoLNQVW1PN,What U Gon Do,What U Gon Do,r&b,Papa Reu,191999
4Eg0cp8BDbHZOfmxXYJ7Ff,Work,Work,r&b,Roger Hanson,181394
2GrlOwUh3bzEu4ajApV4Zy,Chocolate,Chocolate,r&b,Jova'e Nicole,212976
4yUZoJivUgls6qxb2MwKiI,Get Rite,Get Rite,r&b,Roc DaGuard,221440
1flOuDWFjEtfmWY9NYJQsr,Metal Horse,Metal Horse,r&b,Lreds,204098
4a2eg9xp7wMX1SziyS2Fh8,BET the Family Business (Original Soundtrack),BET the Family Business (Original Soundtrack),r&b,"DeCarlos ""COS"" Waller",165535
4YKqWcBxjV3KFHfpqZ2Ux2,My Story Is Yours,My Story Is Yours EP,r&b,AMAZING MAZE,257076
0yw8nPUnMV8hwejQY3XqqU,That's Okay,That's Okay,r&b,Pudgee Tha Phat Bastard,239177
0b6Tza7ke89ya6aEV0BLzW,Time (Original Soundtrack),Time (Original Soundtrack),r&b,"DeCarlos ""COS"" Waller",254981
4K53DzHITLFIRVu7aHYLHn,Pushem Up,Pushem Up,r&b,Mugsy Moscato,161489
2lKEQm6HZqDpc4jDxIwPYz,Make Room,Make Room,r&b,Nino Man,129411
683Qmv4AleoDDe0I43sGxW,Down the Middle,Down the Middle,r&b,Bruce Lecky Way,232844
1N03rPhaLta4ADp2BWQlpe,Stories of a Ghetto Kitty,Kitty Bandz,r&b,Chinese Kitty,130142
6WdCDpk7NmIYN6NfSdU79l,Snipers,Follow Me Home,r&b,saud,227000
5DFCwa7A4dlXLIlAUmam1t,Silver Lining,Silver Lining,r&b,Pyrex Plat,244506
6F9VYD1Abaci2ecCJIWWbk,"You Got Me: Brooklyn Brand Mixtape","You Got Me: Brooklyn Brand Mixtape",r&b,Roc DaGuard,135113
7FzVZnHzzpcDEBdxbSQJxJ,Doctor Jesus,Doctor Jesus,r&b,Robert Turner,249467
2YPw1DSWBuXtWoyUe6hr9i,Straight UP,Straight UP,r&b,Quadd21,245786
2D1sVdLnfAMwi3LaNtXTip,County of Kings,County of Kings,r&b,Fran Lover,224000
1qUhvc5I1ShxYy4QMZ7vK2,Irack,Irack,r&b,Pudgee Tha Phat Bastard,213133
6HfF9lDsvjlo2RJJeC8a8p,The Ma'ma Song,The Ma'ma Song,r&b,Roc DaGuard,203755
4Sv7Fo4bSpK0tM1WBspz4J,Free,FREE 6LACK,r&b,6LACK,263013
6mzaCRuLTRiz1caGOum3zT,The Way (feat. Chance the Rapper),You Should Be Here,r&b,Kehlani,262521
46X8c9qJzpBLYcos3OX0CE,The Zone,Trilogy,r&b,The Weeknd,418507
6Rqe6ghJ6t9SlQ2pRrt5tI,Till Dawn (Here Comes The Sun),Trilogy,r&b,The Weeknd,319693
3Dt75NjLThmoBTp5wQC7g7,Same Old Song,Trilogy,r&b,The Weeknd,312053
5dikapPlQPrsT3xUsUjj0N,Echoes Of Silence,Trilogy,r&b,The Weeknd,240067
4fLnXd56RsWN4ZBtb9TegQ,Valerie,Trilogy,r&b,The Weeknd,286680
3vFj4xuQTXHOuo6L0qGafv,Gone,Trilogy,r&b,The Weeknd,486773
0dcf0L6F1LUA1nE2zWH4J2,The Party & The After Party,Trilogy,r&b,The Weeknd,459387
1bAvtmTl0F9loyz9AwPwp7,Losers,Beauty Behind The Madness,r&b,The Weeknd,281147
1mhVXWduD8ReDwusfaHNwU,Tell Your Friends,Beauty Behind The Madness,r&b,The Weeknd,334333
4PhsKqMdgMEUSstTDAmMpg,Often,Beauty Behind The Madness,r&b,The Weeknd,249040
7fBv7CLKzipRk6EC6TWHOB,The Hills,Beauty Behind The Madness,r&b,The Weeknd,242253
6J7PIkhtHwmFjPLq0SyuPj,Dark Times,Beauty Behind The Madness,r&b,The Weeknd,260640
1gZADNt16Oh23jWyMYRk4p,Prisoner,Beauty Behind The Madness,r&b,The Weeknd,274960
7MXVkk9YMctZqd1Srtv4MB,Starboy,Starboy,r&b,The Weeknd,230453
00NAQYOP4AmWR549nnYJZu,Secrets,Starboy,r&b,The Weeknd,265600
1oGdVdYjeQvojGKDddxLQQ,True Colors,Starboy,r&b,The Weeknd,206013
4h90qkbnW1Qq6pBhoPvwko,Sidewalks,Starboy,r&b,The Weeknd,231360
4mU5iXHeLgbR94siF7p1sY,Six Feet Under,Starboy,r&b,The Weeknd,237573
2Ch7LmS7r2Gy2kc64wv3Bz,Die For You,Starboy,r&b,The Weeknd,260253
4MPTj8lMMvxLwT3EwuXFop,Call Out My Name,"My Dear Melancholy",r&b,The Weeknd,228373
4rv1ww0dUwFZcDVPqhcOcX,Try Me,"My Dear Melancholy",r&b,The Weeknd,221107
72TyiiduRmczEbDIEtKQdR,Wasted Times,"My Dear Melancholy",r&b,The Weeknd,220293
5rgnyXr2PXFWsAnPFew077,I Was Never There,"My Dear Melancholy",r&b,The Weeknd,241067
13wNEvWmBsWaWVtiLPRIW5,Hurt You,"My Dear Melancholy",r&b,The Weeknd,230027
26Fqtv4Aa7kyd1WWGHai6A,Privilege,"My Dear Melancholy",r&b,The Weeknd,170573
1FJrsh1NbV9eRw5JQt3M4e,Twenty Eight,Trilogy,r&b,The Weeknd,258453
0TiC3GtlMCskf2hIUIBcDV,Crew Love,Take Care (Deluxe),r&b,Drake,208813
7zFXmv6vqI4qOt4yGf3jYZ,Get You (feat. Kali Uchis),Freudian,r&b,Daniel Caesar,278180
2fXwCWkh6YG5zU1IyvQrbs,Broken Clocks,Ctrl,r&b,SZA,231253
3xKsf9qdS1CyvXSMEid6g8,Pink + White,Blonde,r&b,Frank Ocean,184516
4osgfFTICMkcGbbigdsa53,Novacane,Novacane,r&b,Frank Ocean,302347
0AoLBS2mpSzLBWu3ihILQa,Drunk in Love,Drunk in Love,r&b,XO,210000
3E895HtTn6lB40SA0l9EkL,Take Me Away (feat. Syd),Freudian,r&b,Daniel Caesar,226116
1RMJOxR6GRPsBHL8qeC2ux,Best Part (feat. H.E.R.),Freudian,r&b,Daniel Caesar,209831
5dR7h8Rxj1ko6f9dmKQc77,Teenage Fantasy,Teenage Fantasy,r&b,Jorja Smith,227451
6jaLFu5HvfNrI1JmcM4eXu,Lost & Found,Lost & Found,r&b,Jorja Smith,314433
1m8WpLYXEiNVZchsWEcCSy,Come Through and Chill (feat. J. Cole & Salaam Remi),War & Leisure,r&b,Miguel,322000
3VeuvRWfJLSOzeVPrgi5MR,Night Drive,PHO,r&b,Ari Lennox,150133
1PVza5KmhSJhz12OewWciE,Got Friends,Got Friends,r&b,GoldLink,226963
5VA4Ispp52EA1sOqzMz3Av,All I Want Is You (feat. J. Cole),All I Want Is You,r&b,Miguel,295920
3TeNkdbYRK8mGfvTMZtXBM,Teach Me,All I Want Is You,r&b,Miguel,322227
5WoaF1B5XIEnWfmb5NZikf,Sky Walker (feat. Travis Scott),War & Leisure,r&b,Miguel,259333
1Tt4sE4pXi57mTD1GCzsqm,Needed Me,ANTI,r&b,Rihanna,191600
06u5LrUpbosQlQ1QJFhPpG,Drew Barrymore,Ctrl,r&b,SZA,231400
0Kz9aGVgFvndWkcaiylIt5,Warm Winds (feat. Isaiah Rashad),Z,r&b,SZA,350912
1GfettdrSIqEky8VvxpxAo,Blue Ocean Floor,The 20/20 Experience,r&b,Justin Timberlake,439467
7y6c07pgjZvtHI9kuMVqk1,Get It Together,More Life,r&b,Drake,250337
3ppVO2tyWRRznNmONvt7Se,Summers Over Interlude,Views,r&b,Drake,106333
1eu6vM3Q8wYKGYZCn26uMb,Backseat,PHO,r&b,Ari Lennox,219133
6Aj2H0Z0v0JgnSfPEwCgW0,Babylon (feat. Kendrick Lamar),Z,r&b,SZA,234285
1mnqraQ8oV8MX92rdOFLWW,1 Thing,Touch,r&b,Amerie,238760
4TgYcx5TPQF7xC79b6v4hP,Tears In The Rain,Kiss Land,r&b,The Weeknd,444653
31ue6kAOfrqVrdoPdfkq40,Adaptation,Kiss Land,r&b,The Weeknd,283933
3TpXajg1nKzG3ngc9tBwrD,Easily,Easily,r&b,Bruno Major,210240
4c2xt1trwYZpMqPWY35Xi9,Jaded,Scorpion,r&b,Drake,262453
5NijSs5dAwaIybq1GaRTIe,Poison,Poison,r&b,Brent Faiyaz,212992
4ej94zqr9xYLbWphCH3TcD,Beauty & Essex (feat. Daniel Caesar & Unknown Mortal Orchestra),Beauty & Essex (feat. Daniel Caesar & Unknown Mortal Orchestra),r&b,Free Nationals,277046
4CYBfRX3oEPni9Elqm8Bnt,Goodbyes,Lost & Found,r&b,Jorja Smith,230930
42QRyJd5x6e2TFR1S41g2p,Too Fast,Too Fast,r&b,Sonder,308006
3I8yVFjvJoOBM9tX4ZpxEL,Ryd,Steve Lacy's Demo,r&b,Steve Lacy,140182
3uBbvynFWlF041WzNVHd1d,Used to Love U,Get Lifted,r&b,John Legend,210867
2S3osqN6ruuoAg1kUvf7u4,Let's Get Lifted,Get Lifted,r&b,John Legend,217467
2q0UBlr0ptqyZ2JH1LO7tH,Live It Up,Get Lifted,r&b,John Legend,275067
0ZBtXonwjdAbRo2UrD0Efq,P.D.A. (We Just Don't Care),Once Again,r&b,John Legend,278760
6sMUytnb1ZwIZxO4tDqx5B,Again,Once Again,r&b,John Legend,301800
0EbNfrtewVrVYzHKBArtyv,Where Did My Baby Go,Once Again,r&b,John Legend,303067
4LvzLhylddOXjfdZZJZVPC,Another Again,Once Again,r&b,John Legend,241733
48EjSdYh8wz2gBxxqzrsLe,Cranes in the Sky,A Seat at the Table,r&b,Solange,250973
22DHmfJa31hKpc2Lg0gVBV,Mad,A Seat at the Table,r&b,Solange,235493
08MbvwVOZdMNESjkoVdXxE,Where Do We Go,A Seat at the Table,r&b,Solange,264373
2TyCAfhwu5tRqFW8VnGMIL,Don't Touch My Hair,A Seat at the Table,r&b,Solange,257547
2aR6SYRJxy2QsBxA459ATF,F.U.B.U.,A Seat at the Table,r&b,Solange,313893
2jGjNCH6Op0BqBHPc4Rd8d,Lovely,A.M. Paradox,r&b,Brent Faiyaz,291098
4KwIqqiWKTbWIaxrSurXQE,Invite Me,Invite Me,r&b,Brent Faiyaz,199787
1NkjSBBDOYB4abj2ieO8XS,You,The Space Between,r&b,Majid Jordan,342480
1CJmTfrlU1d6FtAYNT36wD,Small Talk,Majid Jordan,r&b,Majid Jordan,259173
0TCRMLcilbYgj1Gb016JbJ,Love Is Always There,Majid Jordan,r&b,Majid Jordan,287293
600OCZ1UO4sMpHO3F1E2jb,P.O.V.,Morning After,r&b,dvsn,216000
6BIcjFZIVDZxNAcofRFPx4,So Gone,After The Storm,r&b,Monica,242773
3c6afiysmB7OnxQzzSqRfD,So Into You,Tamia,r&b,Tamia,261867
6sHsXIJoEN5JpdkGMQDJxt,The Boy Is Mine,Never Say Never,r&b,Brandy,294787
0b5w1gamS9f239Sms9guAB,They Don't Know,COOL RELAX,r&b,Jon B.,274667
6mz1fBdKATx6qP4oP1I65G,Pony,R&B: From Doo-Wop To Hip-Hop,r&b,Ginuwine,251733
71EHOyEOhNx1SzTebRRyng,Weak,It's About Time,r&b,SWV,291907
0W4NhJhcqKCqEP2GIpDCDq,Love,The Way It Is,r&b,Keyshia Cole,255333
1CAw3ethNuSDPf3E7luSFF,Faded Pictures,Personal Conversation,r&b,Case,229773
0wdaPticLmmqJdhgLDJ9zI,Who Can I Run To,Off The Hook,r&b,Xscape,216333
3OUApyz3jDB3syGUNGqB1d,How You Gonna Act Like That,I Wanna Go There,r&b,Tyrese,294693
125dAqUSmX1nOG50fBz9vb,Beauty,Enter The Dru,r&b,Dru Hill,272560
7MQywXGHEev7JmwwIzMcao,Love Like This,Keep The Faith,r&b,Faith Evans,275707
4iuNZTcvT9diFySSzVsnVS,When I See U,Fantasia,r&b,Fantasia,217347
5PMKzsUsTpZZGsCcJBuhP2,"U Know What's Up (feat. Lisa ""Left Eye"" Lopes)",Where I Wanna Be,r&b,Donell Jones,243733
4cRR2gUTOerkUOW5iZpm91,Feels Good,The Revival,r&b,Tony! Toni! Toné!,298373
360NCp4XoQ0sFi5jgu5Ww7,Insecure,Insecure,r&b,Jazmine Sullivan,218073
4Wtk0YYWUcx1JYicaq5Jd0,It's All About Me,Mya,r&b,Mýa,264933
6rbhWExtuchhpLC5fHnB8n,Motivation,Here I Am (Deluxe Version),r&b,Kelly Rowland,230560
5xE7sFTlv2yrG9mmhDSpdq,Come and Talk to Me - Remix,R&B Hits,r&b,Jodeci,295387
18sytW2s53Of6NVudQyUlH,Breakin' My Heart (Pretty Brown Eyes),Meant To Be Mint,r&b,Mint Condition,356960
7f1Dmr246cJ9uQYdbplTbh,He Wasn't Man Enough,The Heat,r&b,Toni Braxton,261933
74ZQQZAVOrd5sENv57jfCj,Straight Up,Exposed,r&b,Chanté Moore,220200
5mNV8Mz59bzyuQ53gTw0c0,Where the Party At (feat. Nelly),Jagged Little Thrill,r&b,Jagged Edge,232573
0n4bITAu0Y0nigrz3MFJMb,Blurred Lines,Blurred Lines (Deluxe),r&b,Robin Thicke,263827
5IFCyWplye09HytIP80RCF,Too Close,Rated Next,r&b,Next,259440
6cR1U61DMpYbS2TtNTlSvo,Read Your Mind,Private Room,r&b,Avant,263507
58FUwmyGUqkt53YPUcm7cJ,Knock You Down,In A Perfect World...,r&b,Keri Hilson,326187
35irxCsC8QXJ1IN0eioD3H,Friend Of Mine - Remix,Soul Of A Woman,r&b,Kelly Price,377507
6a5jHgwqYMk9wlYJYfs3c9,Can We Talk,The Best Of Tevin Campbell,r&b,Tevin Campbell,284587
3aw9iWUQ3VrPQltgwvN9Xu,Family Affair,No More Drama,r&b,Mary J. Blige,265867
5CdJveJgiGXoGwDFqF6afp,Freak Me,Lose Control,r&b,Silk,274533
1m2xMsxbtxv21Brome189p,I Wanna Know,My Name Is Joe,r&b,Joe,296693
4VSyH8AkIt3kaR5xIPFVVi,Where My Girls At,702,r&b,702,166693
4h7wUvVV8Ff8UL7JqAByiL,I Don't Wanna,Next Friday (Original Motion Picture Soundtrack),r&b,Aaliyah,255093
1KGi9sZVMeszgZOWivFpxs,No Scrubs,Fanmail,r&b,TLC,214400
6zMUIb4uce1CzpbjR3vMdN,Foolish,Ashanti,r&b,Ashanti,227387
6MdqqkQ8sSC0WB4i8PyRuQ,No Diggity,Another Level,r&b,Blackstreet,304600
3OQu3z3okKVmWxSXTTHak5,Put That Woman First,Still Ghetto,r&b,Jaheim,245773
0NBHHa8wwwmBnn3aAzX5wJ,Summer Rain,Emotional,r&b,Carl Thomas,232560
2SLZ2rX5773RS16mcqBxG7,Peaches and Cream,Part III,r&b,112,193093
6l4TNbfPtNAOOlGIfceSaO,Ascension (Don't Ever Wonder),Maxwell's Urban Hang Suite,r&b,Maxwell,346133
5yMQERKmNx6ajo4qHi1KT2,Sending My Love,Pronounced Jah-Nay,r&b,Zhané,221173
4VcV0t8VN6AZcWTznJOUUN,Stroke You Up,Changing Faces,r&b,Changing Faces,216546
3fLBmhcgWkPI47LfVQ8paB,Love and War,Love and War,r&b,Tamar Braxton,241920
5Y0E3dOeynKuLDAXu0t0Bg,Oops (Oh My) [feat. Missy Elliott],Southern Hummingbird (U.S. Version),r&b,Tweet,237800
2mp3sLUNQaJ025Lx5f4AAJ,Must Be Nice,Lyfe 268-192,r&b,Lyfe Jennings,233440
1vbe9sh7U9vdMceAhitWr2,Can You Stand The Rain,Heart Break,r&b,New Edition,297707
174rZBKJAqD10VBnOjlQQ3,How Do I Breathe,Go,r&b,Mario,216893
2Vlk8O848wZuu9CLWnAYSb,A Couple Of Forevers,Better,r&b,Chrisette Michele,237573
6x53SJOV1PAZ8ZUwH4NFXQ,Knockin' da Boots,Fever for da Flavor,r&b,H-Town,330945
0BTGqPIW9acmhhUmENkq5r,If You Love Me,From The Bottom Up,r&b,Brownstone,303903
6AgDFWLbbAt2migXMbrhXT,Ready Or Not,After 7,r&b,After 7,275827
5GorFaKkP2mLREQvhSblIg,All My Life,Love Always,r&b,K-Ci & JoJo,331240
5KVbaJP4IOZmZZlj5v4jp2,Far Away,Late Nights & Early Mornings,r&b,Marsha Ambrosius,436880
4fgQMbN9r8d9V2exSTsLFs,For You,Days Like This: The Best Of Kenny Lattimore,r&b,Kenny Lattimore,236147
6Ycf7Ch2VlEKlORbz7yfpJ,Sweet Love,Rapture,r&b,Anita Baker,266201
174UISK3l7VRbigEHxEev7,Can't You See (feat. The Notorious B.I.G.),Total,r&b,Total,281880
5XWaXNh3jEy29P1S7Ug1v5,I'm Blessed,I'm Blessed,r&b,Charlie Wilson,208891
0XHt0UmBzFJy1KKigTZ0tN,Complicated,Complicated,r&b,Nivea,232347
7lurcq2Yw96B1K0KOJAHxg,Southside,Southside,r&b,Lloyd,277840
06TuMCjDEYjTOJScCRzmjf,Don't Let Go (Love),EV3,r&b,En Vogue,291880
12soRJf1RZRsCd0QUnJUYL,Let's Chill,The Future,r&b,Guy,323827
13xKh7WqwxzEFYhYCJJwHg,Lovergirl,R&B: From Doo-Wop To Hip-Hop,r&b,Teena Marie,259560
2fE4MbwX3QGMzNaMjGVhtw,Say Yes,Floetic,r&b,Floetry,268373
69QIVIjPMnI1ABLBqh9P1b,Twisted,Keith Sweat,r&b,Keith Sweat,260667
6TlRNJaezOdzdECnQeRuMM,Bed,Back Of My Lac',r&b,J. Holiday,275107
6Vas6h9lB5mmeVDXdFqlQA,Freak Like Me,Do You Wanna Ride?,r&b,Adina Howard,253613
58s4iqgXFzXhBndBkg2AaD,Spend My Life with You,A Day In The Life,r&b,Eric Benét,276013
1GrikfH0jDejDvrxo84n4P,Together Again,The Velvet Rope,r&b,Janet Jackson,301200
4t2oHD86J1SzsoNCtS1OgB,Easy Way,Easy Way,r&b,Deborah Cox,257913
6mwA6YiKDjAUG8kWvRRUPh,Back At One,Back At One,r&b,Brian McKnight,263667
6g9FyBtYg9qnpF2IP1Cd0J,Just Right,The Love Reunion,r&b,Raheem DeVaughn,239120
6gA3b0M69d0SzuZqWtZXWD,Since You've Been Gone,DAY26,r&b,DAY26,250880
3l3xTXsUXeWlkPqzMs7mPD,End Of The Road,Cooleyhighharmony (Bonus Tracks Version),r&b,Boyz II Men,351467
4Ilen0VxPEsVRLpnePji8P,"Slow Down - 12"" Version",Disturbing Tha Peace Presents Bobby Valentino,r&b,Bobby V.,258667
54Ev13Dca9qrYZDNLFUYpb,Nothing In This World,Soul Sista,r&b,KeKe Wyatt,251067
5MPxgVGxq79wcoNKtlRaTf,You Are My Lady,Rock Me Tonight,r&b,Freddie Jackson,284119
6QnCf3tdlfCZLRcgfImwJb,Made to Love Ya,Gerald's World,r&b,Gerald Levert,273533
0flZtKtmkZMNqFF7V7Yfmu,I Like The Way,Greatest Hits,r&b,Hi-Five,350267
5HrVgmO1govSOrPUehW1VV,On My Own,Winner In You,r&b,Patti LaBelle,290840
4awnQTwynhz0j6Rk2ZwM6A,Circle,Veteran,r&b,Marques Houston,245027
0fgZUSa7D7aVvv3GfO0A1n,Post to Be (feat. Chris Brown & Jhene Aiko),Sex Playlist,r&b,Omarion,226581
2xRYnHQdLD9ketvC01UYYT,It Won't Stop (feat. Chris Brown),"Call Me Crazy But...",r&b,Sevyn Streeter,281080
7H6ev70Weq6DdpZyyTmUXk,Say My Name,The Writing's On The Wall,r&b,Destiny's Child,271333
3vMIAawCfJdR6A86JGqLc5,4AM,The MF Life (Deluxe Version),r&b,Melanie Fiona,290027
2PN3gbuBn5WBEwrEJH3xiu,sobeautiful,onmyradio,r&b,Musiq Soulchild,291133
1O7hDH3rrF8eyLxrpeoOfb,Casanova,The Best Of Gerald Levert,r&b,Levert,262373
5yGTQzYbEdY6B9RFZJypgt,Rhythm Of The Night,Rhythm Of The Night,r&b,DeBarge,229107
1jCsCYgzQQHk3bDJDuFbNi,If I Ever Fall In Love,If I Ever Fall In Love,r&b,Shai,189027
3B7i9OKRRmIsSBHEbJz58Y,Grind with Me,Bluestars,r&b,Pretty Ricky,237733
3r0Rhl5Zdo9YjACZNsaBvN,Nite and Day,In Effect Mode,r&b,Al B. Sure!,238013
0v9kGNjkKdQUdDoBIuiph4,My Prerogative,Don't Be Cruel,r&b,Bobby Brown,291560
6uQKuonTU8VKBz5SHZuQXD,This Is How We Do It,This Is How We Do It,r&b,Montell Jordan,238800
2tEifcUedZAkWUnRB1O4E5,Come Share My Love,Come Share My Love,r&b,Miki Howard,290533
6iWs0J0CnadMMbxLQtZrCG,I Can't Stop Loving You,Kem Album II,r&b,Kem,323920
3TXKwYk2H7hZQFB0j8z4yq,On Chill (feat. Jeremih),On Chill (feat. Jeremih),r&b,Wale,214035
0j3dGGZBTRa3hZubKT9n7M,Red Eye (feat. WSTRN & Lil Baby),Plug Talk,r&b,The Plug,281152
2XESFfYekQ0mRau2GXjT3E,Air Max,Air Max,r&b,Rim'K,205554
1qyFlfPREPbRcS2BNszdYI,Dreams Money Can Buy,Care Package,r&b,Drake,253803
5IaHrVsrferBYDm0bDyABy,Taste (feat. Offset),Taste (feat. Offset),r&b,Tyga,232959
43lYaovU2FoeuBMNusVVVW,10 Freaky Girls (with 21 Savage),NOT ALL HEROES WEAR CAPES,r&b,Metro Boomin,208293
2TH65lNHgvLxCKXM3apjxI,Callaita,Callaita,r&b,Bad Bunny,250534
0wbnC9AUenxp613TYaJsGK,Narcos,Culture II,r&b,Migos,255379
5BGgCCZMcfgt1rcASALwQn,Gucci Mane,Gucci Mane,r&b,D-Block Europe,201379
3FskQrDXcY24ur2fCvz35O,Ye,Outside,r&b,Burna Boy,231618
2IRZnDFmlqMuOrYOLnZZyc,Going Bad (feat. Drake),Championships,r&b,Meek Mill,180522
33tNYw9oMtSkGe27NpgS64,WORKIN ME,W O R K I N M E,r&b,Quavo,169620
5RUrVSdaXFVXjYK4lr2xf3,Time After Time,2 The Hard Way,r&b,Lil Baby,200907
6uSSupG4TMu3vW8QgynAB6,Startender (feat. Offset and Tyga),Startender (feat. Offset and Tyga),r&b,A Boogie Wit da Hoodie,192779
3KC4yUF3ppbGkczrHmT5lS,Fucking Up Profits,Before Anythang (Original Motion Picture Soundtrack),r&b,Migos,294973
6QZs13sDmhvSjsABGnZ8B9,Late Nights,Northside Jane,r&b,Burna Bandz,228389
33NEAJosK5zyLY2D4OG7AE,SLAY (feat. Quavo),STAY DANGEROUS,r&b,YG,284693
5gub2bpJRgJP4m4MliqtdV,Space Cadet (feat. Gunna),NOT ALL HEROES WEAR CAPES,r&b,Metro Boomin,203267
3WRIaWsws011vHMd9uzPjG,First Off (feat. Travis Scott),Future Hndrxx Presents: The WIZRD,r&b,Future,228367
2JvzF1RMd7lE3KmFlsyZD8,MIDDLE CHILD,MIDDLE CHILD,r&b,J. Cole,213594
1NHlyKgtR4roNylOhidKSv,Girls Have Fun (feat. G-Eazy & Rich The Kid),Girls Have Fun (feat. G-Eazy & Rich The Kid),r&b,Tyga,175711
7KXjTSCq5nL1LoYtL7XAwS,HUMBLE.,DAMN.,r&b,Kendrick Lamar,177000
3BXXkwyhsHM0EPApHMhQC5,Speed It Up,Speed It Up,r&b,Gunna,179022
7pMRoGLEJuFM2wl5pt0R99,Legacy (feat. Travis Scott & 21 Savage),FATHER OF 4,r&b,Offset,244941
1q9jq5X5vwmewjOa2mHtQ1,Same Yung Nigga (feat. Playboi Carti),Drip or Drown 2,r&b,Gunna,180935
1f38Gx6xQz6r4H1jGVNBJo,Loco Contigo (with J. Balvin & Tyga),Loco Contigo (with J. Balvin & Tyga),r&b,DJ Snake,185195
0SQ8yalm13UIJuebuZkQlH,Wild Wild West (feat. Gunna),FATHER OF 4,r&b,Offset,236300
6Z4rmc0uujCpl8yXe3yjgI,Whip (feat. Travis Scott),Rap Or Go To The League,r&b,2 Chainz,226600
0NJp8GyCOWnQh71xKSPfuV,Freaky,Freaky,r&b,Tory Lanez,173926
6uaVCl05ErStzx4alj2Qeq,Spray (feat. Tyga & YG),Spray (feat. Tyga & YG),r&b,Sneakk,220293
4F6yN5FsFW10Ucx7cLCzBh,Ready (feat. Gunna),Street Gossip,r&b,Lil Baby,213287
3hhs1XHsWvbH0mP9D1BT2Z,Stop Snitchin,Stop Snitchin,r&b,YG,149893
7DcvwMAiqKJQD1rrdfxSDx,The London (feat. J. Cole & Travis Scott),The London,r&b,Young Thug,200107
6WlxcZKpEV6Bwe9InoVhMp,WIFI LIT,BEASTMODE 2,r&b,Future,176630
6pcYAFkGyFRCrmcXk6iauq,Wish Wish (feat. Cardi B & 21 Savage),Father Of Asahd,r&b,DJ Khaled,202625
3SZqA7rQvROJsCbUu2v0xa,Go Loko,Go Loko,r&b,YG,299227
4yn0ftNHQSwsWE81h33y4K,Legendary (feat. Gunna),Legendary,r&b,Tyga,152532
5ry2OE6R2zPQFDO85XkgRb,Money In The Grave (Drake ft. Rick Ross),The Best In The World Pack,r&b,Drake,205427
2QkLuXpj8hKSfajGNVvfVX,Feels (feat. Young Thug & J Hus),Feels (feat. Young Thug & J Hus),r&b,Ed Sheeran,150787
4QEMi9FXOolfFFlLFUIolw,Home P*ssy,Home P*ssy,r&b,D-Block Europe,205333
0VgkVdmE4gld66l8iyGjgx,Mask Off,FUTURE,r&b,Future,204600
0oVxGuRMnawFgA8aduocfc,Forever,Forever,r&b,Tory Lanez,172245
4aPB8rSxGFISs0o6V2LrTy,Gold Roses (feat. Drake),Gold Roses (feat. Drake),r&b,Rick Ross,345160
4FtuDjqmTPP9mjxygLKzEm,Omo,African Giant,r&b,Burna Boy,147143
4n4BflhWjCHIxrI4v7Xt9s,How Bout Now,Care Package,r&b,Drake,235566
3dVCcRzAulDIuQQoQpDBTb,Show & Tell (feat. Future),African Giant,r&b,Burna Boy,162951
2xUHiyGeGrWmmfv7NbDTWC,Jodeci Freestyle (feat. J. Cole),Care Package,r&b,Drake,254022
64uoVmmhw2CUhFAOhDW1Zb,Cartier,Cartier,r&b,Gino J,165283
5Z8HZM6iQMhhqyPcCGY5g9,Hot (feat. Gunna),So Much Fun,r&b,Young Thug,193027
7J2DtwsxdoyrhgNV3Vzmos,MAYDAY (feat. Sheck Wes & Young Thug),MAYDAY (feat. Sheck Wes & Young Thug),r&b,CHASE B,179533
1PoJXULCvl03b1fiZmMxmd,On The Low,African Giant,r&b,Burna Boy,185899
2xs2L5ijdDwFOOHeEaMHN9,County Lines 1,County Lines,r&b,Frosty,234857
7b4ky1LlQLFhXHmhZkFgqV,Ladbroke Grove,AJ Tracey,r&b,AJ Tracey,190537
5DSfqrLkUHLZ9bW0SS3rVy,Ransom (with Juice WRLD) - Remix,Ransom (Remix),r&b,Lil Tecca,171227
5srIkb35ees5dhgjK3zdfz,Collateral Damage,African Giant,r&b,Burna Boy,197559
46gS5nW8S0kDU4Uw6YatNt,Get To The Bag,Get To The Bag,r&b,JY MNTL,226227
5aubXDnDNVKA5pS7EnR0mp,So High (feat. Fredo),So High (feat. Fredo),r&b,MIST,163143
0YTXcXihG2qpxb3U3LbPfc,Rich (feat. D Block Europe & Offset),Plug Talk,r&b,The Plug,245333
0S3Mp5NwMiK9lwNG1v1sGm,Caramel,Caramel,r&b,Payman,203000
6U9jxxdQ6TNzjshIpwWMTf,Ma Lo,Sugarcane,r&b,Tiwa Savage,182857
5s7j77zpP6e9uz2Q1DU851,I Like (feat. WizKid),I Like (feat. WizKid),r&b,Kojo Funds,192785
00X2yv2vrtritPt2CZnUTZ,Bené,Dans la légende,r&b,PNL,190067
4gSTkVQBVtRwoOCnHi467Y,Ride,Floor Seats,r&b,A$AP Ferg,201387
7eqKxh6djiu1NqW6GMjHIJ,Mon ami,Coeur noir,r&b,Still Fresh,195850
4UipF3IyxsyStTstiwGHhV,1 Question,Practice Makes Paper,r&b,E-40,250081
22Fwimjd0oaL06eU7Aura4,Hottest in the City,Hottest in the City,r&b,Ty Dolla $ign,183001
55ylfI9v88iPOCgjAAdwMe,Giddem,Outside,r&b,Burna Boy,211832
1Qo0d8zRMFYfbfmjpBecwS,Cellophané,Fantôme,r&b,Rim'K,182138
5WkyhmqrQT8iGq0Y5VMa4a,Pose To Do (feat. French Montana and Quavo),Pose To Do (feat. French Montana and Quavo),r&b,Lil Pump,167095
683tYxiTlWzupDpaZ2mCv4,Dior (feat. Gunna),43VA HEARTLESS,r&b,Moneybagg Yo,173396
2xE16muNCmhZwSOv3i1d1H,Mood Swings,Mood Swings,r&b,A Boogie Wit da Hoodie,156893
74LMZPCWbRGmJSCk5pDR5O,Big Mood,Big Mood,r&b,PAST,229065
0cc0C15xFeldpAIkIp440J,Repentance,PTSD,r&b,D-Block Europe,215951
4MA3Wedt0uN60IhQ3JV7GE,Moist (feat. K CAMP),Moist (feat. K CAMP),r&b,Eric Bellinger,200979
5u6o597GcbXH20H3LeVkHP,Good Love (feat. Tory Lanez),Good Love (feat. Tory Lanez),r&b,Nafe Smallz,192000
79weNzM2sOYU2yNbzM08jS,Aye Migo,Aye Migo,r&b,Ca$h Out,192794
5ravc2aiNoYmu9m37diYXW,Start Wit Me (feat. Gunna),Start Wit Me (feat. Gunna),r&b,Roddy Ricch,158692
735RSTb2xbtWbDtKD9XDYi,Somebody,Somebody,r&b,Internet Money,174333
0Xw5Jg9aFglPqfH163thrA,Tell Me,Tell Me,r&b,Krept & Konan,215047
3uAN7G71iZl9zN8uxMRpKO,Thumb,Thumb,r&b,M Huncho,217793
6P0Ki6KDNiCo03buu3fYGt,No Cryin (feat. Future),No Cryin (feat. Future),r&b,dvsn,204474
0mTKJnVf6GcujyDr1PZn0Q,Jerry Sprunger (with T-Pain),Jerry Sprunger (with T-Pain),r&b,Tory Lanez,233546
2qDIUqozjOR5TkRQfw9TXV,Wave Time 2 (feat. Chip & Nafe Smallz),Wave Time 2 (feat. Chip & Nafe Smallz),r&b,Mastermind,174625
6RgdRnDR2dvG5s5o6pJIgk,Yessirr,Chixtape 5,r&b,Tory Lanez,223602
741OE401HO7ZCaPhEqCZ7w,This Woman's Work,Now,r&b,Maxwell,240320
0tXq1ob3ysGZN2oK1abtyp,Lifetime,Now,r&b,Maxwell,329413
5FPnjikbwlDMULCCCa6ZCJ,Daughters,Heavier Things,r&b,John Mayer,237907
5LZNRUci6ZphLNjhnVQgWb,I Bruise Easily,Unwritten,r&b,Natasha Bedingfield,253973
1lkvpmrCaXK8QtliFDcHBO,Bubbly,Coco,r&b,Colbie Caillat,196227
0ceeRNqbOzRiGE42KWSrRa,Into You (feat. Fabolous),More,r&b,Tamia,294093
65Hr0W5AvzhUlIlJvvJS9M,Never Gonna Let You Go,Tamia,r&b,Tamia,241067
4u9QsEY02G3bJZSWgBdiva,Unpredictable - Main,Unpredictable,r&b,Jamie Foxx,219867
62OnJq6wHeTppRMWVw2Yo0,Age Ain't Nothing But a Number,Age Ain't Nothing But A Number,r&b,Aaliyah,251960
3Xn6BioBEOrQnBN0yRrr4p,At Your Best (You Are Love),Age Ain't Nothing But A Number,r&b,Aaliyah,289893
7CAHOnKTOgmevBK0ohndz4,Street Thing,Age Ain't Nothing But A Number,r&b,Aaliyah,298240
2yQaw1JxH8OybLYAvU4mQP,Good Girls,All That I Am,r&b,Joe,297040
3UGNdLrhhsK0SY9gNqe8TT,All The Things (Your Man Won't Do),All That I Am,r&b,Joe,380533
5F7HjYOGv2COHhhPMkS5NE,All That I Am,All That I Am,r&b,Joe,252120
2x28X8t6xaomkkn1ssHJ5E,...Til the Cops Come Knockin',Maxwell's Urban Hang Suite,r&b,Maxwell,416000
7eSDRPSjYBOcqB7b6Ord6X,Lonely's the Only Company (I&II),Maxwell's Urban Hang Suite,r&b,Maxwell,381707
6CUTYJQKcDwcQ63EulINUo,Officially Missing You,More,r&b,Tamia,242467
50sjU4AERZfJbDJsdAndaV,Show Me Love,Tamia,r&b,Tamia,246093
4fsyPCAb55yWiyJVbDJLr5,Falling for You,Tamia,r&b,Tamia,311600
6GPiKalxD23rJirHKJm00X,Torn,Torn,r&b,LeToya,249253
6gsmFgUiSTuinJlScwFODv,I Love You,Faithfully,r&b,Faith Evans,267160
3uq6qe8ouF012GLOcLyWcH,I Found My Smile Again (Radio Edit),I Found My Smile Again,r&b,D'Angelo,240453
3ibKnFDaa3GhpPGlOUj7ff,Let Me Love You,Let Me Love You,r&b,Mario,256733
6LGwYMXXgURfaequXipzHx,You Don't Know My Name,The Diary Of Alicia Keys,r&b,Alicia Keys,366733
1Dx8rIZaXzZPvUQRF2j9hB,Sweet Lady,Tyrese,r&b,Tyrese,290600
5L0KDoZklMgs9GPoonneEl,Nice & Slow,My Way,r&b,Usher,227907
3KhNltADertRRkqQ3IJ57D,We Are to Be,We Are to Be,r&b,Chymamusique,469771
5sUlaoVcLPk2Wr695jp6dd,Bartender (feat. Akon),Epiphany,r&b,T-Pain,238800
6oUGAx0vkBcnGzYkvw0ZsA,Shortie Like Mine,The Price Of Fame,r&b,Bow Wow,268067
2hANHoUH1CiN2qhKkmmKpL,L.O.V.E,L.O.V.E,r&b,Devin Morrison,184000
1KZyVnyptQcPzkx7ELCnZC,Hold Back The River,Chaos And The Calm,r&b,James Bay,238747
0c7XKJjw6heRqQX7PzkUIj,Catalina,Los Ángeles,r&b,ROSALÍA,214012
08UUpcePtj2DEgjPAQHxQT,Triste,El Círculo (Versión Exclusiva de Spotify),r&b,Kase.O,149080
6Vc5wAMmXdKIAM7WUoEb7N,Say Something,Is There Anybody Out There?,r&b,A Great Big World,229400
6Jz6K1LBGmYqirDbkk2y2K,Slip,Highspeeds,r&b,Elliot Moss,298907
0knqVSsgD7C8yu5yNmQFbA,Cannonball,O,r&b,Damien Rice,310000
29zBeRiLVnkDEj7tvmLVOU,Fall In Line (feat. Demi Lovato),Liberation,r&b,Christina Aguilera,248544
43MWnijE4yC3hZAjoRQ06N,Aunque Es De Noche,Aunque Es De Noche,r&b,ROSALÍA,253109
5GZEeowhvSieFDiR8fQ2im,9 Crimes,9,r&b,Damien Rice,217947
5r8mGKhCDIVWb3AG4hm0l0,PIENSO EN TU MIRÁ - Cap.3: Celos,El Mal Querer,r&b,ROSALÍA,193767
1uhQ3H3TSDX9Bq9Oz6uHWV,Penélope Cruz Volver,Mujeres,r&b,Estrella Morente,217853
42C5Bbb4dHwS5OFMvtGkG2,Un Veneno,Un Veneno,r&b,C. Tangana,193110
3xQ254OSkFQBk1F69d3Gwc,La Sandunguera,La Sandunguera,r&b,Nathy Peluso,205002
5yyRH93h4Pm6tXXYTxt7ea,The Blower's Daughter,O,r&b,Damien Rice,286653
4KQ0rQMuQJf2SSQMwJFNhM,Alabame,Esmeralda,r&b,Nathy Peluso,192593
6FhAMHnJWfTsUtn9tPFa4Q,No Hay Tanto Pan,Domus,r&b,Sílvia Pérez Cruz,308250
69btiejQOmpHxMEGuoQuQZ,Chinchetas en el aire,Recuerdos Garrapateros de la Flama y el Carril,r&b,Los Delinquentes,262000
4JWQC6gyYoPRnxRxk0ta2M,Peer Pressure (feat. Julia Michaels),Peer Pressure (feat. Julia Michaels),r&b,James Bay,176880
1F7ZElvJAvWKQ7UaPXg9cF,Barefoot In The Park,Assume Form,r&b,James Blake,211200
2IqjKEBiz0CdLKdkXhxw84,Retrograde,Overgrown,r&b,James Blake,223600
5egiiQYWp19Mda1TA4J4FR,Hot Butter,La Sandunguera,r&b,Nathy Peluso,238373
2Sfl7odHUmG7qc8SbqUyzE,DI MI NOMBRE - Cap.8: Éxtasis,El Mal Querer,r&b,ROSALÍA,162377
0gPQTLaqHDgdupKEok7J2x,7 Days,Born to Do It,r&b,Craig David,235133
7K9kbDWgbJmfNnN9LSoXB4,Lullaby For My Insomniac,Assume Form,r&b,James Blake,223800
0Ac7MrpcCf0Qj1r8fPHxqi,Loin De Paname - BOF Faubourg 36,PARIS 36 (version internationale),r&b,Nora Arnezeder,195627
3hk8XJ0FnkpeucYLsh3XPF,I Can't Stand the Rain,Soul,r&b,Seal,213267
1XsYSawDnMWDwQHiEeUzXe,Que te vaya bonito,Chavela Vargas. Sus 40 Grandes Canciones,r&b,Chavela Vargas,202359
3SktMqZmo3M9zbB7oKMIF7,Gravity,Continuum,r&b,John Mayer,245827
13LxArRBitvjpAeQ4ZnBXR,Hay Amores,Love in the Time Of Cholera EP,r&b,Shakira,209067
3OfofodOTLTtJzVXXkgNW5,I Won't Complain,At Least For Now (Deluxe),r&b,Benjamin Clementine,280680
3DsOZ72W9kOn6R1XooRsUY,Growing Pains,Ralph Hardy Presents: Growing Pains 2,r&b,NANG,270361
0jQvPp3hJlJQd9tz2EkH6b,200 Press,200 Press EP,r&b,James Blake,373243
0LsG4XAbOVsx1qOTHtferA,Cornerstone,At Least For Now,r&b,Benjamin Clementine,271827
2SpEHTbUuebeLkgs9QB7Ue,Jolene,Jolene,r&b,Dolly Parton,161533
62SpTZPgcuBcygQSb1mC7W,Jarabi,Songhai,r&b,Ketama,219160
2VxeLyX666F8uXCJ0dZF8B,Shallow,A Star Is Born Soundtrack,r&b,Lady Gaga,215733
3VFj5odD26z1u2eV6Vwxa6,River,Ibeyi,r&b,Ibeyi,252095
3Yn83dJGBWtL0icQirgyp6,Deep,Sway,r&b,Marian Hill,206693
4LIIWJjlXMftVKMQWUrxKO,Human,Ison,r&b,Sevdaliza,192042
1It1TxBK3xIQAB4xJkPevn,Blue Lights,Lost & Found,r&b,Jorja Smith,250454
7MhomISA7KRK6U7KzeV06v,Cigarettes & Cush (feat. Kehlani & Lily Allen),Gang Signs & Prayer,r&b,Stormzy,349584
6QJ72Q3WKxQ3tGko8VVXMs,Building A Family,Life As A House (Original Motion Picture Soundtrack),r&b,Mark Isham,117360
1AM8QdDFZMq6SrrqUnuQ9P,Feeling Good,It's Time,r&b,Michael Bublé,237333
3j8FPquKEOygdUMLLs1Pxr,Candlelight,Candlelight,r&b,Zhavia Ward,189733
4J3hR8nrvYijnTjd195KG7,Say Something - The Four Performance,Say Something (The Four Performance),r&b,Zhavia Ward,228784
28Val6Yko2x2iJQ9YlG789,Call Out My Name - The Four Performance,Call Out My Name (The Four Performance),r&b,Leah Jenea,193712
1csiwz0DmiJwaB4VsivaiB,Killing Me Softly With His Song - The Four Performance,Killing Me Softly With His Song (The Four Performance),r&b,Zhavia Ward,214477
2YqcTD2YWNMQ9LbQNVUATJ,No Diggity,Alice Jemima,r&b,Alice Jemima,164681
4WO5q4gmBiPJbv2xqVDADE,Entre Dos Aguas - Remastered 2014,La Búsqueda (Remastered 2014),r&b,Paco de Lucía,360547
3XVBdLihbNbxUwZosxcGuJ,If I Ain't Got You,The Diary Of Alicia Keys,r&b,Alicia Keys,228707
42LjrGJeB2avMnozDd3lfs,Crescent,Crescent,r&b,Anomalie,194464
30BsewEJZPxfuLNAlZPFje,"Read All About ItI",Our Version Of Events (Special Edition),r&b,Emeli Sandé,283707
4L2K7JKseFCBoHMZEAszW0,Jealous,Jealous,r&b,Labrinth,287693
1VbhR6D6zUoSTBzvnRonXO,I'm Not The Only One,In The Lonely Hour (Deluxe Edition),r&b,Sam Smith,239317
1ZGRG4rjkltlWg6jxcaWKW,Breathe Me,Six Feet Under: Everything Ends,r&b,Sia,271293
5pY3ovFxbvAg7reGZjJQSp,I See Fire,x (Deluxe Edition),r&b,Ed Sheeran,299147
0TrsdzPE9PVvLk7IYRnO8T,Take Me Home - BBC Children In Need Single 2015,Take Me Home,r&b,Jess Glynne,264236
2TmLZLv57mW4OA3Il1ULsf,Dancing On My Own,Dancing On My Own,r&b,Calum Scott,260004
2EcsgXlxz99UMDSPg5T8RF,Beneath Your Beautiful,Electronic Earth,r&b,Labrinth,271813
1OzACp58J3kvJqMdLafx4x,Focus - The Four Performance,Focus (The Four Performance),r&b,Leah Jenea,176624
6x99an9ChMTqfp7HBlx1NC,Creep - The Four Performance,Creep (The Four Performance),r&b,VINCINT,218131
0UBUnp3ggZivpFWGQxoSok,Keep Your Head Up,Every Kingdom (Deluxe Version),r&b,Ben Howard,264547
3C57ewlHARCVqeH3KiYkma,Sober,Sober,r&b,Mahalia,266288
1RGsZfUwt2a6yLzL2yoj1X,Unsteady,VHS,r&b,X Ambassadors,193547
4jAity3zdhAMTL3gy6cLGx,Unforgettable - The Four Performance,Unforgettable (The Four Performance),r&b,Zhavia Ward,183368
388JfAKCHRw3lw6J2dNJ0T,Como el Agua,Como el Agua,r&b,Lianna,232646
2scANFae26sIF97RtQFb7h,A Storm On A Summers Day,A Storm On A Summers Day,r&b,Full Crate,178356
5imShWWzwqfAJ9gXFpGAQh,Waiting On the World to Change,Continuum,r&b,John Mayer,201173
4fK6bgzyKt4EIv3R1wrUtl,Whatever Happens,Invincible,r&b,Michael Jackson,295667
0bxmVPKnEopTyuMMkaTvUb,Issues/Hold On,K.T.S.E.,r&b,Teyana Taylor,185979
3nXrCAE44KlevAkQB2XWcN,Gonna Love Me,K.T.S.E.,r&b,Teyana Taylor,166998
5Sr3ppJ2yQEHPTjKPHbKuU,No Pressure,No Pressure,r&b,Mahalia,196484
1jbRXE0cGEDFBEnrdrAwug,Go,From The Roots Up,r&b,Delilah,218160
6gDJbgtCENoIouUjInc0I3,Never Would Have Made It,K.T.S.E.,r&b,Teyana Taylor,159924
4OBZT9EnhYIV17t4pGw7ig,Best Part (feat. Daniel Caesar),H.E.R.,r&b,H.E.R.,209400
1DoS5ql0TW3ejjJGHbsAmz,Tadow,Tadow,r&b,Masego,301639
4HbeGjbt7u3pvwDk1vN7P0,Mystery of Love,Call Me By Your Name (Original Motion Picture Soundtrack),r&b,Sufjan Stevens,248965
74uC8K6i7AL7mC7ohKCS7d,Flirt,"Big Fan of the Sesh",r&b,Biig Piig,136119
2MD2P7Jd4ZzF2VrbCrE8vU,Eyes Open,LNLNN,r&b,Gidge,369929
569gNjph2g07MmjtMm6vKm,Huldra - Other Version,Huldra,r&b,Gidge,490000
4Iam3vZMJCMltFkK9mNruw,Bad Blood,For All We Know,r&b,Nao,240627
3QdBvvYJ9k1CES1e9aYvaA,Never Would Have Made It,Thirsty,r&b,Marvin Sapp,415133
1k1Bqnv2R0uJXQN4u6LKYt,Ain't No Sunshine,Just As I Am,r&b,Bill Withers,125093
56khZQKfmdTikYbbZLgxAY,Something's Got To Give,Something's Got To Give,r&b,Labrinth,229285
1hSC6vWh3Rzkn9JSWicerC,What We Leave Behind,Miss You Already (Original Motion Picture Soundtrack),r&b,Labrinth,192907
2c3jpiVWrH2l8O5HHRkJ5e,Lesson Learned (feat. John Mayer),As I Am (Expanded Edition),r&b,Alicia Keys,253680
1AHR24HYoVVCTHC5bujra6,Hallelujah,HERE,r&b,Alicia Keys,189733
7hDVYcQq6MxkdJGweuCtl9,ocean eyes,dont smile at me,r&b,Billie Eilish,200379
1p80XDFkNwDaA87sh2C2Xn,Don't Miss It,Assume Form,r&b,James Blake,299200
0zrHx4EhLePXUa8KhGpS3E,I Fell In Love,Autumn Bells,r&b,Gidge,385726
02K5IV55wIgNNARk3UA95E,Paloma Negra,Chavela Vargas,r&b,Chavela Vargas,198760
6SEolIp22t0DzeBfCBo3hr,Vibin' Out with ((( O ))),French Kiwi Juice,r&b,FKJ,311837
3cQmqM0awej9iAESjhKrI9,Confidently Lost,Confidently Lost,r&b,Sabrina Claudio,209885
4B4kunXhV2ZKnYcvDgAFoE,5AM,5AM (Expanded Edition),r&b,Amber Run,257907
2DSeCIdLFJNNhlcOXGrWIk,Gale Song,Cleopatra,r&b,The Lumineers,193720
5ug4vqGZ3eisGhY1IsziNX,Best Part of Me (feat. YEBBA),Best Part of Me (feat. YEBBA),r&b,Ed Sheeran,243267
1WsEgieHsWWndAzLkmV105,hostage,dont smile at me,r&b,Billie Eilish,229426
6X7qcg95CAeJpTjtg1wooM,&burn (with Vince Staples),dont smile at me,r&b,Billie Eilish,179016
49QPLl3lfmX8iRMR9iTszN,Closer,Closer,r&b,JYWRRN,236308
0SUih4u16BlTsIDyB7J0SU,Waves - Guitar Acoustic,Waves (Guitar Acoustic),r&b,Dean Lewis,248427
3GMy4AOJogX3mMsoom1s0Z,Remember,I Owe You Nothing / Remember,r&b,Seinabo Sey,252393
6BvAeJI35GUw2kNK6yMupI,Photograph,The Boy Who Cried Freedom,r&b,Jacob Banks,137933
0QTOw32h1G2LD8EFExxedV,You Might Find Me,Creed II (Score & Music from the Original Motion Picture),r&b,Jacob Banks,147387
5QZbCX2yKSFHPe7nCHGMam,Slow Up,Village,r&b,Jacob Banks,297027
3VTSI0kKvOu7pg0khK6ySn,Ex-Factor - BBC Live Session,Covers - EP,r&b,JP Cooper,227718
4ZLzoOkj0MPWrTLvooIuaa,Get You The Moon (feat. Snøw),Get You The Moon (feat. Snøw),r&b,Kina,179080
3atqfvHwNUtXwWhhhkVBm7,Cocaine,Volume 1 EP,r&b,Pink Sweat$,131500
6rJmWa5DvQ3Nby3tdcX2L0,East Atlanta Love Letter (feat. Future),East Atlanta Love Letter,r&b,6LACK,246088
0Dy3aMQAna0aff0J7tud1M,Home,Four Songs,r&b,Teitur,201520
5cjmBNpRWoGpa311edvliq,For Altid,Toppen Af Poppen Synger Medina,r&b,Teitur,286857
1i7MnatuVb8zlDInTe30JP,Sadness Is Taking Over,Nothing Lasts Forever (And It's Fine),r&b,flora cash,228000
4jDDaKTqcZQWvgubuW6N7l,Unknown (To You),Village,r&b,Jacob Banks,233160
2K8elWg8ihrZRwZJ7Gy6L3,Come Home To Me,LÉON,r&b,LÉON,225868
7BdXiDH2bPhBuPP2jTwRZB,The Few Things (With Charlotte Lawrence),The Few Things (With Charlotte Lawrence),r&b,JP Saxe,211567
3jipFRgLyKK0oJoG1pKicx,Jaded,Scorpion,r&b,Drake,262453
0w1ZtnzQmtmuuoKxHT0pLL,Summer Games,Scorpion,r&b,Drake,247893
14SaZBTjxlorHJQxXh01Hu,Girls Need Love (with Drake) - Remix,Last Day Of Summer,r&b,Summer Walker,222374
343YBumqHu19cGoGARUTsd,Fake Love,More Life,r&b,Drake,210937
1zi7xx7UVEFkmKfv06H8x0,One Dance,Views,r&b,Drake,173987
7JXZq0JgG2zTrSOAgY8VMC,Jungle,If You're Reading This It's Too Late,r&b,Drake,320400
0V4l4GQhgnWQGtCWpvA7va,Crew Love,Take Care (Deluxe),r&b,Drake,208813
124NFj84ppZ5pAxTuVQYCQ,Take Care,Take Care (Deluxe),r&b,Drake,277387
047fCsbO4NdmwCBn8pcUXl,Marvins Room,Take Care (Deluxe),r&b,Drake,347227
45Egmo7icyopuzJN0oMEdk,Love Lies (with Normani),Love Lies (with Normani),r&b,Khalid,201707
0u2P5u6lvoDfwTYjAADbn4,lovely (with Khalid),lovely (with Khalid),r&b,Billie Eilish,200186
25YvGDl2zSE0pH8jrMZ6aY,Therapy,American Teen,r&b,Khalid,257960
6ZNo7Vi0TE9ul1fhKd4S1M,Pray For Me (with Kendrick Lamar),Pray For Me (with Kendrick Lamar),r&b,The Weeknd,211440
7m9OqQk4RVRkw9JJdeAw96,Jocelyn Flores,17,r&b,XXXTENTACION,119133
2OvV4NjEBRE9v8Oo7QeUCq,Jump (with Trippie Redd),Jump (with Trippie Redd),r&b,Julia Michaels,207857
0wFmawqundY8rOn9sZUqA6,Midsummer Madness,Midsummer Madness,r&b,88rising,280842
4F1yvJfQ7gJkrcgFJQDjOr,Playinwitme (feat. Kehlani),Light of Mine,r&b,KYLE,191680
454h9zAIuTe1eJyw9iTnj4,Man Down,Loud,r&b,Rihanna,266987
75NhhYjHO43mvZgYtnXgti,Lonely Together (feat. Rita Ora),AVĪCI (01),r&b,Avicii,181812
1MQ8ydvrTnn2QJgXFATJvD,Ex Calling,FREE 6LACK,r&b,6LACK,211960
6lJ5aSxKHCwNBoWkZT3JeJ,Cutting Ties,Cutting Ties,r&b,6LACK,261703
4AtZRwSR8BOTTQg5ihSggt,PRBLMS,FREE 6LACK,r&b,6LACK,246773
2lH43POZa4XHxydnZizET5,TTM (feat. Wiz Khalifa & NGHTMRE),Catch These Vibes,r&b,PnB Rock,212000
1SuznrYulmD8HMZrenI0VU,Broken,Broken,r&b,Lund,200627
3GCdLUSnKSMJhs4Tj6CV3s,All The Stars (with SZA),Black Panther The Album Music From And Inspired By,r&b,Kendrick Lamar,232187
0q75NwOoFiARAVp4EXU4Bs,Love Galore (feat. Travis Scott),Ctrl,r&b,SZA,275080
6PGoSes0D9eUDeeAafB2As,LOVE. FEAT. ZACARI.,DAMN.,r&b,Kendrick Lamar,213400
6SwRhMLwNqEi6alNPVG00n,LOYALTY. FEAT. RIHANNA.,DAMN.,r&b,Kendrick Lamar,227360
5k38wzpLb15YgncyWdTZE4,Him & I (with Halsey),The Beautiful & Damned,r&b,G-Eazy,268867
0RyWaVjR8Mi4Qx9J3IiiqF,UnFazed (feat. The Weeknd),Luv Is Rage 2 (Deluxe),r&b,Lil Uzi Vert,190355
43PuMrRfbyyuz4QpZ3oAwN,Exchange,T R A P S O U L,r&b,Bryson Tiller,194613
3pXF1nA74528Edde4of9CC,Don't,T R A P S O U L,r&b,Bryson Tiller,198293
5rgrBsAFYMun6yhtnLKRPz,Right My Wrongs,T R A P S O U L,r&b,Bryson Tiller,249320
3oyf4dalm17kzTE8LJDbgR,Lo Que Siento,Lo Que Siento,r&b,Cuco,312000
3j1fOrxmfuym91Cf9v397b,Warpaint,Head In The Clouds,r&b,88rising,213788
3kYARoLSAvt86VFZ55BQcq,Head In The Clouds,Head In The Clouds,r&b,88rising,178023
3jKJnHixssQxdCShjpirKQ,Little Prince (feat. NIKI),Amen,r&b,Rich Brian,172445
0d2iYfpKoM0QCKvcLCkBao,Eastside (with Halsey & Khalid),Eastside (with Halsey & Khalid),r&b,benny blanco,173800
6fyReXAVyOaywhFcnC1ibh,Check (feat. RAYE) - International Artist Remix,International Artist,r&b,A Boogie Wit da Hoodie,196596
6nI74KsH94IN0J2vp5shdT,Bedtime Stories (feat. The Weeknd) - From SR3MM,SR3MM,r&b,Rae Sremmurd,292727
2gNIhXbE588DkW7Za7ruax,Hold Your Hand,RECKLESS,r&b,NAV,234853
2oy5kjcc7itM64xk00Gz2c,Pull The Trigger,Pull The Trigger,r&b,Russ,156560
1Eck97uRMlprKOOJN9oO1E,Good Life (with G-Eazy & Kehlani),Good Life (with G-Eazy & Kehlani),r&b,G-Eazy,225526
41zXlQxzTi6cGAjpOXyLYH,idontwannabeyouanymore,dont smile at me,r&b,Billie Eilish,203569
5SwEgzUFDHwpWHKrbnP32Z,Youth feat. Khalid,Shawn Mendes,r&b,Shawn Mendes,190867
7KA4W4McWYRpgf0fWsJZWB,See You Again (feat. Kali Uchis),Flower Boy,r&b,"Tyler, The Creator",180387
6KuXb26rHuRy3ZDse1VRmx,Where This Flower Blooms (feat. Frank Ocean),Flower Boy,r&b,"Tyler, The Creator",194933
6ACiYjq5Q7e6BlhZEHz7cd,Garden Shed (feat. Estelle),Flower Boy,r&b,"Tyler, The Creator",223947
5WNYg3usc6H8N3MBEp4zVk,Boredom (feat. Rex Orange County & Anna of the North),Flower Boy,r&b,"Tyler, The Creator",320720
7IBSffWIu7P2MC7kMwy2FM,Hopeless Romantic (feat. Swae Lee),Rolling Papers 2,r&b,Wiz Khalifa,226743
1CAALs08dWg3BxFMaaS8qK,Nonchalant,Nonchalant,r&b,6LACK,183454
0brzJEyCEVzjAQsCgCqxqb,Pretending (feat. Jessie Reyez),International Artist,r&b,A Boogie Wit da Hoodie,177339
2pg2TiYo9Rb8KeB5JjP7jS,Sativa,Trip,r&b,Jhené Aiko,276960
4j3GWI86JvSaF0BLdmgcfF,Summertime Magic,Summer Pack,r&b,Childish Gambino,213600
7p4vHnYXkxlzvfePJVpcTr,Feels Like Summer,Summer Pack,r&b,Childish Gambino,297404
1B87ZDrD3Pno9hS4stamWO,Comin Out Strong,HNDRXX,r&b,Future,254370
7HDpgbWMVzI8bEbdldw3cs,One Way (feat. T-Pain) - Bonus,FREE 6LACK,r&b,6LACK,286957
0UyljEbX9dqI1K0sqdv6B6,SLOW DANCING IN THE DARK,SLOW DANCING IN THE DARK,r&b,Joji,209274
1wb7Mqon4o1ViLjaLV9f8U,Loaded Gun,East Atlanta Love Letter,r&b,6LACK,198442
0CIGZEXjZ8L52lOrqUljJt,Let Her Go,East Atlanta Love Letter,r&b,6LACK,177172
2xRyZfWe9bnRfH1ZfhYO98,Sorry,East Atlanta Love Letter,r&b,6LACK,210177
4at3d5QWnlibMVN75ECDrp,Pretty Little Fears (feat. J. Cole),East Atlanta Love Letter,r&b,6LACK,240342
1AROE0XcC4ySCxXF65mutZ,Seasons (feat. Khalid),East Atlanta Love Letter,r&b,6LACK,250001
5cr18fp7bo0OErBy2JvD9j,Freedom (feat. Jhené Aiko),Freedom (feat. Jhené Aiko),r&b,Kris Wu,264000
3zEKbhms2GDJQXaOLZZjAH,Body Count (feat. Normani & Kehlani) - Remix,Body Count (feat. Normani & Kehlani) [Remix],r&b,Jessie Reyez,158907
4T3fNx3CgwDRRYgmFCbD4J,Better,Better,r&b,Khalid,229413
4N9QsmvQJcGwJHAmDmBttU,Climax (feat. 6lack),On The Rvn,r&b,Young Thug,189093
20TYNq9o5sdBAbkCWE9ih7,Electric (feat. Khalid),Electric (feat. Khalid),r&b,Alina Baraz,246327
5p7ujcrUXASCNwRaWNHR1C,Without Me,Without Me,r&b,Halsey,201661
23c9gmiiv7RCu7twft0Mym,Who Hurt You?,Who Hurt You?,r&b,Daniel Caesar,231964
14JzyD6FlBD5z0wV5P07YI,when the party's over,when the party's over,r&b,Billie Eilish,199931
43tgC5pTYJpc5D3C9HRwEg,Slow Down (with Calvin Harris),Normani x Calvin Harris,r&b,Normani,205986
6SkHm6poyKfzV6kc9any8k,Suncity (feat. Empress Of),Suncity,r&b,Khalid,189493
7zgoHkxLgchJwPdhbJhQ3K,Why Don't You Come On (ft. Khalid and Empress Of),Big Wave More Fire,r&b,DJDS,199980
7DfFc7a6Rwfi3YQMRbDMau,Thinkin Bout You,channel ORANGE,r&b,Frank Ocean,200747
6osMzmRHCVETbZMHceLRmh,Dreamcatcher (feat. Swae Lee & Travis Scott),NOT ALL HEROES WEAR CAPES,r&b,Metro Boomin,211920
0McI9sOmkpfd4E72njtU0G,Borrowed Love (feat. Swae Lee & WizKid),NOT ALL HEROES WEAR CAPES,r&b,Metro Boomin,230240
7zxRMhXxJMQCeDDg0rKAVo,Some Way,NAV,r&b,NAV,179773
2jzFNGqC0Q1TeThJTzPL0T,Overdose (feat. Chris Brown),Overdose (feat. Chris Brown),r&b,AGNEZ MO,174251
2qHk6Nz5glNQrjW8Rhd5kv,Waves (feat. 6LACK),Waves (feat. 6LACK),r&b,Normani,215671
5PkZ0mhNgfuz7SqiuruKlh,If You Ever (feat. 6LACK),If You Ever (feat. 6LACK),r&b,Nao,221736
24lORMRGMv9sXpZJdN1PVm,Spar (feat. 6LACK & Kodak Black),Spar (feat. 6LACK & Kodak Black),r&b,Dreezy,231194
2JTaZjHNULImGUfECwTELE,Ride Of Your Life,Ride Of Your Life,r&b,Tinashe,213829
56QspNOQhZHWNONFKcRws0,Tiiied (feat. 6LACK & Ella Mai),DiCaprio 2,r&b,JID,244802
1ZKmKenpeY1Yr94kADGpQF,Workin Out,DiCaprio 2,r&b,JID,226859
5SzhkC3NGjcIq6Brs8pSj1,Save Me Pt 2 (feat. Austin Lam),STOKELEY,r&b,Ski Mask The Slump God,188707
2l2ImRwdOn7mxuNn2zVeJH,Machete,Shallow Graves For Toys,r&b,EARTHGANG,299512
7bre6yd84LZ6MFoTppmHja,Swimming Pools (Drank),Swimming Pools (Drank),r&b,Kendrick Lamar,247800
2vNhY6yfz9ha8wTSji81qG,Round Whippin,Round Whippin,r&b,A.CHAL,214286
3YUK6HxkymcP7w76uFfn3w,B.L.O.W.,B.L.O.W.,r&b,Tory Lanez,280173
1TrurzHebuXk7DB9DjWIb3,They Don't,Derin Falana - EP,r&b,Derin Falana,222825
4BP0An7SXctTY4kF41JxIQ,Halftime,Barter 6,r&b,Young Thug,226733
0mkjekH9rwp4Fg5PxzUTrd,0 To 100 / The Catch Up,0 To 100 / The Catch Up,r&b,Drake,275227
52wF5Pa8fK4KwaGGoYDeDV,Alchemy,Wave[s],r&b,Mick Jenkins,189227
4wzscvBb9JkSfiet1A8UQu,Drugs,Venice,r&b,Anderson .Paak,292989
4Dm2MfTULuU28c0DYeLR4s,Another One,Better L8te Than Never,r&b,London Jae,161881
2mb1XdzL8GCVJhiz6JxVtw,Juice,Better L8te Than Never,r&b,London Jae,177293
2hJ6bFDQkPSmPcCKFWb5Mf,Corrupted,Corrupted - Single,r&b,DuRu Tha King,132702
2pkabSzcR7yf2WDomkBqTS,Yay,Welcome To JFK,r&b,Chinx,247718
2630iKSCt6XZQS6npExkfK,God Said Trap (King Trappy III),Subtrap,r&b,IDK,261630
5on0YbOVfolitti3rObZKD,Let's Win,Let's Win (feat. IshDARR) - Single,r&b,Wave Chapelle,244000
3Z7SMZHYxTYKWedLXfTcme,Lights,No Manners,r&b,Stewart Villain,238196
1H7hoE8CQsNGYhjgmA2qIS,Lord (feat. Milc),No Manners,r&b,Stewart Villain,180701
3fWmO8cxE3Kh6o4F8oyRSZ,Oto Moto,Rap Machine,r&b,Disiz La Peste,161756
3uGcFQmm4Pf9YMD4i8z3bP,Preach,For The Town,r&b,SonReal,233853
6GfpYM3NVqysfWKXBUfKWn,Ordinary Nigga,Ordinary Nigga,r&b,Jonah Cruzz,193063
3b0OZ2yemWkZ5kUweakAlZ,Cocky,Ordinary Nigga,r&b,Jonah Cruzz,144093
1S3hcyx64yhb5AeZ5G4TIa,Laisse aller,Feu,r&b,Nekfeu,273746
6ry1D09ztAEoE11tS6rGBv,Martin Eden,Feu,r&b,Nekfeu,295213
1qdtfV9zIFJTn9iL8JaGg5,Name On It (feat. Chase Benji),Name On It (feat. Chase Benji),r&b,Sha Mula,200388
5bINBKyhsxjKARdtuPTITM,No Way,No Way,r&b,OnCue,220000
5dHpbFmZjWucrol0M7aNGU,The Language,Nothing Was The Same (Deluxe),r&b,Drake,224040
3yvFBXiybFrHRbfslCpdYL,Eve - feat. Miss Kitty,Lip Lock,r&b,Eve,212973
48tybOd2kxWaMjnYrEWTvY,Tupac Back (feat. Rick Ross),"MMG Presents: Self Made",r&b,Meek Mill,236893
7GPq5i4Dn95yDaqxdoeKNW,The Rockers (feat. Wiz Khalifa),SAAAB Stories produced by Harry Fraud,r&b,Action Bronson,188653
4y08InEX3ML1NpBhyRv5Im,Can't Trust'em (Remix),Free SmokeOut Conversations (Mixtape),r&b,Dizzy Wright,227150
108wABClmebQtFnxfliTiO,Drivin',Drivin',r&b,Mr. Probz,196693
32XC8EvpugPAm9dhI0Jabm,Gangsta,Oxymoron (Deluxe),r&b,ScHoolboy Q,231773
0vuEcIoQfIs5fAiUJ8qZhv,Take Over,Modest Confidence,r&b,Gavlyn,217653
6nu35hLc8zsA9bwBpcuf5L,Type of Way,Still Goin In - Reloaded,r&b,Rich Homie Quan,261321
5AEpL2aTZjujDxsBlelQAa,Blocka,The Animosity of Caine,r&b,Pusha T,214667
5k8qFBVUkSUKzWi4nEaqXV,Where U Been?,B.O.A.T.S. II #METIME (Deluxe),r&b,2 Chainz,230867
