5yY9lUy8nbvjM1Uyo1Uqoc,Life Is Good (feat. Drake),Life Is Good (feat. Drake),rap,Future,237735
0nbXyq5TXYPCO7pr3N8S4I,The Box,Please Excuse Me For Being Antisocial,rap,Roddy Ricch,196653
3R8CyhJfVjvgIROd5RSGhQ,I Can See,Circles,rap,Mac Miller,220853
2Ec33AVlkTTq8BHFgBTdQs,Futsal Shuffle 2020,Futsal Shuffle 2020,rap,Lil Uzi Vert,198913
7FIWs0pqAYbP91WWM0vlTQ,Godzilla (feat. Juice WRLD),Music To Be Murdered By,rap,Eminem,210800
2u3EyuCqqV31woqGvO9LBz,Sum 2 Prove,Sum 2 Prove,rap,Lil Baby,205760
2YwC2IM0ykBxtMBH9aMe5m,Money Talk,Money Talk,rap,Rich The Kid,174640
6Ozh9Ok6h4Oi1wUSLtBseN,BOP,KIRK,rap,DaBaby,159715
5rSVQzJQ5nMUcFJDkJMfzL,First Place,First Place,rap,Polo G,199992
1lO9CZo6eDrOy0S7khgryG,No Regrets (feat. Don Toliver),Music To Be Murdered By,rap,Eminem,200947
1iSqfoUFnQwV0QW1EfUit8,Suicidal,Melly vs. Melvin,rap,YNW Melly,222997
6gi6y1xwmVszDWkUqab1qw,OUT WEST (feat. Young Thug),JACKBOYS,rap,JACKBOYS,157712
2FvD20Z8aoWIePi7PoN8sG,TOES (feat. Lil Baby & Moneybagg Yo),KIRK,rap,DaBaby,136366
35Ycb1cMPK6tyNMsTepijg,Dead Man Walking (feat. Future),Dead Man Walking,rap,2 Chainz,135507
598yNsG1JFrGd4n2kMoz7F,Woah,Woah,rap,Lil Baby,183011
6Gg1gjgKi2AK4e0qzsR7sd,Bandit (with YoungBoy Never Broke Again),Bandit (with YoungBoy Never Broke Again),rap,Juice WRLD,189323
0jBJIQuToUUOEx7JJkiPzm,How I Move (feat. Lil Baby),How I Move (feat. Lil Baby),rap,Flipp Dinero,224916
4bl1HBZliBuYpFZjWgefE4,Peta (feat. Meek Mill),Please Excuse Me For Being Antisocial,rap,Roddy Ricch,198849
6YfTl5YupXOQBKiJJLrxcw,Death (feat. DaBaby),Death (feat. DaBaby),rap,Trippie Redd,172196
56AMYGJzxBO6p8v0wEe9de,Hot (Remix) [feat. Gunna and Travis Scott],Hot (Remix) [feat. Gunna and Travis Scott],rap,Young Thug,279907
5FkoSXiJPKTNyYgALRJFhD,ORANGE SODA,DIE FOR MY BITCH,rap,Baby Keem,129882
07KXEDMj78x68D884wgVEm,High Fashion (feat. Mustard),Please Excuse Me For Being Antisocial,rap,Roddy Ricch,220487
0fySG6A6qLE8IvDpayb5bM,VIBEZ,KIRK,rap,DaBaby,144935
3RZftiuTcLOqpsd8ZlwNhr,Hop Off A Jet (feat. Travis Scott),So Much Fun (Deluxe),rap,Young Thug,174067
09TZsMHXEtQkdmMJZPLKup,UP THE SMOKE (with Offset),UP THE SMOKE (with Offset),rap,Stunna 4 Vegas,188048
3Gzcb65waeZYidm0vSaelM,Red Light,Red Light,rap,Tee Grizzley,127347
3VyjsVV24RmBIbWJAeUJNu,No Idea,No Idea,rap,Don Toliver,153750
735RSTb2xbtWbDtKD9XDYi,Somebody,Somebody,rap,Internet Money,174333
35Xf2ABjPzUXKz19akd7Jj,Famous Hoes,Famous Hoes,rap,NLE Choppa,135460
0eHFPf7gom9ztF7Jc6FP6C,What I Please (feat. Denzel Curry),What I Please (feat. Denzel Curry),rap,Smokepurpp,140591
3yD2LWeCCFu7ybBO3lwbXM,U Played (feat. Lil Baby),U Played (feat. Lil Baby),rap,Moneybagg Yo,164754
6klLvorLoo1sxvZcjJIY8I,Make No Sense,AI YoungBoy 2,rap,YoungBoy Never Broke Again,148630
05JdgtCKkZ5CoOjM5KS4EG,"Camelot (feat. Yo Gotti BlocBoy JB & Moneybagg Yo) - Remix","Camelot (feat. Yo Gotti BlocBoy JB & Moneybagg Yo) [Remix]",rap,NLE Choppa,198694
7h0d2h0fUmzbs7zeFigJPn,HIGHEST IN THE ROOM (feat. ROSALÍA & Lil Baby) - REMIX,JACKBOYS,rap,Travis Scott,244874
7tgjDlQsMR8RvkdlNCJA58,6 Kiss,A Love Letter To You 4,rap,Trippie Redd,199437
4IO8X9W69dIQe0EC5ALXhq,Immortal,Immortal,rap,21 Savage,254723
66FltlEV09mPJYAyfYm8De,Bang Bang,Melly vs. Melvin,rap,YNW Melly,260333
1K2xWMZP8mgMXAR5SpcLQu,Heart On Ice - Remix,Ghetto Gospel,rap,Rod Wave,195190
364spZLB5bhNlnPrzvUB41,Reply (feat. Lil Uzi Vert),Reply (feat. Lil Uzi Vert),rap,A Boogie Wit da Hoodie,183589
3JERoo6pokCgQ81z79Jpmo,That's Tuff (feat. Quavo),That's Tuff,rap,Rich The Kid,154000
4E08gEca6avoGx5SS4MM6T,G Walk (with Chris Brown),G Walk (with Chris Brown),rap,Lil Mosey,141333
050ud0e5cmIYjmXplDugVQ,Ready Set (feat. Big Sean),Stacked,rap,Kash Doll,165375
4YrS33mjBWWchoLJTkAKwt,Go In,Go In,rap,Lil Tjay,254963
2Xo3rLHjXfdb4avN68aQyi,BEST ON EARTH (feat. BIA),BEST ON EARTH (feat. BIA),rap,Russ,160720
34e2WyzmjG2aDk7KykOOZZ,Take It Down (feat. Offset),UNDER8ED,rap,Pardison Fontaine,208976
4DkZDzcHicZBXCEdA19oWs,Big Drip,Pain and Love - EP,rap,Fivio Foreign,168307
79s5XnCN4TJKTVMSmOx8Ep,Dior,Meet The Woo,rap,Pop Smoke,216387
6VYXuUz1nYMap8gtqeIrQB,I Think I Luv Her,I Think I Luv Her,rap,Tyla Yaweh,160742
7LGWmZaoS7jZJ5tEi9EcDi,HAD ENOUGH (feat. Quavo & Offset),JACKBOYS,rap,Don Toliver,157133
2QpGZOhTCHHiKmpSO9FW4h,Follow God,JESUS IS KING,rap,Kanye West,104591
4Chy83oRs3pToekNNpvTU6,Her,Her,rap,DAO,123333
2VhbfT4qyB4KFhVEDplXxX,Sunset Blvd,Sunset Blvd,rap,7apes,196364
4aytB0kODhqRLnJwdJqUmW,Karru,Karru,rap,FloFilz,149016
7tzVMfgxbeMoxpBPz4EKoK,A Moment to Bill It - Beat Edit,A Moment to Bill It (Beat Edit),rap,Summers Sons,89933
5vCMqXWUY0gQffbbX1z2eK,Visit By Cap Kendricks,Second Home,rap,Funky Notes,195333
0eOOTL9t2P448umBMf8vcS,Wasabi Terraces,Wasabi Terraces,rap,Testiculo y Uno,188053
6vhSIjj1M9HU9OnOi8sdqX,Verbania,Verbania,rap,Wun Two,124932
0cZcOtDqLaavK7LowhTBsa,sunny,sunny,rap,j'san,139130
06s7XknCVIqABJY8cGMol5,Haven,"No Future Vol. 2",rap,Finesse,137180
63hM1i4OCu2axm2JwbQQXF,Triple Double,Triple Double,rap,LESKY,163963
1sL9EukureVOZOrx69SiWB,ballin,Sechs,rap,Knowsum,127229
7gcVX05HnwUIHev1pkh0ne,Quicky,Quicky,rap,Fractite,79121
3nuSxBQUTn7nidezkdcBf4,Sizedrum,Amnesie,rap,Leyze,176562
0RVzAEJdh4VsuRIkLqmo7t,Good Morning,Good Morning,rap,Green Assassin Dollar,65000
2APhx63Q8xpqlQ1lkomqTO,Earth,Earth,rap,Beaumont,99455
6BwCkzxd3h6eA5xqOUZzUY,Leaves covered by snow,Chillhop Essentials Winter 2019,rap,No Spirit,184000
0QiMXPWqr4HkJICdUxAwCw,Winter In Lofi Land,Winter In Lofi Land,rap,Katashi Kaitō,150362
2NEjPjHPuTjUqQ8MoIWi0Z,no stress,Summer Trip,rap,Oilix,229407
0vTJP35J4M1PY9iAA8UmbV,Sao Paulo Sunset,Summer Days,rap,Saib,207401
5VmL8CrjM82tIGWwum8Cbo,Venice,Venice,rap,Gyvus,156632
76RXCXdZaVZ9LHbmBypZnM,Rio Roadtrippin',Rio Roadtrippin',rap,Ozoyo,153418
0FouIjnjH3ygThiuPuBatM,Nacada Drive,Nacada Drive,rap,Testiculo y Uno,159419
6VCeEqyExn5hfV1dBsGDIm,Fave Thing,Fave Thing,rap,Funky Notes,184000
1xHXZxN2boq8o6ohlAlB1O,Raw Quartet,Raw Quartet,rap,Cookin Soul,182857
6B6QA7QrMPio472SsQjQnh,Vaca,Vaca,rap,Wun Two,128451
1pqkpQx65J0uwl5PbnUDuJ,Fantasia,Fantasia,rap,El Jazzy Chavo,153000
0J9C432nUkMtgKiHQrVF1L,Think for Yourself,Think for Yourself,rap,Moonspatz,150430
6ekeactpFOI9b9NzwWDDb9,Forward Backward,Titled Gully,rap,Max Keeble,156000
6cx8ChG8jGa5Qc91PIO2yF,rhythmuss sein,Dreamsville & Rhythmuss Sein,rap,Knowsum,102942
7sTVsEhtLy217gr6739xF4,Ready to Diet,Ready to Diet,rap,Kevoe West,144250
6sCNSFRrvhVlLGWJTvTvbm,Whales,Keep Swimming,rap,Cap Kendricks,127229
74D5pms3OKB8xEem6KwLdY,Belém,Belém,rap,DAO,125400
4fypvLcaDU7pdHJ5xlRFPV,grass,grass,rap,MF Eistee,161928
7ALj2jRLBUaWXnW89GlAbz,December - Chillaxed,The Art of Chilling,rap,The Breed,120918
5whd3bsCbU8yuQGfFY3w7U,Friendly Candy,Honey Drop & Friendly Candy,rap,Burrito Brown,148000
07PnRpdo0I4sEKahf0Os8l,Homesick,Homesick,rap,Kazam,141509
6LoeOsb4PfpP0ph9iMsvUf,Atrebor,Atrebor,rap,Flughand,136680
5Use6EepmS9Z7wAUPy3Kp4,On My Mind,On My Mind,rap,Juan Rios,153557
5Y4nAJYenoA15vWtRJllMP,meditate minds,Meditate minds,rap,digitalluc,137143
1p5jbuZMzTZUXOlmI8VRIl,Ensnared,Ensnared,rap,Melodiesinfonie,211150
6oW0uYJZAR5RjOWBr9onVj,Devoted Passion,Devoted Passion / Moonlight in Marrakech,rap,Figub Brazlevic,143133
4qv0hnIWqV1k1AksEY52RP,Sofa Stories,Sofa Stories,rap,Moods,189250
24LlCzV5XHVGSvIUa9Ke2G,What Might Have Been,What Might Have Been,rap,Robot Orchestra,186284
5g3lpA0rVxdt4EtNwJQBQw,Focus,Focus,rap,Phlocalyst,132000
4d4IrFVJFASjI1QC0zDKuv,Verdi,Verdi,rap,Wun Two,68644
0o7YSyPeTwuZXi4rn7NDlB,Ballads for Backgrounds,Ballads for Backgrounds,rap,Konteks,122791
0w7HY9VhJF5KHPqhOyY6Sg,Aspen,Aspen,rap,Nokiaa,114545
1MmD2ICUPPyGxGDVypctcF,Leaving,Leaving,rap,High John,106216
2jT4R7AMB7SrA4hXOkylYo,Flashlight,Flashlight,rap,Made in M,102162
6crAYI7gZzmGHtKINtuUn7,For Sale,Layers,rap,Mr. Collage,198261
1nNSbg1oXFH5AxyI1WRxkF,The Jam,EXPEDITion Vol. 25: Heartbreakahz,rap,Tru Comers,217625
14gE9N9Hx3WyLL1U3CnizM,Waking Dreams,Waking Dreams,rap,damaa.beats,132000
51mcuqQpPcsMRZ5KW0A0In,cherry,cherry,rap,Tom Doolie,126055
5qCr1Rq9otIdSC2WyAJ1fH,taiyō,taiyō | el nido,rap,lōland,182770
4KIhtAJo1zQmT7CiztTsKI,Méditerranée,Treflip FS Blunt / Méditerranée,rap,Figub Brazlevic,136744
708BmbNyEFsWl0PQXWHknO,cielo,cielo,rap,n o r m a l,150094
1Mlr2Los4l7nUxu6gSZMLN,Nobodys Daddy Part 2,Beats Beim Drehen,rap,Nobodys Face,132213
1YG7HsQ6msnV0z2FDTptnf,City Stroll,City Stroll,rap,Otis Ubaka,158372
2DHHKsZ1ejniF4qGlGNz3z,Motel Hours,Motel Hours,rap,Kid Tarô,119422
5CFUgwifmVBL4lrIVP2rp7,Perspective,Listening to the Leaves Fall,rap,Oatmello,113684
52IWmLOUfIW2a8dHnMW0Gt,Quiet Mornings,On The Rhodes,rap,Mr. Käfer,139417
34SsCsOInrOqdkbjaoJWzn,linus,linus | aire,rap,lōland,165790
2sLO22lacNt7fQguWaBKRo,Swordfighter,Six Chill Beats,rap,Andrew Applepie,166587
14kpqRxMt2iAvNvMEoGJws,City Samba,Faces & Spaces,rap,Konteks,180000
2FygRDP2PuxcvWGGyf3nao,In My Head,The View / In My Head,rap,DAO,130588
7mpdWGRFeoww1AR1qz0T5v,Japanese Garden,Japanese Garden,rap,Katashi Kaitō,127286
6xZWNYuoNPDOJnH8ez4Ydc,Vibin' Out,Vibin' Out,rap,Ruck P,227500
4G2WtXPgkDl0dnwzoBbBSj,4:20 PM,4:20 PM,rap,Bluedoom,99000
7gPjBaQ0ezSHIAVlYTk9ad,sunset cruise,sunset cruise,rap,Slowheal,160674
20k7dNVQhMqPEYlOwFrmC6,Moonlight Bossa,Lapis Lazuli,rap,Jazzinuf,141333
37WThuwPuTsonUbRbeGZXz,Night Train,Night Train,rap,Koralle,153373
2lN0R35eOsdqBnFaQ5k0rM,take me there,just friends,rap,potsu,190112
3xhbFPgrYiWY7Oz3qovZuj,autumn daze,Ruins & Heart Blossoms - Disc 1,rap,charlie toØ human,157279
4q9OiG2pXGdP7xmcRRNFMt,High as Fuck,High as Fuck,rap,Thelonious Coltrane,189661
4ZngBJlBDwEwl3Fv2Hy6QQ,tilda,tilda,rap,keko.the.dog,130059
2Fs5uaRcKRwmAth4u5LzaZ,Hokusai,Hokusai,rap,Cap Kendricks,153571
2lR4W7VFKuLeeFwhIqzDk7,Smoke One,Smoke One,rap,Marcos Caixa,139535
2cuKRkBOFSeM7ZLCPC3gFt,Waterfloat,Smile Again,rap,Green Assassin Dollar,173023
4mEyUJn4hgJCz75UWv3YTz,Cordite In The Air,Cordite In The Air,rap,mädmäx,130765
5xYK03nHMZgAfYZnA9NJRH,Fire to Hire,Fire to Hire,rap,Mr Mantega,113444
4rFCytpPDYKLzDJ5f5hFsJ,reconsider,vanish,rap,Jost Esser,99693
0DvqAXyoA7zRB8wgH0DjRO,Ji-Eun's Sunset,Neon Impasse,rap,City Girl,168814
3q2zODlw1n3be81eW3SHcv,Grounds,Grounds,rap,DLJ,114483
0T3MQGkFdP9FxUJ4bRO3VH,Stranger,Stranger,rap,Phlocalyst,151688
7ueIVxEgrDYvlt0slBFchE,Sunflower,A Taste Of Honey,rap,Edward Sizzerhand,141720
3aNsRsxKJWI7QdKEbav4e4,Clouds,Clouds,rap,SamuW,135026
4T2mW6Ie4bg7KD1yV6aMdb,vybes,vybes,rap,Loop Schrauber,107865
19K24V0kGvNLFYCR8jMs88,It's Ok,It's Ok,rap,Pandrezz,168297
4JZIQzEuPvnGj68SHC9PSe,Kopi Luwak,Kopi Luwak,rap,Shuko,133013
0nBaWCfOOitktygBKunrEi,repeat,Repeat,rap,Loop Schrauber,115862
0QtbbFtPyH8VNE5fxQ8yBn,Treflip FS Blunt,Treflip FS Blunt / Méditerranée,rap,Figub Brazlevic,151011
4QwB3OnOhUGuS8kDBEcYb5,Chrome,Chrome,rap,7apes,103240
1tzHOvF8X9Hw9p1xRM6xCt,Hydro,Hydro,rap,Cap Kendricks,117143
0yNzLGveSqD6jdj0sVVkrb,It Felt Wrong,It Felt Wrong,rap,Jr. Wellness,91915
3QEWSE2yXJN85Q66gxY64O,Takeoff,Takeoff,rap,High John,160000
5fwLp5qIOxEtM7BzP5Mj12,Neighbors,Neighbors,rap,Don Philippe,126778
2VZ2N0hfF1XQIPEhot4BXq,Smile Again,Smile Again,rap,Green Assassin Dollar,57831
4ZTVECvBdO9XU4tNhQcgQ0,Cheeky Steve,Cheeky Steve,rap,Mr Mantega,147164
5C4sp6JprCFTO9ZQcg4qXs,By,Hosoi,rap,HNNY,166345
3o9rQJLHEq9mNQIOD4VF3C,Soulstice,Soulstice,rap,Freddie Joachim,192375
7EnhGSOY5RbeIkFaoxiHZ2,I need to paint my walls,Chillhop Essentials Winter 2018,rap,A L E X,163500
2riiA8hqsPHzi2OYZLRDLC,Air Conditioning,Resan,rap,Guustavv,150000
1mZxvQwXxNivipBi5IQqGM,Desolate Blur,Berk Jam,rap,Jobii,183146
3m3IcXx0tjp9tgkisn60YE,bouquet of balloons,Rekindle the Past,rap,biosphere,183704
289bzvdfHv0bAMNSaxr3sK,Surf,Tape A,rap,Osoku,147833
0GDlfD2tm6pejevucQT8IN,Nothing changes: everything is different,Nothing changes: everything is different,rap,H.1,169796
1WghIFKtGge4jNYtDDI4AO,faceless woman,respect.her,rap,less.people,196098
3urdAMyf3Q5Dq373k8clrZ,Fresh Air,Memory Bloom,rap,goosetaf,147000
4ZEN3u4mTt8gxIEPAH9bXG,Last Light in August,Nothing Is Left Behind,rap,Chaxti,208525
7LKRv9zrKDrLOO8jcFPQxA,chilling by your bedside.,decades.,rap,beeno,166957
7JFI3PMMPDpoHt5mPLh8wK,Laze,Chillhop Essentials Spring 2019,rap,Flovry,98000
5RqkiY002Ja8ETYZrVmGUJ,colors,circles,rap,mr_slace,78565
2YK5YJzVXMrVjt5dJWbNCY,spaced out,"Cozy Friends Vol. 2",rap,Cozy Collective,83513
3pVQUCv6aWJ4Gc29qkakhZ,OPalite,Pocket Full of Crystals: Vol 1,rap,"Sarah, the Illstrumentalist",148000
0vQo3zrpW3Ib8yumDhX3Lk,free (at ease),free (at ease),rap,fantompower,145402
3PXFeaY00P1xAFCTnxZwiD,Peninsula,peaceful weibs,rap,Flughand,140140
2V8SJbDW6sK8FrHlvCdG8Y,Horologist,Tinkering,rap,Osoku,160568
3lz8akHskRyiSkvfwK0gqk,Sleep Deep,Wingsuit,rap,Omaure,98888
0Ulpm8SoYA6e7ZDdFqzc97,Depiction,Depiction,rap,Wenzel,118154
459tqykAvuDfgPrWT1XsLn,Alignment,Sova,rap,Guustavv,149500
2BaWEDerOWY1ShD3rpqgWv,Pero Asi,Chillhop Raw Cuts 2,rap,Made in M,114458
1DbNAHDcdkRVwtMJz2lttg,warm,Wish You Were Here,rap,Ameba,74893
3fimYwkWOq8YoXnpRrmyU6,Spanish Galleon,Spanish Galleon / Jolie Rouge,rap,Wun Two,54656
2QAnWA18XUiajq1NxoTJuF,Waking Up to Sleep,Heaven's Gate,rap,Zeus the Elevated,66390
7CTya4OETWwc00AeknaWBF,Opium,Idolz,rap,Syndrome,91429
1pqiUytktkkaA7bV7ym2vt,Princess,Dreams of Dawn,rap,soder.,118556
6LldfZLHQMlNYLG19mDR6x,Morning Dew,Chillhop Essentials Spring 2019,rap,fantompower,151500
72nU2PZrtf8glvjOiSPjYS,Morio,Irratio,rap,Smoke Trees,117868
7BEA0aIXF1nTvOK9zVcVkm,Interstellar,Interstellar,rap,Arbour,164800
24Ls3YpU0IjeWUM6ws2yaJ,Flunked This Semester,Waterbed,rap,HM Surf,99310
5DyLzEMSAwWWuAVfKhHGLh,Fragile Stevie,Runoff,rap,Jobii,166500
6Ditgndq8NnRVJf8K3hs7W,NGC 6236,Adomania,rap,Toonorth,115200
66WKuB96Mwmxy9EBiECNp8,Caffè,"Chilled Beats Vol. 02",rap,Tears,103784
6F1tpMt4vwHFx5A8aWq5Q2,Evenings,Evenings,rap,Idealism,121482
7m0cogTTBLtx7nlvR4aCLi,Reach,Stray,rap,chief.,129000
7s3YrwYiXjOFH4O5OE6l2W,smize,Parallel Universe,rap,Meiji,128957
1eN0D2pAR1hou4iEuXQkYQ,Waiting for You,Mellow Dramatic,rap,mell-ø,94865
4cRtsgJHnz4UaUnHGfDrxB,savacu,bird of paradise,rap,Wun Two,94815
6eP7ORSpvpgbbUt5aUUMIX,Mosaic - Skit,Psalm Trees,rap,Psalm Trees,64719
6j7fobMzagIA3dIr8bzY0J,Echoes,Echoes,rap,Dontcry,72000
1dCJprCdXOvLmK8RQ5jpRL,Bak Pak,Bak Pak,rap,Lunchmoney,85063
37gNKK87AHQpmDmQWWII3Z,Cocktails,Idolz,rap,Syndrome,101956
5MzdRLptsrihyrpxtI2hNH,Beginnings,Strays,rap,Knowmadic,73777
7wSkoXvluRMn8IOpvS60eN,Lavender,Lavender,rap,Casiio,69397
0swyX713ErpFQT68b9Krqg,Summertime,Summertime,rap,Musqitone,113250
0UZIq5MBtALBLrYZhD2vyN,Not the Same,Days Come N Go,rap,twuan,131681
5BEX5jMEkOB8Zr1dUft3Mg,bedroom,Bedroom Skits,rap,Smeyeul.,153600
5kJAk6KD2SH3Dz8K3EfIhc,Blue and Green,Colors,rap,Harris Cole,174000
50w42bgL9DTDMV0oV1FicG,With Tim,With Tim,rap,Guustavv,150500
2fmcciVsc7IEKTFGWZcyB1,Circles,Lazy.Files,rap,Snaer.,97266
0z7QCHOnnIPiilUkEQ0Y1s,Analog,Arrival,rap,leaf beach,97433
3izuaLqYKLPLargJXoErNk,Lakshmana,Nest,rap,Made in M,114500
3Wc9aWJgP6ST2gKqaPUzq9,97,97,rap,Bertholet,121891
62qhlMjSdV2xzmYrzlBgSe,balcony view,essence,rap,Leavv,80000
6EzuZuIO6lR0XvFkBVcvpW,Red Tide,Red Tide,rap,xJK.,148365
3BjXk1moo8smcdRE3tvtcO,Show and Prove,Trust The Process,rap,Es-K,146070
6GpnpvtCFQ21HRk0mqVRw0,Faintly,11:11(am),rap,Shrimpnose,126875
69gdXYtXQEX9xNeEto8K0q,Cause,Some Year,rap,Vhsceral,110071
5l40B5n4x1U6B7qTaJXPtN,Flava,Flava,rap,Manny,111381
4OfB6dy0mjs56CYTlLI7Oe,Syrup,[Untitled] VI,rap,Dweeb,66207
3julkyNbFWkLu9geA2CB8K,Panacea.,Panacea.,rap,Misc.Inc,85714
2VnKo1kUEFkM5CwzsreulS,RideOut,EnjoyLife,rap,enjo,79024
5DaL1ihlNVFZ7qdiNds13f,Recollections,Reflections,rap,jrd.,147716
4pv80UbBmpaIj178oGuhYs,Wasted Years,Self Confidence,rap,Arvo to me,171451
5JZcqp91d9ZfvkGmgb9jjT,viaduct creek,blue moon,rap,Delayde,84000
2J8XWGtQb2PFtuHjyaNow3,Silence,Waking Dreams,rap,Philanthrope,105101
2yvQ3Dz7nXZLXxhQhDvhog,Snitchfoot,Vacations,rap,Karavelo,167687
6IQZ4aWSnWZm8Cohq1kF0M,Floating,Days / Winterwarm,rap,wuf,88522
1AQX0rO6nMJnC2u6ORjlOw,Aqua skies,Aqua skies,rap,leaf beach,102078
28Wu2IcHEIED0PvaDurkr2,blxt,different.EP,rap,asbeluxt,56042
0YGgEbmzrt7SNOJ5nnHjTQ,Winter Walks,Lunula,rap,Lungfulls,95600
3TlFxsF7d3hNGgRMUEWxSB,Fuse,Winter Flakes,rap,Brenky,84371
6wkTnl4q7qznX2JG0ZDlkg,Bridges,Bridges,rap,.Sinh,112786
27Zp4clfhVk3Qx9TwCwZ97,Out West,Suns,rap,Sumwun,86334
4eoIIRUjD5p7V5X5RCpIna,Merci,Guidance EP,rap,jrd.,100242
3O8wVPwskB1ZdoSRiwaAak,Green Tea,Summer Rain,rap,chief.,129000
4tukb1DUFeq8YjydJE8UVA,whereucomefrom.,double oo tape,rap,oofoe,76301
03eTzlfvTDaVEJqyL9CCLf,Noairleft,It'll Be Fine,rap,Lostiu.,110769
3EosD4gp9RdgkemwbuQdaO,Loss,Detour,rap,Chris Keys,118933
7oK04GdOZr7uU3ccbZCOr6,Rest Easy,"Cozy Waves Vol. 2",rap,Cozy Collective,137195
5QzUEV4NtpM1HNabxklAOl,Crises,BLESS Vol. 2,rap,organic_kid,163500
0FuBfmT5QuCZFBjGVpAyek,night time,bob le head,rap,Chill Children,59600
52DECUk6ubfu1IWnhaiKC6,sunday,warm nights,rap,Smeyeul.,96000
2V9u4CoNKwP7WV7gJme2LC,4 [bump],BLESS Vol. 2,rap,[bsd.u],64719
1igeI0Dv9OWFjshEH05A1R,Village,Village,rap,Wun Two,75789
6A30LeQiZ781ATWscFIJo3,The Road,Cycles,rap,Flynn,108000
63zCFKF73wPvX7x4c6s3ko,aural sex,respect.her,rap,less.people,194360
5Im6v7WQdNsp7KNWeKSHTy,Cereal Keef,Marbles,rap,7apes,77333
7EWx4sRu7PQJHAFD1Re9RD,1412,ELASTIC CONSTANT.,rap,Afluen,109091
05Li9s63oMwigFbQJDr2cz,Reminisce,Escape,rap,Howiewonder,126340
4x7B5sK4tnb9IYCkKGNhWF,lay up,low light,rap,Bonnaz,93000
7n0AKzZvxlKyv6cvmQi8S9,our little pond,hometown,rap,mommy,115909
1DW4KWZRIwrMEPcfEdCmCn,Morning Mist Resort,Glidin' Along,rap,Saito,120076
7trxuSkxmsRKOyJcejNkij,Leavin',Previsão,rap,Brenky,108492
2z8V0NF7biKE3oazgX02J9,Cmnd,Seasonal Sounds / Summer,rap,Dust Collectors,158118
5wJmmRVkx1dfghYHOFjT8n,sorry,late nights,rap,chief.,77922
79JRTaZyyrmTK31SuEkgWh,Hands Free,Hands Free,rap,Saiko,156222
5Jm9dU50Rpzz5Yao9ynzQs,yellow chords,handwarmers,rap,jhfly,76835
5Hq1CQHBuaxjHSCgj6DoUu,Pillars of Creation,Space Is the Place,rap,BluntOne,96592
4WMhD2aaKegdm7qjyo4mxw,Revell,KO-OP 1,rap,Smoke Trees,89330
1InzTnM9CRkVlrRzVqbo2P,Mohabbat,Mohabbat,rap,Kaam Bhaari,194000
6AooRgSRDzbCYL4NZ4RCjU,Chal Bombay,Kohinoor,rap,DIVINE,174000
1rav6gpyMEfZQrMdaVs1sx,Dooriyan,Dooriyan,rap,Dino James,215217
61eDLrQvquaTtZRnGFz9Kh,Lean On (with Emiway Bantai),Lean On (with Emiway Bantai),rap,Celina Sharma,169693
5eR1O5GNIN7kTtfxgg2NFh,Maya,Maya,rap,Prabh Deep,274424
0A7qoxWF15a6oNSWKIwhZ7,Lit Lit,Lit Lit,rap,Rahul Dit-O,227963
6SNFuJXjkgauo3Kg9XJcj6,Kohinoor,Kohinoor,rap,DIVINE,198857
0d4PvVcC2GxJoVm76a5GQH,Wallah,Kohinoor,rap,DIVINE,210000
0nfccjfE32KUJzLShSFAK0,UP-14,UP-14,rap,Raga,155520
7B1Dla8uais9Ahg4VEeekq,Nas Interlude (Skit),Kohinoor,rap,DIVINE,88000
6S9tXDdMzrT8LEk1A8enKF,Naachne Ka Shaunq,Naachne Ka Shaunq,rap,Raftaar,217846
2flJr7pqmFiR3JibFM9YGX,Chhote Sunn,Chhote Sunn,rap,Loka,178000
3DXP7pJNl1AmAUl90CAGe0,Gandhi Money,Kohinoor,rap,DIVINE,175500
1jCKAMsvvLowhwmrI1aNsz,"Tamizhi - From ""Tamizhi""","Tamizhi (From ""Tamizhi"")",rap,Hiphop Tamizha,294961
5oHT5zCrthfT8kFB5dIC6n,Khat,Khat,rap,Prabh Deep,246011
46gjSGy1qoGyK7sjv1wbkZ,Rap Ka Mausam,Rap Ka Mausam,rap,Raga,150857
01Oetb3comqkdTqBNr7uFz,Safar,Safar,rap,Sikander Kahlon,162647
7q85sngNN23APYpE03lFHu,Haan Bhai,Haan Bhai,rap,Fotty Seven,209507
5kgDPgxzetfTBXtDYTb1Tx,K.O.,K.O.,rap,Prabh Deep,90703
0T0AY7kzqXBiMuHvI7I3j4,Karmasutra,Karmasutra,rap,Karma,168000
57onkj1hvlwkekdwo6LlCf,Amar,Amar,rap,Prabh Deep,272747
0pM7PCxuclmb1qsjTqt6WX,Nenjinile Rebirth,Nenjinile Rebirth,rap,Chris G.,215800
3K1SpGtUIeHz23PpwJRrY5,Zeher,Zeher,rap,Kaam Bhaari,196000
4ZIvqmpihn94QyFfGcQtdZ,Asli Hip Hop,Gully Boy,rap,Ranveer Singh,108827
4xZ84q0XpGZTfNYkA8uean,Wargi Na,Wargi Na,rap,Sikander Kahlon,182562
5BqvGsg4foTngD67rNlay1,"Class-Sikh Maut Vol. II","Class-Sikh Maut Vol. II",rap,Prabh Deep,142163
2aH8bZkSxnK1NIFQLEpDiJ,Vengamavan,Natpe Thunai (Original Motion Picture Soundtrack),rap,Hiphop Tamizha,217715
4NEdR5Yo8D2KwL7Y9KW7EH,Mere Gully Mein (feat. Naezy),Mere Gully Mein (feat. Naezy),rap,DIVINE,182934
7n8xH63Whw5spavIWScPIh,Emiway-Samajh Mein Aaya Kya?,Emiway-Samajh Mein Aaya Kya?,rap,Emiway Bantai,274892
1mEFsctBXKX6nmashVJ8Gu,Sauce,Sauce,rap,Sez on the Beat,189804
5uaIbU3oHHcSOK6WFNK5nj,Apna Time Aayega,Gully Boy,rap,Ranveer Singh,140463
4DTPvhTmF3oVTLjAfHujVK,Semma Weightu,Kaala (Tamil) (Original Motion Picture Soundtrack),rap,Harihara Sudhan,298387
6xzQ1uSk2Rzz6Xdf8xBnWn,City Slums,City Slums,rap,Raja Kumari,227990
5IJM4mXrz77UItcvVfq7CM,Aise Na Dekh Mujhe,ONE (Original Never Ends),rap,Badshah,176808
02U1wo5IoGEPAkYidjUAv8,Pakki Gal,Pakki Gal,rap,Pam Sengh,178782
6Kynli1iHBqJRWUCohcV9h,Kaam 25 - Sacred Games,Kaam 25 (Sacred Games),rap,DIVINE,149525
4yvrKVY7V0a3pLbNUFbaN4,Shaktimaan,Bayaan,rap,Seedhe Maut,185778
2Yy1oOzy0RQuXB0cQcFsys,My City,Most Wanted,rap,M.C. Azad,209189
5QokJpDZQvBhg18NbQNjNj,Kitn King in the North (feat. Byg Byrd),Mohali Messiah,rap,Sikander Kahlon,209981
5oUg1GpldQiHaMlfAV05tL,Kadak Ban,Kadak Ban,rap,Emiway Bantai,134500
1yZfyNarqiwD8eJBswXplK,Sach Too Much hai,Sach Too Much Hai,rap,Muhfaad,224679
4P0DhXz4UIGH4YIH0xDUNx,My Whole Life,Reloaded,rap,Rob C,208696
12M2FNbOi1FOIe5KBGEwU3,Rabb Rakha,Rabb Rakha,rap,BIR,167547
0jvNc73pMCkyHTchaQu6NV,Surviva (feat. Yogi B & Mali),Vivegam (Original Motion Picture Soundtrack),rap,Anirudh Ravichander,222027
0nWWDo8j81mFJCzCLSkTBA,Azaad Hu Mai,Azaad Hu Mai - Single,rap,Naezy,172327
0wcvsHMMrwA1Ah47RDJpdj,Farak,Farak,rap,DIVINE,188348
3O02na9eg60QnVMTvBLml5,Rockin' with the Best,Rockin' with the Best - Single,rap,KRU172,146526
2ajFeth82zNY7n070Zem4G,Sherni,Manmarziyaan (Original Motion Picture Soundtrack),rap,Prabh Deep,89973
09WgwgVEQa7X76FG7VapUE,Veera Thurandhara,Kabali (Original Motion Picture Soundtrack),rap,Gana Bala,197210
7uB5dndNMzsKTibmNBBfDO,Asal Hustle,Asal Hustle,rap,Naezy,178018
5YLb4u68e67Alc1SBC4nGQ,Swag on 100 (feat. Sady Immortal),Swag on 100 (feat. Sady Immortal),rap,Sikander Kahlon,185497
3exvq9aZlgLzlpeCpzxXNz,Out of Control,Out of Control - Single,rap,Haji Springer,220288
3XEUVgaBwMQx5zMwS4cDO0,Mili Raahat,Mili Raahat,rap,Raga,155402
7KHz9ozYcZfGMn5IQxsy33,Roots (feat. Raja Kumari),Roots (feat. Raja Kumari),rap,DIVINE,161021
3Fvw8hX5uajqFqZJB1KhGi,Squad Mera,U R,rap,Splash,156644
0Zk0jUiOIn6hcViDB3aMKx,Fake Yeezys,Fake Yeezys,rap,KKG,259801
4Tm9tGPiqfK1ETotj6gwfP,Aane De,Aane De - Single,rap,Naezy,165328
4I9KMyos5GGAuop5XTXLIj,Suede Gully,Suede Gully,rap,Puma,193071
1Oyoegq8YSlnhuDdNvgy7Z,Shut Up,Shut Up,rap,KKG,294843
04i2uLdBAfCSYjQzZqspDa,Jungli Sher,Jungli Sher,rap,DIVINE,186943
4Wk3CYokLbIkIo1CjBJ4gc,Anthem for the North East - Extended Version,Hip Hop Homeland North East,rap,Feyago,240080
4i7jxre9SlNDPyrB6gOxAX,Aji Mera Ghanta,Aji Mera Ghanta,rap,Muhfaad,172000
2uKKRxkxSWSxtwQIEmyIBM,Vekhi Ja,The Indian Hip-Hop Compilation Volume 1,rap,Prabh Deep,205340
2fCB9ONCcLPVBlsr3v39eJ,Denzel (feat. Andy Grewal),Mohali Messiah,rap,Sikander Kahlon,220707
0rNpm25xLsckCS9JPAgpwP,With U,With U,rap,SwuM,218667
4c2TiYoJHIjEPZ5syRZhsY,sekao,running around dreaming,rap,Delayde,132000
2tVHXIMmky5mOeQrolyOUV,Aconcagua,Aconcagua,rap,Slumberville,119077
2pZi2b9U8r20AF0Cf3hi2D,thinking of you,Inaudible,rap,mommy,131000
66z8EZXSd2VKGHlHX9DZSx,Crossroads,Chillhop Essentials Winter 2018,rap,Hanz,154000
74t6wFVz6sU52IzAQcC1kQ,"memories of her last winter","memories of her last winter",rap,Rook1e,115135
2L0jEuPJXfrdrImUUKdtGt,_away,_away,rap,MARTIN $KY,168589
4SPUVPV2Db8B5xDaFWg9rD,Now That You're Gone,Now That You're Gone,rap,Kavv,120004
4pI7VTiN59CZnGJUgVZPoy,Murmuration,Chillhop Essentials Spring 2019,rap,Blue Wednesday,156000
4l9S9NFztZ0nrMZyakENh2,Unfaithful,Break,rap,H E R B,82207
6bE9Ud8C8stzPwu7xJRx9u,Tokyo,Tokyo,rap,Drevm,101295
6Yp6bCLd4IWur1yL2Xirrk,Away with the Fairies,Away with the Fairies,rap,Philanthrope,166154
3v1O6lndJhBf7BXgnNs42x,Careless,Careless,rap,Coastal,160000
4dd9GGN2kHb1d28yGL578m,distance,distance,rap,Nohidea,103291
7oqBNzWOeZj6fS357VaF9l,Unthinkable,Unthinkable,rap,Idealism,157406
0GKi4sPErVwTzruhuqoDvb,The Finish Line,The Finish Line,rap,Middle School,195097
2qyJG4XyYLCMl3qIWL30ET,Lost in Flight,Lost in Flight,rap,SwuM,170769
6TPyiwzayKHCRJP2JL53oS,Light Beams,Vin,rap,Guustavv,152606
0FM0FUcs3KpF4BIEv5jYNg,Sometimes,Sometimes,rap,MARTIN $KY,160580
4KKWslFZE9wrJKlOSnvREW,Espoir,Espoir,rap,Philanthrope,96779
0z7GuzX6SvdWx7KDW5Zxg6,Testing Tubes,Testing Tubes,rap,Praizee,148073
13SKaktrtIUyqwWcHvwnIO,Float,Float,rap,SPEECHLESS,138678
7LIF6JiBEIOgQ0gFywXbbn,Flor Passionis,Flor Passionis,rap,Styn,78211
6n9A3tuLQqYWrQyR4dGLry,"selfish Pt. 1",selfish,rap,frumhere,146000
3bPsHHJ6EL2xZSflLsIve3,Tiny Sailboat,Coniferous,rap,Kupla,150882
1GPRmRcadnmINbJlutkseu,Fireworks,Hometown,rap,Nymano,138000
7j1Y0cl0RqV74Gl0eSvDgS,Pizza,Pizza,rap,Statistix,212079
74PHS8w06Hu5pwa7rB2mF9,Multidimensional,All The Feels,rap,"Sarah, the Illstrumentalist",150500
0VhE5PCtSiJzk7v4a8qZj8,we'll stay inside when it rains,we'll stay inside when it rains,rap,Rook1e,130586
3K5Gqh7UtYJp8MYaAIMWqd,Céleste,Céleste,rap,Psalm Trees,144906
1s3YrMvvEo4BADEelWfugR,Back to Life,Back to Life,rap,Sofasound,135319
15LqhqSSDfZmIylBdlxxVK,sundown,sundown / whisper,rap,mt. fujitive,106899
1vpMsMmJbGdfKjNgZY0IPq,orange crunch,tv-guides . (mini-tape),rap,mommy,67798
03uSlN1JqW0MI6OCl7UQEa,You Don't Know,You Don't Know What Love Is,rap,Psalm Trees,166364
4XDlW5QgLKZupaJ5VvacsP,Afloat,Imaginary,rap,Kupla,148605
05SUJyDZaEJaqwBr6UsKRH,Rxbury 02119,Dosages,rap,Jorge Milliano,184741
0Zo84WVAetJjKHFNS0dkcf,Moodswing,Moodswing,rap,Deauxnuts,80284
2JWTVS3ndZcwJrabnCAWvD,Hotel,Glazed,rap,Dylan Sitts,159560
0xRlXVs5zs2ovMnbH8zIvH,Kyona,Kyona,rap,Two Sleepy,187573
4zROIOjt5mP9vSk6pCu9TG,Sunflower Serenade,Sunflower Serenade,rap,Minthaze,132294
7bJ4RdquDO1A29rJ34tiMz,SaDa,SaDa,rap,furino,124184
5jSHEphh8r7VnQYwavSFPf,Sunset,Untitled Beat Tape,rap,Hyperparadise,177854
6NyUKv40Lorxjlet7IltHJ,Quiet Nights,Quiet Nights,rap,Epektase,128000
1EsXJnF4BXO4XRYFl1Q9Xv,infinity,infinity,rap,Oatmello,93333
3mZUDIEuYz8BhUKRIkoo0l,Law,Isla,rap,Sleepdealer,144000
76fY0vhiDWoyZZ48JH3ulF,Lesson on Counting,Lesson on Counting,rap,"quickly, quickly",137143
5I9cUsP08mVoll09AgkenG,Coastal Walks,Coastal Walks,rap,.Sinh,82895
2Gurqr6KIekGwLiCt0gGKX,pheuratix,pheuratix,rap,mr_slace,134897
5k0MvADsuxZCmFXnN3BSto,Endless Ether,infinite (i),rap,fantompower,201875
7pFRhCj70NUNZG4xMDEQj8,Soul Mates,Soul Mates,rap,Jazzinuf,96343
37I8L2Cx6PScWXn0tkN4wV,Rose Garden,Imaginary,rap,Kupla,126280
035SD8i1kub2mdW5ljFhjS,Lvndr,Vrbna // lvndr,rap,Lilac,140500
2HmL7Hp6cEfJq2cqGGkBXh,Cloudy,Mujura,rap,HM Surf,137727
6hBofveV7cUFOSuUB9RQjk,busking,busking,rap,_tag,140714
3MYLwBjjdVbcj0M7kUGodd,us,us,rap,Miscél,147366
3T1XiXsh1d6ZK7nJTxf50s,Nova,Locales,rap,[ocean jams],139032
1lwCqBqzMEyYxWew1PDktS,Lullabyes,Aviscerall,rap,Aviscerall,163814
1BK5u5dCqEateAptzwHaYa,Sex for Breakfast II,Sex for Breakfast II,rap,Lo'fi Boy,148454
0cC1pTC0ySMeouWJG9Arly,Click,Stray,rap,Dontcry,151673
5kJjcGRw4cyeNuwfJVgQRf,Don't Mind Me,Don't Mind Me,rap,Fallen Roses,102048
693x7mqPNtiFzJSkFZcB1N,Decisions,Decisions,rap,NAGASHI,89031
5nKSxq2yNgQLtgzqJxPn41,i wish it would never stop snowing,Chillhop Essentials Spring 2019,rap,Sleepy Fish,196500
3YNUXos2DxxfC4ZwNAfjwi,better things,Better Things,rap,Ymori,126981
69ScUfmrwMZgyqb0XRGw12,Take Me Back,North Pole,rap,WYS,176000
6P2nWQi3aQX3YOHy0EF26A,Yokohama,Yokohama,rap,Nathan Kawanishi,111778
1bW8IKNqSmC4RHihpGaYoc,Far Away,Far Away,rap,Leavv,208193
4PJePX91Q5u7SqQD31R3YO,Nepenthe,Nepenthe,rap,goosetaf,163636
5n16dEoZ1OwdpqOIK13m1X,Faces,Faces,rap,Knowmadic,133165
0Ueq7HrYgIzQ8wcIW6Duzg,Levitating,Chillhop Essentials Spring 2019,rap,invention_,179500
2LoBlYBwkyzWofG9m8C3zo,Life,Mirage,rap,Slumberville,130338
2rPPAYpPE0mByovu9AS5pU,Amorita,Amorita,rap,Mujo,80707
3eU0idtZzJXksHeYVUjdzm,CHASE,STAY HOME,rap,twuan,126317
6W3XJGH5WXGoFubLBr0Mf0,Wumbo,Wumbo,rap,Harris Cole,121446
7Ah5dqNBn8OpGpg2YZGzuX,Paperplanes,Paperplanes,rap,DAO,136364
0PO1YxbnvzYayge7GgQFQ2,Better Together,Better Together,rap,Koosen,109389
7AP6EfiA3XH360wVXMICXr,Pyrite,Pocket Full of Crystals: Vol 2,rap,"Sarah, the Illstrumentalist",119875
6pFCWGvher1KJdEEsj55dn,Golden Hours,Autumn Here,rap,Justnormal,148302
42JPhBkcrAn8wfZn9xdSzO,Salt Lamp,Runoff,rap,Jobii,138759
2MP2pU9BEFas5fZqslCjbS,Shh,Shh,rap,Rajstar,99033
1uTxXCU8uNiOB8iTg3sjcs,Search for Tomorrow,Search for Tomorrow,rap,Kupla,128120
2QcJ9rR9ddplIADrrNkIBZ,Moon Light,Moon Light,rap,Ymori,133484
1rsEvWK5fLi4RABG2V9hWw,Moody,Build,rap,Yasper,209250
3JdcRs53aBDG20OiPBJO9g,Yesterday,Chillhop Daydreams,rap,chief.,154125
4vMvv3T7NXeelqnGQtLPaE,Long Way Home,Long Way Home,rap,.Sinh,82963
1yrZp8B0mLT18RuZccaDBJ,Perspective,Chillhop Daydreams,rap,Barnes Blvd.,100250
2FllN4dJIdS4BvqJkTrLmZ,Jewelry Remover,Burgundy Blues,rap,Justnormal,163759
08Ovag8PDrT7VC2ZkZLYmz,al pasito/timeless,al pasito timeless,rap,n o r m a l,190457
3GkSDGupydidufnOGZn2FE,Peach,Peach,rap,Glimlip,136525
3X55wToVhDnQ0Tlt2OU9Sz,Happy To Help,Happy To Help,rap,Fallen Roses,112053
1RBsx4vh4C75cJlyvbyVDg,Impermanence,Impermanence,rap,autumn keys,140000
101pdKuN5fiQM5KziHN0W3,i brought her flowers.,same time next year,rap,frumhere,131751
06pokVmH9BZjHCw84AN8SH,Novacane,Novacane,rap,Lusca061,157168
29kvrLzNSVoRiqE11df09X,Four Seasons,Four Seasons,rap,Deauxnuts,115200
1DWZUa5Mzf2BwzpHtgbHPY,Good News,Circles,rap,Mac Miller,342040
1xEcsGNqeAeeB5Yx2gmFRJ,No Fucks (feat. Sueco The Child and AzChike),No Fucks (feat. Sueco The Child and AzChike),rap,1takejay,136800
4Hqh0dS4x07zuRw6eBTO7p,20/20,20/20,rap,Lil Tjay,230448
6eluAsb2ONjZ6tXFp062LZ,DO DAT (feat. DaBaby & Lil Baby),RICH YOUNGIN,rap,Stunna 4 Vegas,175653
6uJONCdr2rC65BNmCnTBWK,GANG GANG,JACKBOYS,rap,JACKBOYS,244761
6LcauUZjF1eXQrgqMUecHX,Ayy Macarena,Ayy Macarena,rap,Tyga,131607
2wBB2KKqtuK1fcxAiqbCSZ,Hella Neck,Hella Neck,rap,Carnage,217283
5W2NXrzJQDPr1dUN6wykjI,why u look mad,why u look mad,rap,Lil Tecca,142747
3Kd6Wp3lG5HXMB2dlvuy7y,Death,A Love Letter To You 4,rap,Trippie Redd,172196
15gaivYRuN6mra3Ib4z3tt,Poles,4NUN,rap,Quin Nfn,191975
7A20WnLkjtZU2d7hIB6Ziu,Start Wit Me (feat. Gunna),Please Excuse Me For Being Antisocial,rap,Roddy Ricch,158692
14X1WxiHXdVRJ99cMCBzOE,How I Move (feat. Lil Baby),LOVE FOR GUALA,rap,Flipp Dinero,224916
5SiZJoLXp3WOl3J4C8IK0d,Darkness,Music To Be Murdered By,rap,Eminem,337147
7BYppcUTuG5ysmaJlGSt3t,Welcome to Chilis,Welcome to Chilis,rap,Yung Gravy,157500
6HPRxfAFmvHZqQHtB1OPPu,Bad Vibe (feat. A Boogie Wit da Hoodie & 2 Chainz),Bad Vibe (feat. A Boogie Wit da Hoodie & 2 Chainz),rap,Quando Rondo,198608
3QzAOrNlsabgbMwlZt7TAY,Ballin' (with Roddy Ricch),Perfect Ten,rap,Mustard,180435
2Yv2mHzr5AQavVdwQjEokV,Hand Me Downs,Circles,rap,Mac Miller,298440
43YQDj1KOPMFAUcTEPKy4p,Millions,So Much Fun (Deluxe),rap,Young Thug,157520
5r7WvQtyPfy1xch5zMgGRp,Behind Barz - Bonus,Top Boy (A Selection of Music Inspired by the Series),rap,Drake,163121
3Xo6NqkOMHfw9QwxzYQ36c,Hold On,Hold On,rap,N7,129035
2iObjOsy2vpsariW4Y7hQg,Costa Rica,Costa Rica,rap,Bankrol Hayden,114965
4FmzpxyIKD0VmTz5KhQzJm,Vendetta,Vendetta,rap,KILLY,149413
7a7wbihbtKPnMCq17iECek,on god,i don't care at all,rap,bbno$,194000
6UFEJuDXQMWhL5UH5f9fUR,Enemies (feat. DaBaby),Hollywood's Bleeding,rap,Post Malone,196760
6piAUJJQFD8oHDUr0b7l7q,VALENTINO,DROPPED OUTTA COLLEGE,rap,24kGoldn,179133
56yyecUavZFNRc9W5t0P8O,CASH COW,CASH COW,rap,NGHTMRE,222027
0wq6vHsbuRAxJPX6Rm2Oes,Too Soft,NorthernSound,rap,6ixbuzz,182357
7qeWNGBqqagdwf4KnjRzGZ,U Played (feat. Lil Baby),Time Served,rap,Moneybagg Yo,164754
0hGH0S74Eoyv6mXZcOKtdQ,On The Road (feat. Meek Mill & Lil Baby),Hollywood's Bleeding,rap,Post Malone,218320
3VnIAUSwxuocMBjuRhPW2N,Audi II,Deadstar 2,rap,Smokepurpp,166934
54yCP5dfn4uvU5h37aE8f4,Out Of Your Mind (feat. Swae Lee & Chris Brown),MONTANA,rap,French Montana,194171
6ede6Tky0YYKyUKqKuEpQf,Christopher Walking,Christopher Walking,rap,Pop Smoke,191661
1IhMuuTCpO0K7BM2MmIZ0w,shining on my ex,i don't care at all,rap,bbno$,140319
36sI03C20IFHKB1f63ezOD,All I Know,All I Know,rap,Jordan Solomon,105533
40mjsnRjCpycdUw3xhS20g,GATTI,JACKBOYS,rap,JACKBOYS,181145
4ESyocZUQ3fOlCbNP6n17i,Bossanova,We Love You Tecca,rap,Lil Tecca,123573
5fuz3apTO0JuTErm53CGXf,Live This Wild,Live This Wild,rap,Lil Mosey,122853
5wwQVa7OHd9zQILs3scfun,Ooouuu (feat. Blac Youngsta),Ooouuu (feat. Blac Youngsta),rap,YBN Almighty Jay,153067
0yjsqPohhEH9engTAwqWYR,Sticky Situation,Sticky Situation,rap,anders,153753
0W9E3s2G4szLUwXsE17x5E,Beach Ballin' (feat. blackbear),Beach Ballin' (feat. blackbear),rap,Yung Pinch,204275
4hHyxmILDhX5x7zMekpk7i,PRESS,BLACK LOTUS,rap,Boslen,161907
0Pqix0NTfbuROfPbaZbBgp,Protect Da Brand (feat. DaBaby),Time Served,rap,Moneybagg Yo,180020
0CheosCkNZZcRbEtlgbHSj,Charades,Charades,rap,Why G,173521
5jiJXFYMQpBfPr4N1Z46oI,Virgil Discount,Virgil Discount,rap,T.R.U.,138067
78L2RUFISfqkmZMTCLYQJC,100 dni do matury,100 dni do matury,rap,Mata,301573
2W6iqyl0jSI48ByWAEl1vr,Noc Polarna,Noc Polarna,rap,Szpaku,146667
0XthAWvbDoOunjDceV6Jq2,VOGUE,Opowieści z Doliny Smoków,rap,Bedoes,218133
6P7JZyL9y8GVp4e1aZJme0,Rajaner,Rajaner,rap,Kizo,131495
6F3zAaf1DY7akff9JQ8pMb,Patointeligencja,Patointeligencja,rap,Mata,253609
6TxtJ6Nan6vyZu1m8tl3Ch,Gubię kroki,Gubię kroki,rap,White 2115,137322
0rbbqMKtmEAFv5bdmQdWqr,Chinatown,Droga koguta,rap,Kali,189630
04VF7AgF5f5LR4TBAvGqB7,Kochaj Mnie,Kochaj Mnie,rap,Szpaku,185143
07Agqdd4SD83JRgN19OjdW,Magenta (prod. Auer),Muzyka współczesna,rap,Pezet,200333
4zbwGwOFXOSRhdh4C0LLgW,DOOKOŁA BLOKÓW,Albinos,rap,Kabe,144932
72UTxfWLA7lW3pexGQMIMC,Koryto,BORCREW ALBUM,rap,BORCREW,211633
6FGAHJzXBS7SKtIlMUEbR3,Jungle Boyz,Import / Export,rap,Malik Montana,154773
1mMCe8c6iNVLu6fzJl2tIi,Ptak,Ptak,rap,Deemz,147251
2VLU6LTuUA621cS87wVG7C,Justin Bieber,Justin Bieber,rap,Oki,200413
37OjKpGDZngkru4ToHVz4V,Impreza,Impreza,rap,Sobel,165747
3CQ4zMzqUGSxD0GX3fEJ1G,1998 (mam to we krwi),1998 (mam to we krwi),rap,Bedoes,232133
4gUvFKFbDSqd2sR49W11Fu,Trumna,Pierwszy Dzień Po Końcu Świata,rap,Sarius,208790
29rV7CoaiwzvZQMi4OP1XF,Nowe dzwięki,Internaziomal,rap,Żabson,193400
78Rt8cal5uxRh9zfEXO3R0,Tryb komfort,Tryb komfort,rap,Kizo,173280
2CSsOy2PTQNkhPc7SRqr78,Mieć i nie mieć,Szum,rap,Jetlagz,216867
7AkNGJ9p25ZaU1AFbVPwBL,DEMONY,V,rap,DZIARMA,218973
0KY3vzMW9Ke1lYUeeuQ8xO,bigos,bigos,rap,schafter,219320
6wewGfrHp3Bo9VX7BorrMS,Tango,100 dni do matury,rap,Mata,192560
3kxIqD1BObKKHB5kn5sOqD,Dzieci burzy,Dzieci burzy,rap,BORCREW,166154
59uSPFpJeWSUddwtJo9Jd6,Brzydkie rzeczy,Brzydkie rzeczy,rap,Bedoes,179003
1CPhABEvhQf47PRiHg0WBO,Bravi Ragazzi,Bravi Ragazzi,rap,Tymek,159273
1tsBrwoPcZRFClC02IIMFP,Kevin,Kevin,rap,Otsochodzi,181364
757xcPUO7sNohea5aKXtmz,Miasto 24H,Miasto 24H,rap,Kizo,180060
6lEvrsz0CM2gStegO3el1x,ZMSW [QQ Untitled01],ZMSW [QQ Untitled01],rap,Qry,170667
7881kSmOadyJQqKw4J3InC,Tempo,Tempo,rap,Olszakumpel,205055
59VRFUqZzQfHjOpqFMJuQD,Czarne Oczy (Chilaca),Czarne Oczy (Chilaca),rap,Wac Toja,193920
3folQRowvURG094lAYvTLo,TIRy,TIRy,rap,BORCREW,204255
1q3m4S73prJEX15PtSqZtk,Pałac,Pałac,rap,White 2115,183989
6eFkf1xxOehBGMpDyUrEk4,Co u Ciebie?,Bipolar,rap,Filipek,185313
1SVsopgKbauppy1h2G7Woe,Nie chcę,Nie chcę,rap,O.S.T.R.,212826
2RmEAopmu9Of7kQNfPrdHc,pager,audiotele,rap,schafter,127613
0Uu0e8qXr1HeEhUY0utaB8,Opowieści z Doliny Smoków,Opowieści z Doliny Smoków,rap,Bedoes,197997
4mhjXZjKCtwJSMfoKvOsBJ,Ziom z papieru,Ziom z papieru,rap,BORCREW,164678
6imHfAXTylNqAqjDnmMd30,VHS,VHS,rap,PlanBe,190285
3vlOANhOOpJxiCWUzq4DnK,Chemia,Chemia,rap,BLACHA,144000
1DXaXsT69EUS1aarFfBxMw,Anioły i Demony,Anioły i Demony,rap,Tymek,210811
0sXotOhh2L1FmVbr2IKmq9,Mitoman,Mitoman,rap,Malik Montana,135200
36KGBIsobZCsLcZamffF1T,Wszystko co mam,Wszystko co mam,rap,Otsochodzi,189041
2aNeT64y3UhZsbFpVxGUI8,Popiół (prod. Szwed),Popiół (prod. Szwed),rap,Płomień 81,238010
2unYQbgst3vkYdAxH1rbEp,Restart,Restart,rap,Shellerini,275294
248wm0QJjthcaWCCXoXfDf,NICKI,NICKI,rap,Trill Pem,234764
6gj9PMazlwq99Z4dXMT8kN,Floyd Mayweather,Floyd Mayweather,rap,Żabson,202961
5T3iMVUMq34Oy8DwBzPvJy,jolka,jolka,rap,chillwagon,147208
3pCkuopR4wBW8PhkLdlKMA,cirque du soleil,cirque du soleil,rap,schafter,180413
6ZVXZ9Dfd70tZ8ZAkHUToE,Trzy Butelki,Trzy Butelki,rap,White 2115,156867
0EHR9OObFtjlhQB8wSt1m7,Mrs. Officer,Tha Carter III,rap,Lil Wayne,286907
2aIdVb8v9KTpEZnftkz2mD,Buy U a Drank (Shawty Snappin'),Epiphany,rap,T-Pain,227960
71mDjdeVK9sqXmamMHaAfX,Some Cut (feat. Cutty),The Crunk Recordings: Hits From The Pioneers And Players Of Crunk,rap,Trillville,283387
06iMqWThw4w8fTFyccvOwr,Ride Wit Me,Country Grammar,rap,Nelly,291782
03tqyYWC9Um2ZqU0ZN849H,No Hands (feat. Roscoe Dash & Wale),Flockaveli,rap,Waka Flocka Flame,263773
1GxHeBvQ9935Dd3cSfsfBa,Best I Ever Had,Thank Me Later (Int'l Version),rap,Drake,258760
0F7rEdewJ6cSLylOZZpDu7,I'm Sprung,Rappa Ternt Sanga,rap,T-Pain,230713
05Sgj1Hx03ZXc57gsV1kfX,It's Goin' Down (feat. Nitti),New Joc City (Explicit Content U.S. Version),rap,Yung Joc,241840
4ns1XFP3W5JPyzvnAjMdHD,Int'l Players Anthem (I Choose You) (feat. OutKast),UGK (Underground Kingz),rap,UGK,259040
3cSuhzV7wKX5diQ8hos78P,Steady Mobbin,We Are Young Money,rap,Young Money,310733
2cYZpcIV39X48RnOFM7w2V,All Falls Down,The College Dropout,rap,Kanye West,223507
2tOZtdbkAMQASWokLvSlzj,Overnight Celebrity,Kamikaze,rap,Twista,233360
0Ss50OU9tCozI7JIywkv14,Soul Survivor,Let's Get It: Thug Motivation 101,rap,Jeezy,280013
59rtiYOPgMEDf3yPEfU2la,Still Tippin' (feat. Slim Thug & Paul Wall),Who Is Mike Jones?,rap,Mike Jones,271053
2ajhenDRiiAnCHHjsIOHhJ,Laffy Taffy,Down For Life,rap,D4L,224253
2e9EZ2V5QGGZPMJacO3y0Y,Grove St. Party (feat. Kebo Gotti),Flockaveli,rap,Waka Flocka Flame,250493
7aXXjA800sXYKpM8D9pCVT,Tell Me,Crash the Party,rap,Smilez and Southstar,278800
60WcXjimfbhk6T0gj1Eufg,Hate It Or Love It,The Documentary,rap,The Game,206400
0LVghzBGRulc2TX9HFLYBl,Kiss Me Thru The Phone,iSouljaBoyTellem,rap,Soulja Boy,193387
6lEIjrQNwJPecJ7mMXjhjo,Wanna Be A Baller,Sittin' Fat Down South,rap,Lil' Troy,355067
3rMyMv8EjKXoPnaRo2hdJN,Stuntin' Like My Daddy - Street,Like Father Like Son,rap,Birdman,267293
7fnY0ec4B3SbcsJoaIIXIa,Grillz - Dirty,Grillz,rap,Nelly,272547
6bUNEbXT7HovLW6BgPCBsb,Roses,Speakerboxxx/The Love Below,rap,OutKast,369573
3LN41NUdHkyNqQhi9gExMm,Hypnotized (feat. Akon),The Real Testament,rap,Plies,188493
25CnqAR7fzAQbb2SVoSa0b,I Need A Hot Girl,Guerrilla Warfare,rap,Hot Boys,292840
3lwMGZ9M5Gq4usaZZLV4NK,Ice Cream Paint Job,Dorrough Music,rap,Dorrough Music,237320
7cFpB4ozcSwXuhqjvNbrbP,Good Times,A Gangster And A Gentleman,rap,Styles P,211493
0RZXNlGPvfMo54fd6uCvAT,Knuck If You Buck (feat. Lil' Scrappy),Crime Mob (U.S. PA Version),rap,Crime Mob,205120
4s0o8TJHfX9LLHa0umnOzT,Sunshine (feat. Lea) - Explicit Album Version,U Gotta Feel Me,rap,Lil' Flip,225173
7kBdenpTmgWfAz9clmBcok,#1 Stunna,I Got That Work,rap,Big Tymers,281960
41bIQPBE1lFN0mmw6Lmssz,21 Questions,Get Rich Or Die Tryin',rap,50 Cent,224427
4UNhyW0R7qylxrF6Z0q2Tb,Freek-A-Leek,Still Writing In My Diary: 2nd Entry,rap,Petey Pablo,235187
1IAzD1muglOxOcPbUHs70R,Whatever You Like,Paper Trail,rap,T.I.,249533
6SmPPtaMnfxgz5duA6t9Cu,Throw Some D's,Rich Boy,rap,Rich Boy,263920
563vSy3HB5NHxel1VGQCW6,Still Fly,Hood Rich,rap,Big Tymers,335613
0bdabO15YOj0iZPg2OujAw,Let The Beat Build,Tha Carter III,rap,Lil Wayne,309000
65D95SmygxGCQGiI64eaZf,Independent (feat. Lil' Boosie and Lil' Phat),Savage Life 2 (Explicit Version),rap,Webbie,250027
25YwwruYRtxe6RQdKtrZFS,Karma,The Hunger For More,rap,Lloyd Banks,278533
7cVmKBwzPsh4Fmb6SplfEm,"Lean Wit It Rock Wit It",On Top Of Our Game,rap,Dem Franchize Boyz,229813
4gdQ8QShlC3toP9Mkc8DwB,Oh Boy,Come Home With Me,rap,Cam'ron,204707
6ScJMrlpiLfZUGtWp4QIVt,A Milli,Tha Carter III,rap,Lil Wayne,221840
4IYKjN1DrYzxKXt0umJqsG,I Got 5 On It,Operation Stackola,rap,Luniz,253533
5krOROgmf8adn3SJzeKLZy,Back Then,Who Is Mike Jones?,rap,Mike Jones,244187
68IM0wOuxlrbwk0zgmi9dk,Just A Lil Bit,The Massacre,rap,50 Cent,237707
7kAFSrTIOiVZ0gnHBuAH3l,Air Force Ones,Nellyville,rap,Nelly,304000
323Tzd2yjV4pifrVAajafb,Hood Nigga,Welcome To The Zoo,rap,Gorilla Zoe,200933
0OvwzS8FX73Bw7ykMRmffU,Put It On Me,Rule 3:36,rap,Ja Rule,262827
2lVDc57IMK6nypg2iuEWVR,Tipsy - Radio Mix,Tipsy,rap,J-Kwon,243027
5Mcvgt2GbxxCp6cz3Kfjey,In Da Club,Get Rich Or Die Tryin,rap,50 Cent,193467
5VkuqayHiiU5ZHyYEH4Oeb,Dear Summer,534,rap,Memphis Bleek,173200
0hmQY8NW6hNQWfkvZsa1e9,Lemonade,The State vs. Radric Davis,rap,Gucci Mane,246013
4kmIO0yPq92dXtKCL28RfC,Never Scared (feat. Killer Mike & T.I.) - Club Mix,AttenCHUN!,rap,Bone Crusher,316133
4mmkhcEm1Ljy1U9nwtsxUo,Through The Wire,The College Dropout,rap,Kanye West,221227
39yRhjDdSTP4A7VehxBXDb,Wouldn't Get Far,Doctor's Advocate,rap,The Game,251040
3XQY8kDjI8LARMIC9xkxQk,Hard in Da Paint,Flockaveli,rap,Waka Flocka Flame,246387
6Y9kdB2O0h9gq9y2vclsWT,Shorty Wanna Ride,Straight Outta Cashville,rap,Young Buck,261320
4svCVV4VHEL3Z4efES868h,Go DJ,Tha Carter,rap,Lil Wayne,281827
1boHm9rjmvzxpJASd9dnGK,Slow Jamz (feat. Kanye West & Jamie Foxx),Kamikaze,rap,Twista,212147
11hQvcLydGTyXS3Wo6AkmW,Wasted (feat. Plies),The State vs. Radric Davis (Deluxe),rap,Gucci Mane,249840
0l3GEbH3CviUytD6iX4wzg,Right Thurr,Jackpot,rap,Chingy,250747
19VTqucnxJuH6kilNdweTh,Welcome to Atlanta (feat. Ludacris),Instructions (Explicit Version),rap,Jermaine Dupri,200840
24PWKmemCvqfyVXODhoKHW,Sittin' Sidewayz (feat. Big Pokey),The Peoples Champ,rap,Paul Wall,228933
46XvcuEZFFInDilbYUNHBn,Say I Yi Yi,Alley: The Return of the Ying Yang Twins,rap,Ying Yang Twins,272507
6BdgtqiV3oXNqBikezwdvC,Over,Thank Me Later,rap,Drake,233560
7g7M96UGiA7OR79H86gV4m,U and Dat (feat. T. Pain & Kandi Girl),My Ghetto Report Card,rap,E-40,202720
6Wt5QBzHp9vdSLAFlvdnDQ,"I Need a Girl Pt. 2 (feat. Loon Ginuwine & Mario Winans)",Bad Boy's 10th Anniversary- The Hits,rap,Diddy,285587
1xixUOjgdqMOPZxursTms3,Anything,The Truth,rap,JAY-Z,286333
2Lg4kvhOrPhpGEZmSe7VAN,Country Grammar (Hot Shit),Country Grammar,rap,Nelly,287000
4ImL3v98u2BLkwnyQDjfRm,Can't Tell Me Nothing,Graduation,rap,Kanye West,271600
6o3s08kk2fQI37vxGZDrJ1,Snap Yo Fingers,Snap Yo Fingers - Single,rap,Youngbloodz,274387
3ssX20QT5c3nA9wk78V1LQ,Ambitionz Az A Ridah,All Eyez On Me,rap,2Pac,278387
0EgigrGFGb4PHaVNb7fgK7,No Problem,The Crunk Recordings: Hits From The Pioneers And Players Of Crunk,rap,Lil Scrappy,214213
6cnufgF6qLJGZT2PRFZBr1,Ain't I - main voc up,Ain't I,rap,Yung L.A.,252093
1fLdeDTrJWNkwOeFyAVLvF,Good Life,Graduation,rap,Kanye West,207000
0lyYVubxulG0uUPOVCQj0Z,Shine,Lights Out,rap,Lil Wayne,304173
66TRwr5uJwPt15mfFkzhbi,Crank That (Soulja Boy),souljaboytellem.com,rap,Soulja Boy,221933
5zd9TgduWbfFXwgnm3K3Rz,Poppin' My Collar - feat. Project Pat - Explicit,Most Known Unknown (New Package-Explicit),rap,Three 6 Mafia,176880
6njG8EYG1lrROn8P6q46eq,Wat Da Hook Gon Be - Dirty,Murphy's Law,rap,Murphy Lee,224667
5dANgSy7v091dhiPnEXNrf,Put On,The Recession,rap,Jeezy,321293
4gaz3uvhKgO078XcdzyPsl,Money To Blow - Street Version,Pricele$$,rap,Birdman,258587
0B8drtTSp68pZdkmVrG9ZA,Twinz (Deep Cover 98) (feat. Fat Joe),Capital Punishment (Explicit Version),rap,Big Pun,228173
6glsMWIMIxQ4BedzLqGVi4,"So Fresh So Clean",Stankonia,rap,OutKast,240027
5h21AlYy4mgHfQp9jUAUGi,I'm a King,25 To Life,rap,P$C,212800
0YkJU6TjjwzsVXUPRIO0DB,Make Me Better,From Nothin' To Somethin' (Bonus Track Version),rap,Fabolous,253573
0Uhnzk5zI46IRlQ04LNOtc,Hey Ma,Come Home With Me,rap,Cam'ron,232533
4LwOrnuxJwR7C5Sw4liY4Z,What's Your Fantasy (Featuring Shawna),Back For The First Time,rap,Ludacris,275907
2OqYarizUUGzSSNHPrDEii,Shoulder Lean (feat. T.I.),Best Thang Smokin' (Explicit Version),rap,Young Dro,258680
0YUrjFy4qFKOO5NhM9tYdV,Locked Up,Trouble,rap,Akon,235067
62r62ArmWq38cu6QCVgyTc,Jesus Walks,The College Dropout,rap,Kanye West,193733
59xyRqG06dGbTmmJFVFbyQ,Dem Boyz,Boyz N Da Hood,rap,Boyz N Da Hood,256800
3iUnagQlUtjjCNQ3us3lPi,Go Crazy (Remix),Let's Get It: Thug Motivation 101,rap,Jeezy,253840
2mKouqwAIdQnMP43zxR89r,What's Luv? (feat. Ja-Rule & Ashanti),Jealous Ones Still Envy (J.O.S.E),rap,Fat Joe,267093
5MYFw4T2gy52pOGBN4EYHS,Stay Fly - Explicit Album Version,Most Known Unknown (Explicit),rap,Three 6 Mafia,236600
5mEwhCsqadBZIE7SSrv1gC,Down And Out,Purple Haze,rap,Cam'ron,248627
0Ed7MeXx64f6OcIuoTRCg1,Xxplosive,2001,rap,Dr. Dre,215200
79lmvU7Qmc8QpXilbSk37z,Game Over,U Gotta Feel Me,rap,Lil' Flip,232467
7fkbO9RJWW0zQAtXBu5ixb,Take It To Da House (feat. The Slip N' Slide Express),THUGS ARE US,rap,Trick Daddy,227107
6YTp4sUEi3oWNToQvOjke6,Money in the Bank (feat. Young Buck) - Remix,Bred 2 Die Born 2 Live (Explicit Version),rap,Lil Scrappy,233707
0UNTBB02C1aB55Fu4H63qd,One Call Away,Jackpot,rap,Chingy,276800
4P7VFiaZb3xrXoqGwZXC3J,Lollipop,Tha Carter III,rap,Lil Wayne,299333
5ry2OE6R2zPQFDO85XkgRb,Money In The Grave (Drake ft. Rick Ross),The Best In The World Pack,rap,Drake,205427
6gBFPUFcJLzWGx4lenP6h2,goosebumps,Birds In The Trap Sing McKnight,rap,Travis Scott,243837
2gwkD6igEhQbDQegRCcdoB,Suge,Baby On Baby,rap,DaBaby,163320
1xbtojAZsQjOgiGdGX6ChU,Ransom,Ransom,rap,Lil Tecca,131248
3XiNC94b4Tq1xwv70sQJGN,Sanguine Paradise,Sanguine Paradise,rap,Lil Uzi Vert,243976
62vpWI1CHwFy7tMIcSStl8,No Role Modelz,2014 Forest Hills Drive,rap,J. Cole,292987
4ak7xjvBeBOcJGWFDX9w5n,Rodeo,7 EP,rap,Lil Nas X,158707
5tsI3xxDHDgzHhn30LTQNz,These Days,This Isn't The Album,rap,Mike Stud,268566
3CLd7BfvgsBwBUI8kwFLU6,iSpy (feat. Kodak Black),iSpy (feat. Kodak Black),rap,KYLE,227779
2eMwDehkIC1j68U6FA3Eiq,XO TOUR Llif3,XO TOUR Llif3,rap,Lil Uzi Vert,182707
7DcvwMAiqKJQD1rrdfxSDx,The London (feat. J. Cole & Travis Scott),The London,rap,Young Thug,200107
1Ser4X0TKttOvo8bgdytTP,Come Get Her,SremmLife,rap,Rae Sremmurd,212947
2fQrGHiQOvpL9UgPvtYy6G,Bank Account,Issa Album,rap,21 Savage,220307
5de7ci7TFqbQ1PFgKAD7MR,"Horses (with PnB Rock Kodak Black & A Boogie Wit da Hoodie)","Horses (with PnB Rock Kodak Black & A Boogie Wit da Hoodie)",rap,PnB Rock,249240
5hVghJ4KaYES3BFUATCYn0,EARFQUAKE,IGOR,rap,"Tyler, The Creator",190067
4EAV2cKiqKP5UPZmY6dejk,Everyday,Bobby Tarantino II,rap,Logic,204747
5rU6kDNXZLXIinFezpbWbO,Tap (feat. Meek Mill),Bad Habits (Deluxe),rap,NAV,148278
5uDASfU19gDxSjW8cnCaBp,Chill Bill (feat. J. Davi$ & Spooks),Chill Bill (feat. J. Davi$ & Spooks),rap,Rob $tone,177184
6GnhWMhgJb7uyiiPEiEkDA,Weekend (feat. Miguel),GO:OD AM,rap,Mac Miller,208080
6CUBgX8bXC5YQCkdgRHqyg,do re mi,digital druglord,rap,blackbear,212027
1wHZx0LgzFHyeIZkUydNXq,Antidote,Rodeo (Expanded Edition),rap,Travis Scott,262693
15EPc80XuFrb2LmOzGjuRg,Crew (feat. Brent Faiyaz & Shy Glizzy),At What Cost,rap,GoldLink,176702
3e7Y6sfFlIdBMJhX7wpqVO,44 More,Bobby Tarantino II,rap,Logic,188600
6H0AwSQ20mo62jGlPGB8S6,It's A Vibe,Pretty Girls Like Trap Music,rap,2 Chainz,210200
6GgPsuz0HEO0nrO2T0QhDv,No Hands (feat. Roscoe Dash & Wale),No Hands (feat. Roscoe Dash & Wale),rap,Waka Flocka Flame,263773
4cM0qNo02rp56x7c6nlx6T,F.B.G.M.,F.B.G.M.,rap,T-Pain,188832
6bZB5IW4W9qFDbnD2kJJou,Keepin it movin am & guv demo.mp3,Keepin it movin am & guv demo.mp3,rap,Andy Mineo,139376
4aPB8rSxGFISs0o6V2LrTy,Gold Roses (feat. Drake),Gold Roses (feat. Drake),rap,Rick Ross,345160
7KXjTSCq5nL1LoYtL7XAwS,HUMBLE.,DAMN.,rap,Kendrick Lamar,177000
3ncgNpxLoBQ65ABk4djDyd,PICK IT UP (feat. A$AP Rocky),Pick It Up (feat. A$AP Rocky),rap,Famous Dex,191252
6jmTHeoWvBaSrwWttr8Xvu,I Mean It (feat. Remo),These Things Happen,rap,G-Eazy,236480
1jo3TwNGCXfNdB5uba3ZVv,Killshot,Killshot,rap,Eminem,253580
59oP06RoBps6bvbvSQ1Zee,Swish,These Days,rap,Mike Stud,278520
2N0NifjyXAdMOB4KBGvBJ6,White Iverson,White Iverson,rap,Post Malone,255173
1lAgtcp1KQRQS10m2yCgvm,Wavy (feat. Joe Moses),Wavy (feat. Joe Moses),rap,Ty Dolla $ign,188721
6PGoSes0D9eUDeeAafB2As,LOVE. FEAT. ZACARI.,DAMN.,rap,Kendrick Lamar,213400
4ntsD33Pgsgk8rUyZLLiUV,DEVASTATED,ALL-AMERIKKKAN BADA$$,rap,Joey Bada$$,207059
2ONFCvnI85yGmDhXT8HyXj,wokeuplikethis* (feat. lil uzi vert),woke up like this* (feat. lil uzi vert),rap,Playboi Carti,235414
4URQKHMxklDp1WQY0c6lZu,Tunnel Vision,Painting Pictures,rap,Kodak Black,268240
5N1o6d8zGcSZSeMFkOUQOk,Hot Girl Summer (feat. Nicki Minaj & Ty Dolla $ign),Hot Girl Summer (feat. Nicki Minaj & Ty Dolla $ign),rap,Megan Thee Stallion,199427
6AoYWCzsDls6c61Zp5qTuU,$ave Dat Money (feat. Fetty Wap & Rich Homie Quan),Professional Rapper,rap,Lil Dicky,290836
3pXF1nA74528Edde4of9CC,Don't,T R A P S O U L,rap,Bryson Tiller,198293
5cgEadiGKjtTP1Q6NJqVP5,A-Team,A-Team,rap,Travis Scott,176640
3NJG6vMH1ZsectZkocMEm0,Tiimmy Turner,Tiimmy Turner,rap,Desiigner,239853
4dfCW8ynuItQ9ABweWyl4C,oui,oui,rap,Jeremih,238480
11kWiaqMGj4BMv6syMEFT0,Heebiejeebies,Heebiejeebies,rap,Aminé,220133
43PuMrRfbyyuz4QpZ3oAwN,Exchange,T R A P S O U L,rap,Bryson Tiller,194613
5is0hEWWStAbbHCjWyoxq2,Too Young,Too Young,rap,Post Malone,237627
71SDPonZOsIKNtqnaX8LXj,Low Life,EVOL,rap,Future,313547
7p54iuWHqvdeN224OglZ9t,I Don't Fuck With You,I Don't Fuck With You,rap,Big Sean,284560
4Sj8JZ9zZfl8HaOav5yTVq,1-800-273-8255,1-800-273-8255,rap,Logic,250200
1faIb3PPSzEifCHUOJ691R,Broke As Fuck,The Lost Boy,rap,YBN Cordae,196112
0NBiC3zLXoBQXBjsbnbwJq,Molly (feat. Brendon Urie of Panic at the Disco),Professional Rapper,rap,Lil Dicky,244340
2YK01AIIWuywG24gsbuizE,Congratulations - Remix,Congratulations (Remix),rap,Post Malone,284133
2XW4DbS6NddZxRPm5rMCeY,God's Plan,Scary Hours,rap,Drake,198960
1WIfWj5skn5UUZTs4cEFBe,Location,Location,rap,Khalid,217566
7cGFbx7MP0H23iHZTZpqMM,Everybody,Everybody,rap,Logic,162347
10Igtw8bSDyyFs7KIsKngZ,Freaky Friday (feat. Chris Brown),Freaky Friday (feat. Chris Brown),rap,Lil Dicky,216632
0wdKiSBUT7aZkXUIdJWcwC,2 Phones,Islah (Deluxe),rap,Kevin Gates,240000
1OmcAT5Y8eg5bUPv9qJT4R,rockstar,rockstar,rap,Post Malone,218320
5NQbUaeTEOGdD6hHcre0dZ,679 (feat. Remy Boyz),679 (feat. Remy Boyz),rap,Fetty Wap,196693
6KCt9V6Lev0M04rFUj8ANC,Ice (feat. Gunna & Lil Baby),Delusions of Grandeur,rap,Gucci Mane,177243
6hVGw7yVUd2bpdHMPCWrtN,March Madness,March Madness,rap,Future,244613
3Z2sglqDj1rDRMF5x0Sz2R,3005,Because The Internet,rap,Childish Gambino,234213
4RVbK6cV0VqWdpCDcx3hiT,Reborn,KIDS SEE GHOSTS,rap,KIDS SEE GHOSTS,324674
3ESSGgWzRf1xvP7G5hHMhB,Again,Fetty Wap (Deluxe),rap,Fetty Wap,312240
28FGV3ORH14MYORd7s5dlU,Not Alike (feat. Royce Da 5'9),Kamikaze,rap,Eminem,288087
7xq3uN2toVZ8IbNzfTucyJ,Calm Down,When It's Dark Out,rap,G-Eazy,127427
0taOCiup4HNG9LmbduVlJj,Rubbin Off The Paint,Rubbin Off The Paint,rap,YBN Nahmir,156057
7tbyiwnLhtKYXNMjCZ60BT,Intro,Intro,rap,Quality Control,215345
0lwkTJnLBVWvEnxtku7Msy,Alright,Under Pressure (Deluxe),rap,Logic,218280
55Q46o5adtSobImSKrrlqW,Top,Luv Is Rage,rap,Lil Uzi Vert,236000
3rOSwuTsUlJp0Pu0MkN8r8,Mask Off,FUTURE,rap,Future,204600
34oWbFBfGEElvgO0a5c9V4,No Flockin',No Flockin',rap,Kodak Black,165291
0egGmGkZ8maYdEYo4RrVsZ,Lemme Freak,Professional Rapper,rap,Lil Dicky,285894
19gEmPjfqSZT0ulDRfjl0m,Hot N*gga,Hot N*gga,rap,Bobby Shmurda,194561
3sz2fvkHUhBip8r9i8HqeV,Down For Me,Step Brothers,rap,G-Eazy,203613
4uQ7wYsuL0DryknoDc11Hk,Norf Norf,Summertime '06,rap,Vince Staples,183160
6HK4YGOpZr1ost68QP3ul0,Ride Slow,There's Really A Wolf,rap,Russ,185400
1cTZMwcBJT0Ka3UJPXOeeN,Nice For What,Nice For What,rap,Drake,210926
29gsi1zZrZxdStACmTQB0Z,Studio,Oxymoron (Deluxe),rap,ScHoolboy Q,278067
4T0ScSPdQKmGvruK7pavNP,"Flex (Ooh Ooh Ooh)","Flex (Ooh Ooh Ooh) - Single",rap,Rich Homie Quan,176744
2rmq49FcJ4U3wh1Z7C9UxE,IV. Sweatpants,Because The Internet,rap,Childish Gambino,180680
0D21XvHcVsIvJM6FcGY2BT,OOOUUU,OOOUUU,rap,Young M.A,234526
2P3SLxeQHPqh8qKB6gtJY2,Poetic Justice,"good kid m.A.A.d city (Deluxe)",rap,Kendrick Lamar,300160
0sr5LOMv4x0jmTYfe6oOvP,Back Up,#AndSeeThatsTheThing,rap,DeJ Loaf,241267
1hsCcm0xujceILNvgRfrVB,Big Fish,Big Fish,rap,Vince Staples,198053
6hYdhO1BF8V03tuF8pADKP,"Or Nah (feat. Wiz Khalifa) - Live at the Village Los Angeles CA",Spotify Session,rap,Ty Dolla $ign,263142
73WVn9jXiLvjO0jq6x4hYX,Sub Me In,Coast 2 Coast,rap,Futuristic,218445
5lFDtgWsjRJu8fPOAyJIAK,Back To Back,Back To Back,rap,Drake,170638
7aeC8XRoU9s8b0OPUfUbtJ,Friends,II: The Sword,rap,Andy Mineo,173844
5u5VZaUmYMZiFed9jFWebf,Valet (feat. Fetty Wap and 2 Chainz),Valet (feat. Fetty Wap and 2 Chainz),rap,Eric Bellinger,204324
6SwRhMLwNqEi6alNPVG00n,LOYALTY. FEAT. RIHANNA.,DAMN.,rap,Kendrick Lamar,227360
7DTlsMOQjGysXHpwwpHuPl,Lifestyle,Lifestyle,rap,Rich Gang,269693
27GmP9AWRs744SzKcpJsTZ,Jumpman,What A Time To Be Alive,rap,Drake,205879
029QP3fFtLaW9B9RKr8DAg,Say My Name,Teenage Emotions,rap,Lil Yachty,186680
5hfpu8saHLGedbHRtNCYjm,Trap Paris (feat. Quavo & Ty Dolla $ign),bloom,rap,Machine Gun Kelly,203000
610BVUQMZpmt3eROWX9ZC1,Say It,Say It,rap,Tory Lanez,236893
33JcUj9qQDayKswunZP9ar,Best Friend,Best Friend,rap,Young Thug,213000
6HSqyfGnsHYw9MmIpa9zlZ,Forever,More Than A Game,rap,Drake,357347
1wJRveJZLSb1rjhnUHQiv6,Swervin (feat. 6ix9ine),Hoodie SZN,rap,A Boogie Wit da Hoodie,189487
3eekarcy7kvN4yt5ZFzltW,HIGHEST IN THE ROOM,HIGHEST IN THE ROOM,rap,Travis Scott,175721
6fTt0CH2t0mdeB2N9XFG5r,Panini,7 EP,rap,Lil Nas X,114893
63cd4JkwGgYJrbOizbfmsp,Pure Water (with Migos),Pure Water (with Migos),rap,Mustard,194520
2IRZnDFmlqMuOrYOLnZZyc,Going Bad (feat. Drake),Championships,rap,Meek Mill,180522
51w9Jbat1pLeWINGCpnQUR,TAlk tO Me (with Rich The Kid feat. Lil Wayne) - Remix,TAlk tO Me (with Rich The Kid feat. Lil Wayne) [Remix],rap,Tory Lanez,248521
3s4mrPrEFFPF0LmAfutW0n,The London (feat. J. Cole & Travis Scott),So Much Fun,rap,Young Thug,200187
2zjGJ0dChMR0KxBZS15aqo,"Baguettes in the Face (feat. NAV Playboi Carti & A Boogie Wit da Hoodie)",Perfect Ten,rap,Mustard,174100
78QR3Wp35dqAhFEc2qAGjE,Drip Too Hard (Lil Baby & Gunna),Drip Harder,rap,Lil Baby,145543
6vWEAOUSxohKxhp0K1BsxL,Mixed Personalities (feat. Kanye West),We All Shine,rap,YNW Melly,230400
6vBdBCoOhKHiYDDOcorfNo,Goodbyes (Feat. Young Thug),Goodbyes (Feat. Young Thug),rap,Post Malone,174960
2JvzF1RMd7lE3KmFlsyZD8,MIDDLE CHILD,MIDDLE CHILD,rap,J. Cole,213594
2xLMifQCjDGFmkHkpNLD9h,SICKO MODE,ASTROWORLD,rap,Travis Scott,312820
6uFn47ACjqYkc0jADwEdj1,Pop Out (feat. Lil Tjay),Die A Legend,rap,Polo G,166560
0fcq51a3gOI6gPvzc0YLsk,Wow. - Remix,Wow. (Remix),rap,Post Malone,170053
5lw8Mgb4LyhriPIC86gV6e,RNP (feat. Anderson .Paak),The Lost Boy,rap,YBN Cordae,175828
3Ol2xnObFdKV9pmRD2t9x8,Look Back at It,Hoodie SZN,rap,A Boogie Wit da Hoodie,179449
5Z8HZM6iQMhhqyPcCGY5g9,Hot (feat. Gunna),So Much Fun,rap,Young Thug,193027
4SWWe2OYC4mqf40Gc2RSdl,Down Below,Feed Tha Streets II,rap,Roddy Ricch,224002
4TCG827sk5fDEmUvcQlStk,Goddamn (feat. A Boogie wit da Hoodie),Legendary,rap,Tyga,211040
6MDjeiUWPPgEwLtiBrr9he,My Year,My Year,rap,GASHI,190345
2Vx8E3K5icPZR7OCklWBXX,Nonstop,Scorpion,rap,Drake,238613
2NRGaA1GyCmTYfm2GRPkUe,Fine China,Fine China,rap,Future,142320
2xKQj6P0TgxBVaRiojP2s2,fast (Remix) [feat. Offset & A Boogie Wit da Hoodie],fast (Remix) [feat. Offset & A Boogie Wit da Hoodie],rap,Sueco the Child,160063
51wFQM8W0YfXTmHusXUr5i,MAMACITA,MAMACITA,rap,Tyga,202653
0L6w0YHzEYfmO8Pp0ibcin,All Facts (feat. Ty Dolla $ign),B-Sides,rap,G-Eazy,180581
6ya8ejoKgw906Y8LWclqrp,Racks In The Middle (feat. Roddy Ricch and Hit-Boy),Racks In The Middle (feat. Roddy Ricch and Hit-Boy),rap,Nipsey Hussle,233278
7IBSffWIu7P2MC7kMwy2FM,Hopeless Romantic (feat. Swae Lee),Rolling Papers 2,rap,Wiz Khalifa,226743
59ywHNwwchG4nZJMLyxSzd,Clout (feat. Cardi B),FATHER OF 4,rap,Offset,205803
1GeNui6m825V8jP4uKiIaH,Bad Bad Bad (feat. Lil Baby),So Much Fun,rap,Young Thug,149040
30z4LVkScpeNhwHFIB8Ewa,I Love,I Love,rap,Joyner Lucas,210197
0NJp8GyCOWnQh71xKSPfuV,Freaky,Freaky,rap,Tory Lanez,173926
6pcYAFkGyFRCrmcXk6iauq,Wish Wish (feat. Cardi B & 21 Savage),Father Of Asahd,rap,DJ Khaled,202625
7sO5G9EABYOXQKNPNiE9NR,Ric Flair Drip (& Metro Boomin),Without Warning,rap,Offset,172800
3qAyjdhtnU2a14rrRKEkcE,Reverse (Ft. G-Eazy),Reverse (Ft. G-Eazy),rap,Vic Mensa,211893
14mHfNsSHN0FbLftyjrV9g,Leave Me Alone,Leave Me Alone,rap,Flipp Dinero,195637
4XiGKQqbmnMVxDzUj6j3f2,Worth It,Worth It,rap,YK Osiris,189253
5qHirGR7M9tdm6C17DlzSY,REEL IT IN,ONEPOINTFIVE,rap,Aminé,121347
0FZ4Dmg8jJJAPJnvBIzD9z,ZEZE,Dying to Live,rap,Kodak Black,228760
2Dl4B2t2dysNepXKRaiWVh,Girlfriend (feat. G-Eazy),Girlfriend (feat. G-Eazy),rap,T-Pain,190868
0yFvWTLs3iIwDbc91noXGT,GRoCERIES,GRoCERIES,rap,Chance the Rapper,226846
7rvyVWja33WG9R97oeJAjx,Envy Me,Wildboy,rap,Calboy,120133
1JGb28R23RdtKZYT4XOf7u,Tell Em I'm Doing Eetswa,Tell Em I'm Doing Eetswa,rap,Hooligan Hefs,151327
4pMEp90aY5XZcQQGaH7ahu,German,German,rap,No Money Enterprise,234791
3rSaWhDAR95TlyF8SupwdZ,Moves,Moves,rap,Hp Boyz,199886
6ts0IMQShgewfRUrz3ck9W,"Mood Swings (Remix) [feat. Youngn Lipz Creed Tha Kid & Day1]","Mood Swings (Remix) [feat. Youngn Lipz Creed Tha Kid & Day1]",rap,A Boogie Wit da Hoodie,211227
0c6SqvH32BMgbEFvpHc2gs,Let Her Go,Let Her Go,rap,The Kid LAROI,122113
3WcGdhN6wvGplwVyixNgfI,Audacity (feat. Headie One),Audacity (feat. Headie One),rap,Stormzy,245920
2jPTHZHHoUJiID90LEYV28,Hectic (feat. J Emz),Hectic (feat. J Emz),rap,Manu Crooks,199846
2KrCpdhlAzVkbvOSkkE4pf,Silent,Silent,rap,Youngn Lipz,183000
0BpyJhqMi4NQHJzWFocgz0,Taste (Make It Shake) (Remix feat. Hooligan Hefs & Nerve),Taste (Make It Shake) (Remix feat. Hooligan Hefs & Nerve),rap,Aitch,213677
1Y4lKNyzLxFAQh2BZCYgG0,In the Beginning,In the Beginning,rap,ONEFOUR,238298
6cFQlH7tnsW5WLktVijTVi,The Octagon (Ready For The Pain),The Octagon (Ready For The Pain),rap,Chillinit,198106
1xzmiU62MuWPRRduUT7vHe,No Mercy (feat. Denzel Curry),No Mercy (feat. Denzel Curry),rap,MELODOWNZ,180190
5j1yOqWONR9T6l43AzJ6Es,Tip Toe (feat. A Boogie Wit da Hoodie),Tip Toe (feat. A Boogie Wit da Hoodie),rap,Roddy Ricch,185806
3wwo0bJvDSorOpNfzEkfXx,Let Me Know (I Wonder Why Freestyle),Let Me Know (I Wonder Why Freestyle),rap,Juice WRLD,215381
4Th6mop8TmWoQcP3CmTXVf,WHERE U FROM,WHERE U FROM,rap,B Wise,201931
4r2WD5ZnLazPfsWqDWfK4F,Trendy,Trendy,rap,Brothers,180152
7cPpt0uzaPKsIACFp58sYa,Who's Real?,Who's Real?,rap,Hooligan Hefs,217923
1Iv4wC88uxeAF7SmQQGx3X,Wiley Flow,Wiley Flow,rap,Stormzy,207366
1knDG6hRiyjs3d7tG4GJ2Z,The Code,Born 2 Rap,rap,The Game,349265
0qgarwucTgpkcCopeqUDXt,Jigga,Jigga,rap,Jay Swi$h,193379
0Hk1zuUABam9U5M634R0Fv,Above Water,Above Water,rap,Manu Crooks,151429
7axPfiUniW556wqs0VmipL,Misunderstood,Misunderstood,rap,Youngn Lipz,149342
4PMvcKL0GmTaEkugSJIToS,Time Out,New Views,rap,JessB,195548
3XV2EL4JquJ7BEA4Tyi8Gl,Bad N Bouj,Bad N Bouj,rap,Hp Boyz,168004
1gFMfqyVSXHMgvRloH2gDL,Paper Cuts,Paper Cuts,rap,Dave,179627
2JK8HVAU1Jyd8BWNMGc76A,Ben 10,Ben 10,rap,ONEFOUR,218315
0rtcarwfcStWL5UMNFg8sx,PREACHER MAN,PREACHER MAN,rap,SWIDT,200191
3vEcH83yGZoygHj65pZzWS,Business Men,Business Men,rap,LEVZ,226726
3giOJy1zsagI2miM669sh8,IYKYK (They Know Who),IYKYK (They Know Who),rap,Hooligan Hefs,167262
29Y1hEc0NSxvFylHFV8W9e,Kiss and Tell,Kiss and Tell,rap,AJ Tracey,192320
3xNpMrm8by097v1EzioexV,Hello Hello,Hello Hello,rap,Church & AP,162667
4sjiIpEv617LDXaidKioOI,223's (feat. 9lokknine),223's (feat. 9lokknine),rap,YNW Melly,176640
1wbbsl3HYbkkXsXEvlmoFu,REPEAT (feat. Pistol Pete & Enzo),REPEAT (feat. Pistol Pete & Enzo),rap,Jaecy,196393
0c7K73roy6RW4ebDkf4yGh,VALENTINO,VALENTINO,rap,24kGoldn,179133
74rluVXirwea83JzfkbjmQ,So Easy,So Easy,rap,Triple One,229986
5xEWiG0ug0rOymOjlzSGzx,Twisted (feat. Logic & A$AP Rocky),Twisted (feat. Logic & A$AP Rocky),rap,French Montana,262354
1mg7cP8L2qOwmt3ICudN4t,NOBODY,NOBODY,rap,Kwame,215955
4HPTladgOGcGzleMR3I0FK,Carbonated Water,Carbonated Water,rap,Ski Mask The Slump God,141040
0Y7P1DRouegcZG4IPiEzbh,Come Through,Come Through,rap,Sydney Yungins,204771
5hDAT527wXWNBnJlujhuUs,Stuck In A Dream (feat. Gunna),Stuck In A Dream (feat. Gunna),rap,Lil Mosey,123560
2wJdtLGN0pEeriRvNEvPWu,D.O.N,D.O.N,rap,Rops1,155939
643PW82aBMUa1FiWi5VQY7,Babushka Boi,Babushka Boi,rap,A$AP Rocky,187105
2Yr2BzqNDpIh0YQcnFqM09,VOICES (feat. XXXTENTACION),VOICES (feat. XXXTENTACION),rap,Skye,155993
0Exfrf3nRw9SXpls2n8KFB,Ladz in the Hood,Ladz in the Hood,rap,ONEFOUR,198975
4vRaGGiQN6l2LiQxSFg6ZP,RNP (feat. Anderson .Paak),RNP (feat. Anderson .Paak),rap,YBN Cordae,175853
0RLLvYBopDwooCyvnTwgYu,F.N,True 2 Myself,rap,Lil Tjay,224000
2FW36jWgTjADLc5DXEfFWG,Floss (feat. MoStack & Not3s),Floss (feat. MoStack & Not3s),rap,AJ Tracey,182280
2WKAty6EEiV8Lt8dAnRAdy,Engineers,Engineers,rap,Hp Boyz,215523
7cyeGclH71MayOuQ7qtLFl,BIG,Herstory in the Making,rap,Young M.A,225920
2FTOLKjQUswhpdMFq15Raf,SPEEDBOAT,ZUU,rap,Denzel Curry,222533
6GefwzSnQkQoCnWJNs9IZR,RENT FREE,RENT FREE,rap,Russ,150200
6Z4vonpOado2slZz4XFf0P,No Effect,No Effect,rap,Hooligan Hefs,200960
6qvfyXGXEPEYwwqBykWw3H,Professor X,Top Boy (A Selection of Music Inspired by the Series),rap,Dave,217705
5L0X8T8HNaUAIYw1oofg1M,ADHD,ADHD,rap,Joyner Lucas,205803
1srFoNCknHTaIU1s4sStxy,Say Less,Say Less,rap,Lisi,164953
0jdso14vaFnpRazMLEZovF,Astronaut In The Ocean,Astronaut In The Ocean,rap,Masked Wolf,132780
69eXHDgEEQ6itzt03E7fKz,Cravin (feat. G-Eazy),Cravin,rap,DaniLeigh,178907
4B7fTyj1FIPvP9tT5X3DnR,Behind Barz - Bonus,Behind Barz (Bonus),rap,Drake,163121
07s9NNOT0sZQp7TyolLLgu,Own It (feat. Ed Sheeran & Burna Boy),Own It (feat. Ed Sheeran & Burna Boy),rap,Stormzy,216707
3s2Qd1rsWqbvOoxpFTRp8D,Kraazy,Million Dollar Mindset,rap,Likybo,151579
5q7OgVoW3RHSTh9WUDlpqw,Mile Away,Mile Away,rap,Kelvyn Colt,192507
3phNAH1S2WOoMZRFHLpYOe,Hunned Of Miles,Hunned Of Miles,rap,NUGAT,254758
6yfQqlHJDxp2vxIxncw7OU,Cuba,Cuba,rap,Theophilus London,163799
0PQsrLxPbOBBwwmXCnGvcF,Diamonds (with Normani),Diamonds (with Normani),rap,Megan Thee Stallion,199301
04MLEeAMuV9IlHEsD8vF6A,No Stylist,No Stylist,rap,French Montana,192172
3iuDZuKpdLI8aQlqDslRDm,"Do It When I'm In It (feat. Jermaine Dupri Ozuna & Slim Jxmmi)","Do It When I'm In It (feat. Jermaine Dupri Ozuna & Slim Jxmmi)",rap,Snoop Dogg,233849
7C39RtGhnEw7cyf0Pyw7PV,Saint-Tropez,Hollywood's Bleeding,rap,Post Malone,150867
7ycWLEP1GsNjVvcjawXz3z,Praise The Lord (Da Shine) (feat. Skepta),TESTING,rap,A$AP Rocky,205040
7l3E7lcozEodtVsSTCkcaA,ZEZE (feat. Travis Scott & Offset),ZEZE (feat. Travis Scott & Offset),rap,Kodak Black,228654
6uqAcjD0a81jJkJJD6NzCC,Tony Montana,Tony Montana,rap,Mr Eazi,153993
5bvnqVuq7UFl0txSlHpsfS,Loyal (feat. Drake),Loyal (feat. Drake),rap,PARTYNEXTDOOR,197973
0Spdubqixmqtj04v9xvrUI,Run,Run,rap,Lost Child,210096
7wBJfHzpfI3032CSD7CE2m,STARGAZING,ASTROWORLD,rap,Travis Scott,270715
1MUL6DO2gVimj2YrVedubd,Creep On Me,Creep On Me,rap,GASHI,194777
2sqsNXfN0HtgDEgaHXiUTa,Won't Be Late (feat. Drake),Won't Be Late (feat. Drake),rap,Swae Lee,218710
1NHlyKgtR4roNylOhidKSv,Girls Have Fun (feat. G-Eazy & Rich The Kid),Girls Have Fun (feat. G-Eazy & Rich The Kid),rap,Tyga,175711
6Gy7rXB6Ku5vIWC7WGWsl3,KIKA,DUMMY BOY,rap,6ix9ine,136032
3aDxSyVoh3MAz99UO1sx8r,NO TRU$T,"for better or worse Pt. 1",rap,NUGAT,211964
18czZN7uruOjftj71Kt8oj,PAID MY DUES,PAID MY DUES,rap,NF,211644
6AW47FIeOzMV6dVPB8ZYTN,Gimme Brain,Gimme Brain,rap,Travis Barker,141267
5IaSQfIK26X2DpqK12j5vG,Bury Me Alive,Bury Me Alive,rap,Kelvyn Colt,216013
3z4CGd63tpUn9a6oQSG0CI,Location (feat. Burna Boy),PSYCHODRAMA,rap,Dave,241293
73xXDeBMlC5cdvWoOLWVLo,Dip,Legendary (Deluxe Edition),rap,Tyga,195992
6pGuOWYOFDcSgmVvFWRWSv,The Flute Song,ZOO,rap,Russ,147600
5imCvF3VHty1TZ0qaE1JEj,Blessed (with Tyga),Blessed (with Tyga),rap,Shenseea,148096
1jlnBQGP2DtSEhMgQaz7a7,Haute (feat. J Balvin & Chris Brown),Legendary,rap,Tyga,160877
1zGwWmxXJHFes4dfkbnBUC,Limbo (feat. Gilli),Limbo (feat. Gilli),rap,NODE,169206
0alp0O9d7KTtAF1QnBqqiv,PUB G (feat. Branco & Larry 44),PUB G (feat. Branco & Larry 44),rap,LOLO,159723
06oxeUYunH85rZkj0KXMDO,Sektion (feat. Branco & Gilli),Sektion (feat. Branco & Gilli),rap,Benny Jamz,188091
332HLjESTywYrDN5is9mdT,Dobbelt (feat. Dayzon),Dedikeret,rap,Jamaika,168071
0oHSxbawtdWBH9N8SqCjfq,La Trompeta (feat. MellemFingaMuzik),La Trompeta (feat. MellemFingaMuzik),rap,Camur,169682
74UxMl2RwVslYvWd9cGmlL,Helt Stabil,Helt Stabil,rap,Fouli,155608
2xeiAqqHWYXQMWk6s2aQdw,Kærlighed (feat. Gilli & Kesi),A NIVEAU,rap,ATYPISK,173183
3LdRxPZLIouyXVFrJVLwg8,Sjakalina,Sjakalina,rap,Tessa,165294
21PXwOjWFh5XlwTia05t3p,Bonnie & Clyde (Carmon X Alrima),Bonnie & Clyde (Carmon X Alrima),rap,Carmon,171212
1KKayLqz1vq8jdyRiYSVyx,Flytilstand,Flytilstand,rap,Benny Jamz,147988
3oP9C6MAm8i4SvYB37GDto,Balenci,Balenci,rap,Larry 44,171598
6VW9gXYrQiTaWiR2Svql03,Jaloux (feat. ATYPISK),Jaloux (feat. ATYPISK),rap,Simsey,160617
5TKuvTO4jj4trnmMnqEpoJ,London Town,London Town,rap,Branco,173934
1tNuRv1Wcagp2f3FVcgknp,Sinaloa Stil,Sinaloa Stil,rap,Shooter Gang,158400
50ly1zllYjItP5APekmnuA,Udsigt,Udsigt,rap,ZK,165227
6aq0IJ1Ftp7PoJfPum2oMM,Lærte Hende Alt (feat. Lærke Emilie),A NIVEAU,rap,ATYPISK,164726
38PH0BX4W8T15k3ITRMmQM,Bandolero,Dedikeret,rap,Jamaika,120959
6WZHm21UPkvcmh5VLjhFZg,Ingenting At Sige (feat. NODE),Kiko,rap,Gilli,189226
4jyT77UqVTx5vbP6VYV46v,Prestige,Prestige,rap,Danni,150742
0qgqH6VqlkIXj45e5tTFCH,Verden Vender,Verden Vender,rap,Branco,181161
5B6QJikgE2fsGpR1BBkapc,Brandvarm,Brandvarm,rap,Josef Og Elias,161125
2plHsnfOSAKrXqOulEYPEn,Mafiosa,Samme Vej,rap,NODE,191534
4bgUQ9g4Wu2RFyRGV4lCwT,Øjne,MACS,rap,Marco Rahim,162843
45GshECNB7YmOu9yM8Y039,Balou,Balou,rap,Benny Jamz,129012
4Jh3p0TydgTJZ444pPhVvd,STANDARD,STANDARD,rap,I$WAAL,207429
53Z8vzEI2bbqpsSZ8dFSOt,Holdet (feat. NODE),Holdet (feat. NODE),rap,Jamaika,172641
6w4m3QzPmde3x96lVZFtso,Himalaya,Himalaya,rap,Larry 44,183560
7IlYDWKUtjuQ1xPf6KAzWc,Shopping (feat. Kesi & Stepz),1010,rap,Benny Jamz,214247
2He7ZIvNyBo188a6hvS0zT,Ben,Ben,rap,Tessa,176129
4qTzlVKdemz4egoePc5GsV,Monte Carlo,Monte Carlo,rap,Jimilian,146400
4cverjLJx5N3xMiG4Vla7u,Alle Dem,Alle Dem,rap,ICEKIID,163940
5TxcaqtknKAAdshjQCXfBG,Ra Ta Ta Ta (feat. Stepz),Samme Vej,rap,NODE,214055
5pktQTAcKamiILPjUZbCLs,Kawasaki,Dedikeret,rap,Jamaika,163904
1AwE3VLo6qlJ2xi1oS3BwE,"Endnu (feat. Gilli Benny Jamz & Branco)",STEPZOLOGI,rap,Stepz,212700
3LNDqfz94lY7uGifx8HQXt,Milano Step (Lamin X Artigeardit),Milano Step (Lamin X Artigeardit),rap,Lamin,175383
2zykitlpirl2soC7LwtWP3,Protokol,Protokol,rap,Jamaika,195012
1Adv24faBNfctHoOJYoJLX,Fra Gaden (feat. Benny Jamz),A NIVEAU,rap,ATYPISK,154795
6ZvA8Difc7oFBxfZXJ6JuT,BDK (feat. Gilli),888,rap,KESI,173879
3Dt3KBJAOwhU3PrfVPFRt1,Hvil I Fred (feat. Jamaika),Hvil I Fred (feat. Jamaika),rap,Xander,219872
34FrYXSm9WiGCn7mT1lVuE,BeBe,STEPZOLOGI,rap,Stepz,183073
4PocOpOXL2QJZmeGTV4mso,Ufødte,Ufødte,rap,Jamaika,209318
5RBWxz4ScAPF3jxCVhB6bh,På vej (feat. Simon Jul),Dit syge dyr,rap,Benjamin Hav,220378
7eXbrGTzY8wOtWnphDmF1t,Startede Sammen,Startede Sammen,rap,Gobs,162711
0atWq5Ua1ax7zMKDjSQEpg,Dag 1,Kiko,rap,Gilli,199518
2UKPAH82dhYC4bJgAGd1d7,MALDIVERNE (feat. KESI),TÅLMODIGHED,rap,Carmon,167540
4q9oCsG4anq2w5AVLAbjPX,Ka Ikk,Ka Ikk,rap,RH,170769
4TWa40ZGCUDhtxykpoWCcq,Hele Vejen (feat. Gilli),888,rap,KESI,205708
2Gb4mApBEJSEKq4HevgPmo,Gadesoldat,Gadesoldat,rap,Beko,177314
4zBQ3P1bEyCSoyxGqL0rzT,TÅLMODIGHED (feat. Stepz),TÅLMODIGHED (feat. Stepz),rap,Carmon,141644
0vhJulS8V02SDpBTY2XQjI,Gothersgade,Gothersgade,rap,Artigeardit,131717
5zPOENTeR2jmL8l3QSBdp4,Samme Vej,Samme Vej,rap,NODE,129374
7kcBLq8OZfn6cKE3Zgxle2,Cinderella,Cinderella,rap,ICEKIID,192578
2qL8iTJoj3uzrkJxYjgA3z,GØR VED MIG (feat. Sivas),TÅLMODIGHED,rap,Carmon,169513
2yd52fQjwKXLm6CiZzxO8q,Samurai (feat. Sivas),STEPZOLOGI,rap,Stepz,136309
5dKHAZhVD7aHRqD0l0YNXi,Psycho (feat. Artigeardit),Psycho (feat. Artigeardit),rap,Omar,195094
6MhfzzGpcBfSOSGveobKzS,Cassie (feat. Suspekt),Cassie (feat. Suspekt),rap,Xander,247089
5CxWsqMLQdUhjsJ4Y6Ml8E,G.F.P.,G.F.P.,rap,Marco Rahim,119707
0oU8abbfuFb4VPaN24ZxaN,Cara Mia (feat. Sivas & KESI),STEPZOLOGI,rap,Stepz,154930
1CPylrbel65jjZ2jcAuCH0,Dig,Spice up your life,rap,Benjamin Hav,177098
7xCKov7FR4JjlgukQGzfrW,Præg På Kortet,Præg På Kortet,rap,DON x LEE x BARBER,178250
1jqnsryYIlRHMymkt4EM8G,Ludo,Ludo,rap,Xabski,194633
6R3NpWbg7Zew8jCGA1Nc2q,Ghettostjerne (feat. ZK),Samme Vej,rap,NODE,196387
5AebNkVaY2zcdNFCqPBIV7,OCD (with Dwn2earth),OCD (with Dwn2earth),rap,Logic,291707
0t2wki0faiwqVkQ0oJ9EVO,Fun Up Here (feat. Logic),Keep Going,rap,Mike Posner,171107
36TO60sxDduIsO3xH8IcUh,Isis,Isis,rap,Joyner Lucas,236000
4EQSeRRJmk3h3HQ5KlkzVy,Confessions of a Dangerous Mind,Confessions of a Dangerous Mind,rap,Logic,283867
2MuMD298IpYqKF367wegUd,Homicide (feat. Eminem),Confessions of a Dangerous Mind,rap,Logic,245387
2CqMWqcHywYRvwzdw2Wh4P,Wannabe,Confessions of a Dangerous Mind,rap,Logic,78800
0XIsaklmegqPEdOr38DVEt,clickbait,Confessions of a Dangerous Mind,rap,Logic,157000
43IfdE75ficQgsI8QGBvwb,Mama/Show Love (feat. YBN Cordae),Confessions of a Dangerous Mind,rap,Logic,241307
3Z6O6zNyxqmqevwy5Dy4cs,Out Of Sight,Confessions of a Dangerous Mind,rap,Logic,137947
45uPKvMUFmObuDYka9AnKa,Pardon My Ego,Confessions of a Dangerous Mind,rap,Logic,173547
2SDFznsHkeFXiPFwN0npVM,COMMANDO (feat. G-Eazy),Confessions of a Dangerous Mind,rap,Logic,211933
5sCwso3aURYAdieWEFI1nE,Icy (feat. Gucci Mane),Confessions of a Dangerous Mind,rap,Logic,265267
0ZN72tCEgbwPXEtj6TPMxK,Still Ballin (feat. Wiz Khalifa),Confessions of a Dangerous Mind,rap,Logic,239987
6R59nB9CEaOqrRVxu7JAoR,Cocaine,Confessions of a Dangerous Mind,rap,Logic,174560
6uS8KevqrhUjVjFZfWxsTh,Limitless,Confessions of a Dangerous Mind,rap,Logic,244680
1JIgaRnqtzS7DuGM3hVZU9,Keanu Reeves,Confessions of a Dangerous Mind,rap,Logic,225933
3SoJfUu95PNVx1rmcXwGsL,Don't Be Afraid To Be Different (feat. Will Smith),Confessions of a Dangerous Mind,rap,Logic,167920
0fpzjL5pP2M8sWifmQqLZn,BOBBY (feat. My Dad),Confessions of a Dangerous Mind,rap,Logic,167827
2lef7yeg5qkPNt0ptulqfW,Lost In Translation,Confessions of a Dangerous Mind,rap,Logic,289720
5JDwLHI2YUkFSFSn4g5pGd,Can I Kick It,Supermarket (Soundtrack),rap,Logic,201547
17N5FdRwJuv3UXQ7MHnbhF,Ballin,Uncle Drew (Original Motion Picture Soundtrack),rap,Logic,166080
66urf1ZXFy4qVKdNqcdbaZ,Till The End,Under Pressure (Deluxe),rap,Logic,312360
5tz69p7tJuGPeMGwNTxYuV,1-800-273-8255,Everybody,rap,Logic,250173
2Egoo3acImq7hV6TfYV90E,Everybody Dies,YSIV,rap,Logic,250213
5ZcMWSpUeUPvO87FkSZbJB,The Return,YSIV,rap,Logic,252053
4CstQ0SUkl0YkoeZkIZlIx,100 Miles and Running (ft. Wale & John Lindahl),YSIV,rap,Logic,353453
1FmdAhS8FqRoEJ4jcSfuKZ,ICONIC (ft. Jaden Smith),YSIV,rap,Logic,298133
7rKKh8AGVXuNXgLBpTBTFH,One Day (ft. Ryan Tedder),YSIV,rap,Logic,198107
2zIAPysksDdMAiG33qH6kW,Ordinary Day (ft. Hailee Steinfeld),YSIV,rap,Logic,188400
7BKUWh5sdtdS17crohRe4L,Black SpiderMan,Everybody,rap,Logic,331267
3s3VVLE1kB7Xk2AoJKlGmr,Overnight,Bobby Tarantino II,rap,Logic,217560
3n3b5WNEohHP7Ou4ndBo6b,Pray,Pray,rap,Sam Smith,221760
1GtVGc1UYin3zpMUdNSSpM,Midnight,Bobby Tarantino II,rap,Logic,241427
7u90MSvVyEjL0c8icaE7jl,Contra,Bobby Tarantino II,rap,Logic,217147
4fZxGiES1FKbNqJPrI4L3s,BoomTrap Protocol,Bobby Tarantino II,rap,Logic,221360
0jqBo5RYn008f4ZY8kPewW,Indica Badu,Bobby Tarantino II,rap,Logic,260320
0D5CXSUx8GOCHSY8KWgi9h,Yuck,Bobby Tarantino II,rap,Logic,173693
2c8sgbZoEanC3QyFNZxUcA,Flexicution,Bobby Tarantino,rap,Logic,218947
4dASQiO1Eoo3RJvt74FtXB,"Sucker For Pain (with Wiz Khalifa Imagine Dragons Logic & Ty Dolla $ign feat. X Ambassadors)",Sucker For Pain (with Logic & Ty Dolla $ign feat. X Ambassadors),rap,Lil Wayne,243491
1Kp6WFxRzc0sRBmGSgIYat,Gang Related,Under Pressure (Deluxe),rap,Logic,167320
4s2BWgnSQ9NZiOQM4PP4HB,44 Bars,Bobby Tarantino,rap,Logic,182267
7cj7vEylXFN6Lfjj183A3f,Buried Alive,Under Pressure (Deluxe),rap,Logic,337747
6HN5XPJEV31RQJGoyqZ81K,Take It Back,Everybody,rap,Logic,400013
1py4qzrEEkOvU8uTHYLuOW,Super Mario World,Bobby Tarantino,rap,Logic,177680
4q6oNFTjZmJqkIgPdp8iR1,Lord Willin',The Incredible True Story,rap,Logic,208667
3lWCa9e0KhDghboM5L9C6d,Soul Food,Under Pressure (Deluxe),rap,Logic,292933
6bM3GKo47KVgvj3gHdWS0U,Like Woah,The Incredible True Story,rap,Logic,232693
7fRfIvHPH6bHdMDjPFwTMh,Hallelujah,Everybody,rap,Logic,448733
0KiKfllNTmhImvXVIHqR0z,Young Jesus,The Incredible True Story,rap,Logic,211573
39Q27NGvm812YC9PJkXTSi,Driving Ms Daisy,Under Pressure (Deluxe),rap,Logic,240587
1BTj47Up5m8601KOFrTvkj,I Am The Greatest,The Incredible True Story,rap,Logic,202920
6vKXDgJmquMzFSVBCH55Nc,Killing Spree,Everybody,rap,Logic,206613
7qT7NUDywO7vNJNTNxqWiN,Wrist,Bobby Tarantino,rap,Logic,205733
6XoAT50mgAcIDpYXRqWOnV,City Of Stars,The Incredible True Story,rap,Logic,376640
1JFx9R87En9oJOi4DRH1e9,Nikki,Under Pressure (Deluxe),rap,Logic,203507
4Mr73gFwZUeFnrfRov23we,Slave II,Bobby Tarantino,rap,Logic,196893
4QRWA5UqYU1st9aO0UfxOj,Fade Away,The Incredible True Story,rap,Logic,287400
2M71Inc9camxaIGtmQ6I87,"All of Me (feat. Logic ROZES)",Brighter Future,rap,Big Gigantic,228169
4dVJyyeCPEONr44NIrXvie,The Jam,Bobby Tarantino,rap,Logic,238400
4npTFQuKygDyXdExVLJ2de,Never Been,The Incredible True Story,rap,Logic,247133
4iq3zHwgHSxstFvYw4yIsQ,Run It,The Incredible True Story,rap,Logic,200800
2gOYY2glUc6XMTnzBG59I4,Stainless,The Incredible True Story,rap,Logic,199573
69lz9uKxidXD8RfSu9YQfL,Closing My Eyes,2 Whize,rap,Alrahim Wright III,118596
3hW39WV7Wwd3WkUwZai3FU,All In My Feelings,All In My Feelings,rap,OYABUN,152000
3h6mYkJFzfhioau4R8ogDG,Chicago,Polo Beats,rap,Cookin Soul,105495
3Wb82PC0bODgzwqdyD4sLv,Smokeloud,"Made in Germany: On the Radar Vol. 2",rap,Millennium Jazz Music,210126
5fxDE80ZPA32JXjZN87pQJ,Mental Fallout,Dosages,rap,Jorge Milliano,162936
3wJTCCMHtuOdDg4fJzkd0i,Vent,As We Age Under The Porch,rap,o k h o,164936
5nTywGPx2MJrzHD5w8Fgwc,Smokey Hue,In Between (Part.3),rap,TyLuv.,160040
19NbbdUbZjdbK3QJKd82Jc,Hard Times,Any Moment,rap,Young L3x,188903
06JpeGcBWieHXxewu6pTwr,Aisle Thots,Elevator Music,rap,Skipp Whitman,155563
2q7kLQFjeVWs6iIW3zwiTd,92 Baby,92 Baby,rap,W3alth,184220
2ioSQQmaMXZmbmOKdr7NOA,Ueno,Ueno,rap,Nathan Kawanishi,162482
6QOVWoZUD3IEszbfO46mYW,I Don't Love You Anymore,I Don't Love You Anymore,rap,Sarcastic Sounds,77600
48w0fBneyl1eF46Sslx3RO,"impossible weight (feat. yoh rou and jessie shire)",our chives vol.2,rap,four lore,135529
0dspBfwPVsZJWQF1JxFZz8,Cloudy Day,Cloudy Day,rap,the.lazyb,128063
4LsPasR5fbJBWWlDmKXaHv,One More Hit,One More Hit,rap,Weedthief,132750
2L3Is8ZtUJ48PIUJVO7Gvv,Money on Your Mind,Money on Your Mind,rap,Lucian,103059
6HV0Ae4Try72jXLWs7yMty,Meditation,Condiments,rap,Beat Dealer,122227
4ouacm3s2lAAMtyNKM2spS,Loungin' II,Loungin' II,rap,Epifania,103500
7nn3FDp3e8h2LlNE25nXfH,Out All Night,Out All Night,rap,Ray Ben Rue,152000
6Y9JFYyGCcD34RJ7gTMcQM,NIGHT OWL,Tape,rap,Psymun,226688
4koNfLLzUZNiBhLUEV1r6A,Troublous,Troublous,rap,Zambonini,137993
1HiRLOnSWKOjgTr79oxHjv,There It Is,Daybreaks,rap,Ol' Burger Beats,115560
5YNzJfDXOHXoVIXd0PBku9,Childish Dreams,Childish Dreams,rap,Misc.Inc,133953
2G0qRdTqqYQYgL01MZj6ck,The Real Deal,The Real Deal,rap,Hydrogenii,184119
5knGjzsCFJVQBrsCBa4ref,Caffeine,Caffeine,rap,Epifania,88000
2F3jl04D71yfDIGYwseKAs,nights,nights,rap,damaa.beats,147692
60KcpkEA2ChiYtHNLtOb1b,Japan Stuff,Japan Stuff,rap,Beaumont,84341
5Jimku0EJ6jd82efxMKfWn,Doin' It,Doin' It,rap,Deauxnuts,77982
5X1x7olCET1Kix9YjOMTkN,Wherewithal,Wherewithal,rap,Bokki,159017
4KwdTyM84QdRDJMhHmogcW,Solo for so Long,Solo for so Long,rap,It's Philip Marlon,173868
6KEOX0H9NMSK7qLH7a64Nc,MidStation,Immerse,rap,the.lazyb,116375
6Q3OlXKHhzkcWPbf3qGgQn,Echo Park,Echo Park,rap,Dontcry,88571
7rLueW1eSGQhAf9MruvO3d,That's Just Me,That's Just Me,rap,Ameba,90384
5qL0q7I7Cx4PmzjsErLTT2,Temple,Swimming,rap,SwuM,98352
1ayTeAKIDQ9ujBuD7bQkul,Deep Sleep,Deep Sleep,rap,DLJ,126761
3c8xULQwLwLKMEAp9T8l2o,.suede,junyii・dr!p,rap,junyii.,80713
6vtO73QIQgGMoAuvMY50u6,Infrarot,Infrarot / Kamel,rap,Phil Dee,125714
7fZMNGT0myegS7qaekSTh4,leaf,winter_bumps,rap,illiterate,107625
0ZAsC6ftHsSEUQoNbjyATV,Bummer,Horizons,rap,[ocean jams],159000
4zDX1RgD8QD4xiAQqIfdew,Koenji,Koenji,rap,Huey Daze,103669
5JuVNeCjIl3DJbnVf1oeGo,Sneakers,Sneakers,rap,Monma,149333
2uvypKIiMaRzH9NhWXMBSH,cold nights,cold nights,rap,itssvd,87420
6KykddnA5NxNkaip0LEpgG,Sandalwood,Sandalwood,rap,J. Roosevelt,168608
6NkGl2nBsVpQcxvXKg5dvq,Pixelated Memories,Pixelated Memories,rap,Pandrezz,107000
7M8TasYtN8n4q1rQLLZkZV,Burberry,Burberry,rap,Minthaze,120016
3YwmxsHVIYWfNcaM8RWfGm,Saké,Blooe,rap,Chalky,213699
2IyZHf11b0mmL3K3jYyqMM,Wonders of the Unknown,The Unknown,rap,Behind Clouds,140500
6SZPAffx8bjZw8klFDnhnk,No Lies,Dreams from the Shore,rap,Psalm Trees,128781
76bqpXdcQBtnQw6ByKQjvO,Withu,Beat Batch #3,rap,Blvk,104620
6PqQ8woEtNNvlUnHGtPgHX,A Trip to Tokyo,A Trip to Tokyo,rap,Linearwave,128000
2CSKDYplT7Jjdu0NGiX2ib,What a Day,Moods,rap,Goldenninjah,75416
3IgTG5T8Mv0a7wBvbc0iNv,Promises,Promises,rap,evän,124062
3oQ8b6m5S531gvqZV9wEOY,The Ceremony,Masters of the Lodge,rap,Bertholet,95525
2zdlHufpRwuVnyTTolms55,Sunday Afternoon,Imperfections,rap,Oatmello,90380
3ZcKtiMpMEPxviOZF2siZI,Hard'em,Hard'em,rap,the.lazyb,127170
0zaxkDILjyVecyd3Oz7cU7,Peace and Quiet,Peace and Quiet,rap,Laffey,119333
6suR5CukTxeaNORNX4aw03,what you doin',what you doin',rap,Masked Man,105366
7EufLb0I5xdMra7nwdz4ZF,Loungin',Loungin',rap,Epifania,160044
565G5uNsmYHxSBmN0mAJy2,Very,Very Crazy Times,rap,Bertholet,85257
7C3vTLxWEYBSDFsN6HHPth,Marvy,Marvy,rap,Nokiaa,145412
2XXvYN4zZdinxJMizuwKPB,Let Me Luv U,Key Milestone,rap,TiMT,124818
4dMkNnFOOMcdChtooPTvwt,In the Rain,True Story,rap,Huez,90000
1sEP52YF4wX2tgnSZ71yp8,Dreams,Dreams,rap,Bluedoom,74258
7EExHTWWXsZxhugGaGGh1O,Fondue,Untitled VIII,rap,Dweeb,68609
541HbfRw0PToKoEjdseZeD,Delight,Delight,rap,Dontcry,68571
2cMXvhXlXMHpQLW7UTTWUp,as time goes by,bad habits,rap,Kuranes,104348
5Lbb9qXQlYwsEDy9LBK7k0,Window Seat,Killing Time,rap,Chris Anderson,129730
55geWzr1b7v4xd8Gw6RCTo,Opiat,Opiat / Drown,rap,IOM,117361
5199wPUOgLF1guJAh1uyZ2,sanya,sanya,rap,luvwn,101647
5yVj39dpZ4jThGXf2mEhYI,fortune cookie,fortune cookie,rap,B0nds,107532
3NoA0UbucoXgIdD0ZnTgw0,Ladybug,Ladybug,rap,Slumberville,116418
5xWlUFdwEAOXnepPSutrPV,Dusty Snare,Dormancy,rap,damaa.beats,193608
3icBDBRl7DcA5ZjMkN5O0G,ocean.dance.,revelation.,rap,Fushou.,208193
3BuzwsAvyvQ16ppMnOqwCE,Is This It?,Is This It?,rap,Red the Chef,170833
0lTckeFgXaqfQRuQlRyNNP,Longing,Longing,rap,Axian,73186
5yWzJwzvU2wYds2v9AgSWS,rains,yellow hills,rap,sagun,111000
6iAv8cEBI5oXQikO2UgyHA,Arrivals,Departures & Arrivals,rap,Moo Latte,160000
6PmRRnk4fxt5KqfqNkPear,no heart,21,rap,Sleepy Bear,120000
5QUpIPfsfssgGBMP14dtzh,Long Ago,Seegarn / Long Ago,rap,Wun Two,89250
24U70C7AiAotiKdWAMv6TK,Days.,Lost Tape,rap,Green Assassin Dollar,124173
5JtqUa5cmxmqKL5Ua1vCOY,Vibes & Sh*t,Iwoak,rap,Waahiid,112750
4F404JhcrIdDzcEcoLDVE1,Spare Me,Spare Me,rap,Es-K,154667
3ZNHZBTpTCN8TFBtHIN7CJ,Nobody's Heart,Nobody's Heart,rap,Sergeant Jay,157021
6wkllclp0jRam4sJnChjkD,Fujiyama Lights,Shogetsu,rap,Mujo,100630
1pV6saCGZ0KoYCYGiOdX3q,Have You Met James?,Have You Met James?,rap,Casiio,84023
4CduCTp03yeKuNibmxhobL,Nobody.knows,Statera,rap,Brenky,109674
3im1Tx6McYkUQgqr2HkXc7,Nebula,Wake n' Bake Vol.2,rap,Soundspretty,112112
2QiTjFOgh3dtfQR2YoSoVv,solace,Solace,rap,Xfruge,69697
041OV5jS4mA4G7K6EldfzX,Whiskey,Phases,rap,VIK,89280
7D8pYXto5NeIm9Ti9ZiXs1,Arms Of Mine,Arms Of Mine,rap,CPRCRN,75103
0BjvqQdUUB2WzUncxxvIRh,entheogen,Departures,rap,Nohidea,108942
7dRYY8TZc1fu90dzkdgc1I,Stay Late,Stay Late,rap,the.lazyb,117969
1khvYlmSC5hhMCLlIsClBl,All Souled Out,Morning Jawns,rap,MFakka,167497
5szPcyUvZ5B2P4LnzFz2Au,Dutches,Chillhop Daydreams,rap,Clap Cotton,97625
305KjFU7yt6lpANEPvwSt9,Moonsign,Lunula,rap,Lungfulls,110573
7jAIpmgRUifDoOHDdBn3bB,santorini,Sands EP,rap,David Chief,68000
1Vru63B7jO19kZ3hakNtsO,Sands,Akemi,rap,goosetaf,82105
7b4ky1LlQLFhXHmhZkFgqV,Ladbroke Grove,AJ Tracey,rap,AJ Tracey,190537
0PowxVSTY2uh1CPc8EPKyX,Project Dreams,Project Dreams,rap,Marshmello,167898
55GiOwtxNajXVbpjjIzMnD,SWISH,SWISH,rap,Tyga,194936
4cplybBIoPdrvvH7lpJY1z,Again,Again,rap,Jaden,269840
0lstGz2advSx5VqY8olvzt,London,London,rap,AJ x Deno,228042
7fuSDngvlH3PJs3MbKVWNu,Sounds Of The Skeng,Sounds Of The Skeng,rap,Stormzy,214130
3DKCTIiJ97bS9TGiqcABjo,Thiago Silva,Thiago Silva,rap,Dave,201964
7amMgNDcObIDkIXv4xcvc2,Barking,Barking,rap,Ramz,202827
15nKLSvslk7jntDkxIdYmq,Both,Both,rap,Headie One,213587
4DmgUMnnCw27Tu5Jvqhm1n,What Do You Mean?,Ignorance is Bliss,rap,Skepta,211120
4WstRtdgYjwPvpCekgYAhs,Bang,B-Sides,rap,G-Eazy,193980
7iRn1W8QLad1RnzKkb4iQk,WCF,WCF,rap,Hil Holla,181680
4Yk9zRLPuTCdnrDVRwMKI6,Dippin' From The Cops,Scousematic 2,rap,Aystar,149706
0PXukVbYpvz40KcEFKnIw7,Don't Rush (feat. Headie One),Don't Rush (feat. Headie One),rap,Young T & Bugsey,207640
6gRbkI6s0M7zTE9uhRZUjV,Greaze Mode,Greaze Mode,rap,Skepta,168400
01IQ4aQgOf0Kkq3a273hmO,Funky Friday,Funky Friday,rap,Dave,182741
2B9wgj9XzbJZLty03PRbVo,Bezerk (feat. A$AP Ferg),Bezerk,rap,Big Sean,151067
6xp6EUAwQ9SGi09htjDDHU,Never Lack,Out of the Pan,rap,Splurgeboys,210451
0oVxGuRMnawFgA8aduocfc,Forever,Forever,rap,Tory Lanez,172245
0CLhMOVhX6TaPpugYkEsge,Never Lie (feat. Moneybagg Yo),Never Lie (feat. Moneybagg Yo),rap,Wiz Khalifa,213346
26K1cfRaFe9zIyHztwVdQf,Gangsta,Gangsta,rap,Smiler,162534
78XK5PDIKWiDKcgiLl1x0o,Still Disappointed,Still Disappointed,rap,Stormzy,165027
0kfp6rRddGkoyAhosSeZLS,Buss Down (feat. ZieZie),Buss Down (feat. ZieZie),rap,Aitch,211787
3rez7t0KrJuhx6HNAyFYWH,West Side,West Side,rap,The Game,170397
7J2DtwsxdoyrhgNV3Vzmos,MAYDAY (feat. Sheck Wes & Young Thug),MAYDAY (feat. Sheck Wes & Young Thug),rap,CHASE B,179533
5eowjdonKBB0sBT3gJpl0t,Floor Seats,Floor Seats,rap,A$AP Ferg,157611
4hLGvFqsCM5z3714dbEDVV,RUN,RUN,rap,Kardinal Offishall,234851
7mv4eldXEFbf3s3ZEfbmlC,Stripper Bowl,Stripper Bowl,rap,Migos,202747
3KIMdTgROcteSwwKwoK3Bs,Act a Fool,Act a Fool,rap,Rick Ross,288019
2gDwgvtJJDkRLzoks6BgSE,DIZZY,DIZZY,rap,KAS,219740
