3YBZIN3rekqsKxbJc9FZko,Paradise City,Appetite For Destruction,rock,Guns N' Roses,405640
5tqSUxm3Wpql0dlLMrIAp1,Shadow Of Your Love,Shadow Of Your Love,rock,Guns N' Roses,185573
0bVtevEgtDIeRjCJbK3Lmv,Welcome To The Jungle,Appetite For Destruction,rock,Guns N' Roses,272027
63HA3dpnOmdDcazJ9sDfrh,It's So Easy,Appetite For Destruction,rock,Guns N' Roses,201360
2vNw57KPaYDzkyPxXYUORX,Nightrain,Appetite For Destruction,rock,Guns N' Roses,266173
7o2CTH4ctstm8TNelqjb51,Sweet Child O' Mine,Appetite For Destruction,rock,Guns N' Roses,354520
5x6alRKb9sdCidGQz5luEd,Out Ta Get Me,Appetite For Destruction,rock,Guns N' Roses,263867
4DnEyHNO8MdhFYFrDq73BV,Mr. Brownstone,Appetite For Destruction,rock,Guns N' Roses,225707
2C4aYxNpoPkmoZ3ZdPeuOB,Knockin' On Heaven's Door,Use Your Illusion II (Explicit Version),rock,Guns N' Roses,336000
0ZEhlT9v8CdOKu55zhYGv9,Don't Cry (Original),Use Your Illusion I,rock,Guns N' Roses,284800
2dyfo7lqKI7NtSAhUZwnoJ,My Michelle,Appetite For Destruction,rock,Guns N' Roses,218667
267z5eJwlfiP5FZ3CklTtK,Think About You,Appetite For Destruction,rock,Guns N' Roses,231600
0GQuzKlkH0otZ01oMFzsSu,You're Crazy,Appetite For Destruction,rock,Guns N' Roses,197200
7iLeu3HnJt7hkxfrqO55V4,Anything Goes,Appetite For Destruction,rock,Guns N' Roses,206360
5j6WdDC183izbbjedKsSAe,Rocket Queen,Appetite For Destruction,rock,Guns N' Roses,375307
04MNKrAnzrHDUzuXAtNoLr,Live And Let Die,Use Your Illusion I,rock,Guns N' Roses,183973
09PTdECef2Uxix7ma0HCxs,You Could Be Mine,Use Your Illusion II (Explicit Version),rock,Guns N' Roses,343640
7D5n2kpYH2WSqIyEO9MeXf,Patience,G N' R Lies,rock,Guns N' Roses,354400
2uduMoxSNLkDBhyLS2JroT,Used To Love Her,G N' R Lies,rock,Guns N' Roses,191360
46AtSShP5IL2Ls3uHpxmt8,Double Talkin' Jive,Use Your Illusion I,rock,Guns N' Roses,202040
0EHzXpyi1swR8sMpbVHcLJ,Civil War,Use Your Illusion II (Explicit Version),rock,Guns N' Roses,462093
3qjLlHdGbwDQYKYldJp56p,Since I Don't Have You,The Spaghetti Incident?,rock,Guns N' Roses,261400
2PrmCyoClC4ulLJR42z74O,There Was A Time,Chinese Democracy,rock,Guns N' Roses,400693
3E5yOnpyHFerNmTVGn8ZXd,14 Years,Use Your Illusion II (Explicit Version),rock,Guns N' Roses,261373
0ivarc4umuzp5I3J7lPDJc,Attitude,The Spaghetti Incident?,rock,Guns N' Roses,87000
39WoLsd8lNAdmYLr7z5o5G,Ain't It Fun,The Spaghetti Incident?,rock,Guns N' Roses,305800
4BZdQn690mETPLKmNDhbGi,Don't Damn Me,Use Your Illusion I,rock,Guns N' Roses,318867
5dlAkAIEusU1FJcyaYMgVm,Chinese Democracy,Chinese Democracy (Version 1),rock,Guns N' Roses,283213
1416zt0Z35YVGt97dXMbxu,Right Next Door To Hell,Use Your Illusion I,rock,Guns N' Roses,182293
3kSsbFBOdaflBNNJkiG1ja,New Rose,The Spaghetti Incident?,rock,Guns N' Roses,158360
3nW5v0Htr1ySk8czTJIA2V,Better,Chinese Democracy,rock,Guns N' Roses,297227
4g9TfQAiEN6lDNRJJsiU9T,Sorry,Chinese Democracy,rock,Guns N' Roses,374187
6fx2QjZU1Pf5DsHXMdGt0W,Sympathy For The Devil,Greatest Hits,rock,Guns N' Roses,455560
0SvH3iaSrSb8zZnMCEis6C,Yesterdays,Use Your Illusion II (Explicit Version),rock,Guns N' Roses,196227
2foNAckCzsyD0HJUbmhTZJ,Raw Power,The Spaghetti Incident?,rock,Guns N' Roses,191827
2lWfuwRnN6aSk50TPx6eCk,If The World,Chinese Democracy (Version 1),rock,Guns N' Roses,293507
1kq4BX4zZHyr4O5cJGcduh,Hair Of The Dog,The Spaghetti Incident?,rock,Guns N' Roses,234907
2dsamqceYOKqLNx2Ch6Zhz,Black Leather,The Spaghetti Incident?,rock,Guns N' Roses,248493
638OrV0KtFGrxvLoAUvxCY,Shotgun Blues,Use Your Illusion II,rock,Guns N' Roses,203000
4vtXsXvSYaTfKQ0dJXbJGu,Dust N' Bones,Use Your Illusion I,rock,Guns N' Roses,298160
5bGxSfPQfAsC6sBcHT3aZs,Pretty Tied Up (The Perils Of Rock N' Roll Decadence),Use Your Illusion II,rock,Guns N' Roses,287907
2FEWcWHnDmGD6WSqpW4VYu,This I Love,Chinese Democracy,rock,Guns N' Roses,334373
1JIQmOrYNMohZ8oygnm9Bg,Move To The City - Live In Japan / 1992,Live Era '87-'93,rock,Guns N' Roses,475963
2da7wnI5OoV89TsdKMM81k,Knockin' On Heaven's Door - Live In London / 1992,Live Era '87-'93,rock,Guns N' Roses,447160
0yqcmfdOv3RuDXKaloCKxY,Sweet Child O' Mine - Live In Paris / 1992,Live Era '87-'93,rock,Guns N' Roses,445173
7xKNLe9qqIIEW3I83x4crd,Reckless Life (Original Demo Version),The Roots of Guns ‘n Roses,rock,Hollywood Rose,280195
7rdtBpPpe4knfd7aD98h9X,Take Me to Your Heart,Michael Learns To Rock,rock,Michael Learns To Rock,240640
44OKaUDVpDynn3LWNIwqMO,The Actor - 2014 Remastered Version,25,rock,Michael Learns To Rock,275000
65PbE3qfKElGTcweQMmbzf,Sleeping Child - 2014 Remastered Version,25,rock,Michael Learns To Rock,216000
6lxOK8iqm78PEN2bXcjSEK,25 Minutes - 2014 Remastered Version,25,rock,Michael Learns To Rock,264000
1v0lDRJHo9mptTxoGFCQ7Y,Complicated Heart - 2014 Remastered Version,25,rock,Michael Learns To Rock,267000
4N73fgEEennudER9hXnHOI,Out of the Blue - 2014 Remastered Version,25,rock,Michael Learns To Rock,241000
4qg1esFGKNCCRYGVVNrIin,That's Why (You Go Away) - 2014 Remastered Version,25,rock,Michael Learns To Rock,254000
5XI2EIihxzTlKLR4UUhedn,I'm Gonna Be Around - 2014 Remastered Version,25,rock,Michael Learns To Rock,262000
02AT1Z0nscuElXMWBEzEKu,Paint My Love - 2014 Remastered Version,25,rock,Michael Learns To Rock,231000
3FPiGFT19WRb4D0bZlw9PJ,You Took My Heart Away - 2014 Remastered Version,25,rock,Michael Learns To Rock,272000
7dQC53NiYOY9gKg3Qsu2Bs,All Out of Love,Lost in Love,rock,Air Supply,243000
36lkJSDyMEZoWTqtRj8Q8q,You're the Inspiration - 2006 Remaster,Chicago 17 (Expanded & Remastered),rock,Chicago,229240
7xUVverKyPPPAW3sDqXhfi,Truly Madly Deeply,Truly Madly Completely - The Best of Savage Garden,rock,Savage Garden,279400
40b31eggZB30hoqXhGm4qc,Band On The Run - Remastered 2010,Band On The Run (Standard),rock,Paul McCartney,313027
1chu8wc9zbNqTQ2ahROys1,My Sweet Lord,All Things Must Pass (Remastered),rock,George Harrison,281227
3D9iV6cYkYJRAPFO6DRKIE,Jealous Guy - Remastered 2010,Imagine,rock,John Lennon,257787
1hwN2eAwsXgktvw9Qe8TrP,Photograph,Ringo,rock,Ringo Starr,239760
4k9pqSKBHYdTGjzNeRyQ0o,How? - Remastered 2010,Imagine,rock,John Lennon,226280
70mg60zcy50n3NWrjWlyRY,Every Night - Remastered 2011,McCartney (Special Edition),rock,Paul McCartney,153413
67F9MFQj4YZG2i0V0HCMUs,Blow Away - 2004 Mix,George Harrison,rock,George Harrison,240680
42dQmgOPH74StNUDD1hgYf,Maybe I'm Amazed - Remastered 2011,McCartney (Special Edition),rock,Paul McCartney,229827
6r8cZQUc0zieslYpGuMmLj,Woman,Double Fantasy,rock,John Lennon,212933
13VWHWIIVckG3bHq6oduFJ,Jet - Remastered 2010,Band On The Run (Standard),rock,Paul McCartney,248360
3ntrdR24dLkKrzSGRv1FlH,Stand By Me - Remastered,Rock 'N' Roll,rock,John Lennon,211667
2YnZugg0pdEkAtSHR4dwFo,No-No Song,Goodnight Vienna,rock,Ringo Starr,154693
54CASntZ5zw4e9YiBX0zAT,Junk - Remastered 2011,McCartney (Special Edition),rock,Paul McCartney,115293
0SEmf7XdvzCmmEjtpZKIKl,Love - Remastered 2010,Plastic Ono Band,rock,John Lennon,202147
4nLuHzKM936R5IDgVwuDh7,The Back Seat Of My Car,Wingspan (UK Version),rock,Paul McCartney,268533
4K0IHrrajSNyuYCaJaiNH8,Watching The Wheels,Double Fantasy,rock,John Lennon,239933
3QmUhaY5KZiOuaUH8H71LG,Mind Games - Remastered 2010,Mind Games,rock,John Lennon,253267
2vbu6iSwyXGalSzaqLBiYH,Bluebird - Remastered 2010,Band On The Run (Standard),rock,Paul McCartney,203160
1f1QPwS422JMbg2aRW66bw,Beautiful Boy (Darling Boy),Double Fantasy,rock,John Lennon,245693
1zZdGnwXDLfVe8V2bclJQh,What Is Life,All Things Must Pass (Remastered),rock,George Harrison,264413
7kipZd4tWx6Mu8kBgB2Z2r,God - Remastered 2010,Plastic Ono Band,rock,John Lennon,252773
0SkpjIqhANcC2QQu8DIuwG,Listen To What The Man Said - Remastered 2014,Venus And Mars (Deluxe / Remastered),rock,Wings,240987
5CG4RXjli90Zd1KDalPqeK,Crippled Inside - Remastered 2010,Imagine,rock,John Lennon,232627
24IHwt3oO37js9tC48hWMr,You're Sixteen (You're Beautiful And You're Mine),Very Best Of,rock,Ringo Starr,169787
09fyn2OvOyE55zYnQnZbGY,Let Me Roll It - Remastered 2010,Band On The Run (Standard),rock,Paul McCartney,289813
1XT3v8CIGQ1pbbSOhv8sS4,Power To The People,Power To The People - The Hits,rock,John Lennon,202560
1ixeHnO23pDi2A0AWBWmKh,Another Day,Wingspan (UK Version),rock,Paul McCartney,221840
5phKqpI3sIyHPo53q2Rabh,If Not For You,All Things Must Pass (Remastered),rock,George Harrison,210720
7qkW1FftvUU5S2P1eNEBjr,(Just Like) Starting Over,Double Fantasy,rock,John Lennon,236547
37RqEET1SYQaAcHDxDQLZY,Let 'Em In - Remastered 2014,At The Speed Of Sound (Deluxe / Remastered),rock,Wings,311880
43Ud1IajwtBvw6ONj6aK2Q,Mother - Remastered 2010,Plastic Ono Band,rock,John Lennon,336307
41TcraLQnuKmJuJ13nNwSd,Helen Wheels,Wingspan (UK Version),rock,Paul McCartney,224840
1EYzr2S8PJmqUsRMkX3cSP,I Found Out - Remastered 2010,Plastic Ono Band,rock,John Lennon,218000
3dFfcTFKgz4zJTCiFUP5Wk,Uncle Albert/Admiral Halsey,Wingspan (UK Version),rock,Paul McCartney,289467
2ZbFPXkcaYPq3tu1mLJkjk,Instant Karma! (We All Shine On),Power To The People - The Hits,rock,John Lennon,201320
7ewtBCQfNha1hzKCubsufW,Not Guilty - 2004 Mix,George Harrison,rock,George Harrison,214933
22TOCwH0z9Mcwoa1tfQbro,Heart Of The Country,Wingspan (UK Version),rock,Paul McCartney,143827
1RX0sGFlP6GYbpJhyNDzKz,Oh Yoko! - Remastered 2010,Gimme Some Truth,rock,John Lennon,257933
24brHv25QrIxV6MtdCKDiL,Mull Of Kintyre,Wingspan (UK Version),rock,Wings,284507
0szKeS5WTmnMzFIgJCQllo,It Don't Come Easy,Very Best Of,rock,Ringo Starr,181880
5wO14EzcJEdnaDRmI35PEP,Grow Old With Me,Gimme Some Truth,rock,John Lennon,199040
3uiMBldZ07pW0ySHDX5gzE,Silly Love Songs - Remastered 2014,At The Speed Of Sound (Deluxe / Remastered),rock,Wings,354240
4kjrHvBGgrRx1X14sK6pnb,Real Love - Anthology 2 Version,Anthology 2,rock,The Beatles,234053
6f48rqjb5C1sEQ4KutBI47,My Love,Wingspan (UK Version),rock,Paul McCartney,248000
0gDyuX5rdHulQTUyrIdSR1,Oh My Love - Remastered 2010,Imagine,rock,John Lennon,168107
5zgzuSn1nRgZX656hWdAI4,Give Me Love (Give Me Peace On Earth) - 2009 Digital Remaster,Let It Roll - Songs Of George Harrison,rock,George Harrison,215267
0Fe8UbYzUVBlW60IlcYpHE,Pipes Of Peace - Remastered 2015,Pipes Of Peace (Deluxe Edition),rock,Paul McCartney,235840
2xp6qbrEd1TAw98MCdOcsU,Imagine - Remastered,Gimme Some Truth,rock,John Lennon,183973
5MurSc4fn80xQPhmCjTRTE,Here Today - Remixed 2015,Tug Of War (Deluxe Edition),rock,Paul McCartney,148853
5n2dJROsTksXOXKwLIpEnx,All Things Must Pass - 2009 Digital Remaster,Let It Roll - Songs Of George Harrison,rock,George Harrison,226920
78bOURRHOm19pTFIh0yuEN,And I Love Her - Live On MTV Unplugged,Unplugged - The Official Bootleg,rock,Paul McCartney,256933
51w6nRCU68klqNfYaaVP2j,"Hi How're You Doin'?",Dreams Come True,rock,DREAMS COME TRUE,4000
6ceje6UKhygjO1U1TYvv5P,Sweet Love,THE BEST SONGS OF JUNKO OHASHI,rock,Junko Ohashi,289333
2jsbLRAHKu0FCZcbySednM,Futari No Natsu Monogatari Never Ending Summer,Another Summer,rock,オメガトライブ,238467
1pZ6n8YzDy1NDjopqJyFYo,Sweet Dancer,"Japanese Boogie & Disco Vol. 2",rock,Mr Absolutt,301091
7H5Lvcs6XoLVrde3bZfUry,LOVE IN THE FIRST DEGREE ~悪いあなた~ (Remastered 2013),At Heel Diamonds (Remastered 2013),rock,Wink,241707
4Z4zFrdGLhkXXJj6nOcpoQ,Brilliant White,Shizuka Kudo Original Album Collection,rock,Shizuka Kudo,314920
0DCzMvkONMvWDiOtVzyRUX,Dear Breeze,Another Summer,rock,オメガトライブ,241360
6aYRLFKPuIt399nJdro93G,Scramble Cross,Another Summer,rock,オメガトライブ,269067
38LrhW3eQSt3cK88dkvl5e,Misty Night Cruising,NEVER ENDING SUMMER,rock,Kiyotaka Sugiyama,267893
5KhICfI5WQDmdEArnSImOL,Eastern Railroad,NEVER ENDING SUMMER,rock,オメガトライブ,231000
2P3VCrDzYC9XzS7Bwu5dN3,Never Ending Summer I,NEVER ENDING SUMMER,rock,オメガトライブ,337493
2aLbP76Cm8mFduDuntRit2,Never Ending Summer II,NEVER ENDING SUMMER,rock,オメガトライブ,207773
6UF638eAEk8I2gfZGw7Txn,Never Ending Summer III,NEVER ENDING SUMMER,rock,オメガトライブ,211293
5FEBPCGuAs6ESyb9Mw7qIO,Asphalt Lady,River's Island,rock,オメガトライブ,311907
6PwbCWiHXgYuN9NZl6Tkn7,Do It Again,River's Island,rock,オメガトライブ,275000
4RvJ5sXFvWt8n9HHt7yBRD,Summer Suspicion,AQUA CITY,rock,オメガトライブ,274160
0XdwNwmKWdMmSWdsxt8rFS,Paddling To You,AQUA CITY,rock,オメガトライブ,199440
5Apf3vHBoTfRBTRhrndVXO,Midnight Down Town,AQUA CITY,rock,オメガトライブ,305733
3dp70eMLPsq41O60QnJcsn,Light Morning,AQUA CITY,rock,オメガトライブ,264267
4lL4xJcnGCLl7JbW3nSP26,Umikaze Tsushin (海風通信),AQUA CITY,rock,オメガトライブ,279733
7jP9Pn6IroUryPoKlamiMz,Transit In Summer,AQUA CITY,rock,オメガトライブ,258893
4igVZAgZAqgPJFJd25p09I,Trade Wind,AQUA CITY,rock,オメガトライブ,346933
3a5eLAeyZQfniimaVZBDRz,Sexy Halation,AQUA CITY,rock,Kiyotaka Sugiyama,273133
6vFsxu9TUJJVWzMtualgyT,ROLLING MEMORIES,SINGLE'S HISTORY,rock,Kiyotaka Sugiyama,238373
42YGM6GMUbTeIDu0JXtpry,RIVERSIDE HOTEL,SINGLE'S HISTORY,rock,Kiyotaka Sugiyama,277573
5fO2fgZVjB1ZnA8X2gU75F,FAREWELL CALL,SINGLE'S HISTORY,rock,Kiyotaka Sugiyama,274600
5QVIt5N6Rg7fJHrwUt55Zo,ガラスのPALM TREE,First Finale,rock,オメガトライブ,271600
30wNRf3NQ1PpJiZ2lzleeB,夕凪通信,First Finale,rock,オメガトライブ,277293
4GFOE4FOXH395LTx1Dc6DG,November Blue,First Finale,rock,オメガトライブ,273467
72ZeHD0lrIIBDlaZefI4bf,Remember the Brightness,First Finale,rock,オメガトライブ,271773
3Drz2lTW7fHczqAoJ3dPWJ,霧のDOWN TOWN,First Finale,rock,オメガトライブ,297093
1O3Ju5VOQqYeO1qtHXf5bN,survival dAnce 〜no no cry more〜,WORKS -THE BEST OF TRF-,rock,TRF,302700
3e78YrVoW5M3D6NdGqCIcZ,Private Beach,Special Night,rock,Cosmic Cycler,141442
5HiP7QX910Rql8nM89Mpl8,Platonic Dancer,First Finale,rock,オメガトライブ,298733
6WDywA01HXByEC07ZEKt6T,二度目のイヴ,First Finale,rock,オメガトライブ,295200
7rxrTyHE6wCoWEThKZ4ltj,君はIN the RAIN,First Finale,rock,オメガトライブ,273467
0ZNFoXjeI3yDbXI4THHbzl,First Finale,First Finale,rock,オメガトライブ,288667
2LPuAf3r9zGrHwoxksaRhJ,KIMI NO HEART WA MARINE BLUE,SINGLE'S HISTORY,rock,Kiyotaka Sugiyama,293560
3x2Vsy7q5bHgEPCbtPYKd8,FUTARI NO NATSU MONOGATARI -NEVER ENDING SUMMER-,SINGLE'S HISTORY,rock,Kiyotaka Sugiyama,238400
51Rzl0NM0JDcGa21IA8hDc,JOANNA,SINGLE'S HISTORY,rock,Kiyotaka Sugiyama,279427
36TvWO91cTW7IdDaKZtuCQ,SILENCE GA IPPAI,SINGLE'S HISTORY,rock,Kiyotaka Sugiyama,284400
0h5LK5DWEDQoTYemtRGMzA,ASPHALT LADY,SINGLE'S HISTORY,rock,Kiyotaka Sugiyama,239067
3JzfUGNaBr4KyZwadF2zBQ,AI O MAKIMODOSHITE,SINGLE'S HISTORY,rock,Kiyotaka Sugiyama,248333
0iF7lmuEm71kVoqELFUqtJ,Route 134,Another Summer,rock,オメガトライブ,326733
7ChIxgQeXA4jxAS0DE7b7o,Toi Hitomi,Another Summer,rock,オメガトライブ,279240
57K5A7o09IOVm4zeMXrARo,Mayonaka No Screen Board,Another Summer,rock,オメガトライブ,273933
70kYUoJbY7GMih4542i7mV,Ai No Shinkiro,Another Summer,rock,オメガトライブ,219733
0BnZQnXONdXE0YoAPtHcrt,The End of the River,Another Summer,rock,オメガトライブ,308533
1OTI9UsJFPUixcVr8r9uaG,Twilight Bay City,NEVER ENDING SUMMER,rock,オメガトライブ,251707
1Hfjy5mfIUsBLBBf4eqBnO,Riverside Hotel,NEVER ENDING SUMMER,rock,オメガトライブ,277360
75Eyxd1VgJKKIqMILFQ8mL,Stay the Night Forever,NEVER ENDING SUMMER,rock,オメガトライブ,309107
1j4OXmXNhQRVtC53cSEtan,Never Ending Summer IV ~Prolog,NEVER ENDING SUMMER,rock,オメガトライブ,331933
22p7tgi6cFVBaH7vAbgcUY,River's Island,River's Island,rock,Kiyotaka Sugiyama,278160
3n1DqizISmjSPzVmwkkzUv,Saturday's Generation,River's Island,rock,オメガトライブ,282427
2QIxieRCegkCSS2nDsBFRG,君のハートはマリンブルー,River's Island,rock,オメガトライブ,294907
4RbdImUyfncUx7Jc7m0K9c,最後のナイト・フライト,River's Island,rock,オメガトライブ,275493
1Ijr9ESO1G5gqupDotJiVU,Because,River's Island,rock,オメガトライブ,257507
6YvIfawv3lpWKbezzrdFz2,Rainy Harbor Light,River's Island,rock,オメガトライブ,252267
0YmlzdaM792n2RWVcJvR2c,Silent Romance,River's Island,rock,オメガトライブ,295400
2UDic0ZlCZjpDEMKLmxZGz,Alone Again,AQUA CITY,rock,オメガトライブ,308373
34xTjg4EHoL2Hmyqirtkcg,My Only SUNSHINE,My Only SUNSHINE,rock,Junk Fujiyama,286121
5LXQeJX8ZGS7Q5ZZ3vtGF7,Wanna Kiss,Ritual Chants,rock,Hitomi Tohyama,270560
48rznQklzZQNqoeLZjsOod,Still In Love,...From The Archive compiled by Volcov,rock,Shuya Okino,490601
0MoB0WyFkyRFAn1CWpcvCo,Celebration,THE BEST SONGS of JUNKO OHASHI,rock,Junko Ohashi,275093
6syPPxFX5QgjxHARzThygJ,貴方しか見えない,THE BEST SONGS of JUNKO OHASHI,rock,Junko Ohashi,292240
4twOuEvYNHNUc9dHUqhhUY,恋に溺れて -Crazy About You-,THE BEST SONGS of JUNKO OHASHI,rock,Junko Ohashi,329400
1f76rJMP93OCXuDn3lzq0S,男と女,THE BEST SONGS of JUNKO OHASHI,rock,Junko Ohashi,287333
4ygxtBx1enlvCscjiQPGR3,Asayake,Asian Dreamer,rock,CASIOPEA,297867
7tBXeBQumGSr1PWlntLBBU,Space Road,Asian Dreamer,rock,CASIOPEA,349533
2cj1lEpsMWrr1lBxXUZX4R,Midnight Rendezvous,Asian Dreamer,rock,CASIOPEA,279440
604YDMoWJXE4xXYnlMjm6R,Domino Line,Asian Dreamer,rock,CASIOPEA,285827
1OzKA2Fs1llRS5l59K1QrH,Hoshizora,Asian Dreamer,rock,CASIOPEA,253227
5WoSLxk3XGNjmXNI7pW43f,Black Joke,Asian Dreamer,rock,CASIOPEA,232440
0Re9GDvERhJTp8GIM3LLdN,Eyes of the Mind,Asian Dreamer,rock,CASIOPEA,325933
2AgIKMLI9Q6Jc6NhDnciDb,North Sea,Asian Dreamer,rock,CASIOPEA,194067
6vtY62O64CdRyvAgddheU9,Misty Lady,Asian Dreamer,rock,CASIOPEA,265867
2SDAuEi5GkK4qkB0yW7LfR,The Soundgraphy,Asian Dreamer,rock,CASIOPEA,228507
48cCTQyU0wkJrHcQMiIXsi,Looking Up,Asian Dreamer,rock,CASIOPEA,268040
6nQsRIuMfd5o0rJGE5kDKp,Conjunction,Asian Dreamer,rock,CASIOPEA,172160
7MbjEnJbjyMp7KHxbpklO1,Take Me,Asian Dreamer,rock,CASIOPEA,294467
4V4mhOnXDBTgx6grdLUWHe,Down up Beat,Asian Dreamer,rock,CASIOPEA,249973
1rPi81ZEuzjvINM8cvNNjl,The Continental Way,Asian Dreamer,rock,CASIOPEA,293733
1PLxCD183hiMW2ajB5givF,Coast to Coast,Asian Dreamer,rock,CASIOPEA,282667
32Te40UQyEMvCrVlw19d7q,Twilight Solitude,Asian Dreamer,rock,CASIOPEA,264227
0EelMuZQ6bXJ2eLVPZUIxy,Swear,Asian Dreamer,rock,CASIOPEA,299627
59DbihqLQR5UXjYYyFgzYg,Galactic Funk,Asian Dreamer,rock,CASIOPEA,326240
0xPOfvI0CIsuHF3aNmczdK,Asian Dreamer,Asian Dreamer,rock,CASIOPEA,213227
5n8hNpNG28hR5x9E3A3DD0,Mystic Island,Paradise,rock,T-SQUARE,362720
6IbF8SQdFWJxTreZOAhwIy,Vivid,Paradise,rock,T-SQUARE,265347
32BkqRIuuTGWIvoyz5BK6A,Paradise,Paradise,rock,T-SQUARE,274773
7q562HBNUCrrudG8YPPEm8,Through the Thunderhead,Paradise,rock,T-SQUARE,411613
6EQObUawF65Q1uooP02raT,Kanojo to Mugiwaraboushi,Paradise,rock,T-SQUARE,346600
5k7SekU9GZjOAcCYc1VEtz,Knock Me Out,Paradise,rock,T-SQUARE,264307
08AVrER4Kh0Q9ORinSK3SQ,Night Cruise,Paradise,rock,T-SQUARE,349520
51pvjqS1XmaObmjovRnHiL,Natsu No Owari,Paradise,rock,T-SQUARE,308867
6h3NfvlWed8jwv1xECzQE4,Crush,Primetime,rock,Beckett,226647
7IXa9vNBLDwqXnZ6gG7h0r,Tourist In Paradise,Modern Jazz,rock,The Rippingtons,341093
1UMTkDVCP1Osrt9BLj12go,Miss Macross,CHAM!,rock,Macross 82-99,149062
0By2MaUgmvhMTzSUebM8Kk,Moonlight Densetsu,3XL Manga i Anime,rock,Super3,172400
36la4AQp7vTlCRNyC5NLry,Cha La Head Chala,3XL Manga i Anime,rock,Super3,197240
58brvcrp3VivwIxRR8gT6Y,All Over Now,In the End,rock,The Cranberries,256387
6ZoJ8bgGyCuGQ8shhKGkeg,Lost,In the End,rock,The Cranberries,239947
2TK3tO5QKbs4Tsd2pNqr2x,Wake Me When It's Over,In the End,rock,The Cranberries,251587
6z11fdXJnPit4DEhdFHBOm,A Place I Know,In the End,rock,The Cranberries,266467
4kvXiS91TvzXLlxF7Bl9zT,Catch Me If You Can,In the End,rock,The Cranberries,278240
6jljsFw0Hypb56SgaJSSSg,Got It,In the End,rock,The Cranberries,242320
1Q3BsTZ2YrH4zooshxyhmL,Illusion,In the End,rock,The Cranberries,247453
1WwAVSB0J8faKs2UWRDVjf,Crazy Heart,In the End,rock,The Cranberries,205480
0KtJ0y5Q2xS9UAjucbkcH2,Summer Song,In the End,rock,The Cranberries,214400
5uMHnkSFTkYV764nfjoGKM,The Pressure,In the End,rock,The Cranberries,201760
1faolBLC36cigtao56kZHM,In the End,In the End,rock,The Cranberries,176880
1fPDldWK8SRdIjGPXrDqZT,Ridiculous Thoughts,No Need To Argue,rock,The Cranberries,271867
3EXrtClWmgsM7dw75Mw2M1,When You're Gone,To The Faithful Departed,rock,The Cranberries,296200
3J58Ccc5iTbCRnYx2xjo6d,Animal Instinct,Bury The Hatchet,rock,The Cranberries,211067
1AWXiUQjoQfcmqaBEtaOoL,Ode To My Family,No Need To Argue,rock,The Cranberries,270707
2IZZqH4K02UIYg5EohpNHF,Zombie,No Need To Argue,rock,The Cranberries,306427
0f0k0OJ9VbaLHX4J1t2qUy,Just My Imagination,Bury The Hatchet,rock,The Cranberries,221293
42e1QfTyPYWuoddr0ghc0i,Free To Decide,To The Faithful Departed,rock,The Cranberries,265067
15Trb1S2FDZSMLDzWfnlbg,Promises,Bury The Hatchet,rock,The Cranberries,327573
4wUAQIiwXE4i1jPFWvz9zf,I Can't Be With You,No Need To Argue,rock,The Cranberries,187827
2Uovs7m5wttaD4qkr8vrzo,Twenty One,No Need To Argue,rock,The Cranberries,187907
1ayRJ4dlr48VJ3FK6uPq2i,Salvation,To The Faithful Departed,rock,The Cranberries,142907
45ipml9tB0PVrLFAJegcWE,Dreaming My Dreams,No Need To Argue,rock,The Cranberries,216333
38RI4pQFGNyWFVnhogStzH,Analyse,Wake Up And Smell The Coffee,rock,The Cranberries,250040
6jEcFhllWB0clBHFylomJZ,You And Me,Bury The Hatchet,rock,The Cranberries,215533
44qXe4KIx8bu9eLtTV1BB8,Empty,No Need To Argue,rock,The Cranberries,206173
3g1iyXOgxuPm9zkzqpDOeT,Yeats' Grave,No Need To Argue,rock,The Cranberries,179573
3N6V8ppRNlbAhqwFzlGgHP,Everything I Said,No Need To Argue,rock,The Cranberries,232760
1ODEng2FFlNltR6S949ynx,No Need To Argue,No Need To Argue,rock,The Cranberries,174667
5nYZAg64b6sEpukTSuuSUZ,Daffodil Lament,No Need To Argue,rock,The Cranberries,368027
2uFBqk6flKDuXiaWt0vV68,Hollywood,To The Faithful Departed,rock,The Cranberries,307333
4azFYRLO5CCUXl7DSpluma,This Is The Day,Wake Up And Smell The Coffee,rock,The Cranberries,255000
0YK7uBYSa7ereS84nm9ElY,Disappointment,No Need To Argue,rock,The Cranberries,254733
5RApJB3xWzniVnHtQDAaCP,The Icicle Melts,No Need To Argue,rock,The Cranberries,174000
7Lyl8T6UVffsrp0gx7HzgW,Linger - Acoustic Version,Linger (Acoustic Version),rock,The Cranberries,295867
1aZLIbKEdsyqxyD6iNcrbA,Pour Some Sugar On Me,Hysteria,rock,Def Leppard,267307
18URo35acNKRTHfEdjTcGn,Photograph,Pyromania,rock,Def Leppard,247962
4qWizh4UB8BuSypZ3T1zAz,Love Bites,Hysteria,rock,Def Leppard,346960
11C6xtJLOaKqqMrl9hQwQ0,Let's Get Rocked,Adrenalize,rock,Def Leppard,295957
54JsCk6p4v9nka5elPcRcM,Two Steps Behind - Electric Version,Retro Active,rock,Def Leppard,270602
4qjscZh4jfhkpcQG4ZQfi2,Animal,Hysteria,rock,Def Leppard,244560
7dRhHLtfdZaIrlQAJEUZuz,Heaven Is,Adrenalize,rock,Def Leppard,213848
0RVeadY2MbHz4Pe4MreLNw,Rocket,Hysteria,rock,Def Leppard,396823
1PUCeAtLlyLCSeoBkfb9my,Action - Revised Version,Retro Active,rock,Def Leppard,220461
4A2K78HeRoJAnhiHpCaSH8,Make Love Like A Man,Adrenalize,rock,Def Leppard,255624
3ybF6Iaia01EbXg5VmxPcb,Armageddon It,Hysteria,rock,Def Leppard,322867
4OYSOVUNixTBGRjcIKpne1,Have You Ever Needed Someone So Bad,Adrenalize,rock,Def Leppard,324027
4eXGF4fOubY0IhWieQ0OoF,Rock Of Ages,Pyromania,rock,Def Leppard,247829
2PFIZFcGry0po3ZfRZkzKc,Hysteria,Hysteria,rock,Def Leppard,354636
7iEVmnzJr1V7duYKPWplzp,Bringin' On The Heartbreak,High 'N' Dry,rock,Def Leppard,273733
1wv8bYmoqY3TAKKQY3Qn7t,Foolin',Pyromania,rock,Def Leppard,274118
5XsMz0YfEaHZE0MTb1aujs,Wake Me Up Before You Go-Go,Make It Big,rock,Wham!,230693
26vKwxgkbm2jcKyjvmScPK,I Feel for You,Rhino Hi-Five: Chaka Khan,rock,Chaka Khan,343400
5WwqdeavrQrbeAMDxGawse,Can't Fight This Feeling,Wheels Are Turnin',rock,REO Speedwagon,294773
1A2PWRltFrX8iB8IP3CUgo,St. Elmos Fire (Man in Motion),St. Elmo's Fire - Music From The Original Motion Picture Soundtrack,rock,John Parr,251800
1lx8ddGT5wCD6W2xmLeRKG,Saving All My Love for You,Whitney Houston,rock,Whitney Houston,238467
0GIOPJKTSxagq3rq07Ch3U,Heaven,Reckless,rock,Bryan Adams,243667
3g3PQ6TTd6Dnb4zt2d8B9S,Everything She Wants,Make It Big,rock,Wham!,302373
6uPnJMpmcYw9f8oyQZP4XD,Cool It Now - Single Version,The Best Of New Edition 20th Century Masters The Millennium Collection,rock,New Edition,249600
2lNm3PtNIj5DDZa96edje6,Miami Vice Theme,Escape From Television,rock,Jan Hammer,147600
5PM96PMKMfD1lLX2lryUsG,Oh Sheila,Ready For The World,rock,Ready For The World,240093
0VMGij4wSGBM5pSTcqjxeD,Sea of Love - 2006 Remaster,"The Honeydrippers Vol. 1 [Expanded]",rock,The Honeydrippers,183880
41th2RVnBYzhP4EQse7jAC,Neutron Dance,Collections,rock,The Pointer Sisters,253227
23IK8TF2MSiLnuEjaYPfVV,Nightshift,Nightshift,rock,Commodores,306560
0t6DdFmFQhQYWhmfa5FJer,You Give Good Love,Whitney Houston,rock,Whitney Houston,277240
10b7RJ4vWHQFxpTikfsf6A,The Search Is Over,The Best Of Survivor,rock,Survivor,253187
2LfPYFstoasEmLDNK9geH0,Obsession,Obsession,rock,Animotion,337227
090rX2ouW974AT3dFCxJpc,"Axel F - From ""Beverly Hills Cop"" Soundtrack",Totally '80s For Kids,rock,Harold Faltermeyer,180373
4rOuAGIlNReuhNunv0eZUp,Smooth Operator - Remastered,The Ultimate Collection,rock,Sade,256147
3i749PIamGcEauiV4s1ZN4,In My House,Motown: The Complete No. 1's,rock,Mary Jane Girls,236840
5BugaNbZM9Lc7qUtd5FDir,Run To You,Reckless,rock,Bryan Adams,233467
2fnuoul0x4g8ZYkAYNgAgZ,Glory Days,Born In The U.S.A.,rock,Bruce Springsteen,259267
5vuWELDzHEtD5K7yADIBpz,Voices Carry,Voices Carry,rock,'Til Tuesday,260600
1lJZSsMoWEbrgaY6CxPMf8,Would I Lie to You? - Remastered Version,Be Yourself Tonight,rock,Eurythmics,268240
4ybDW0xfRBCPwsjwFOUzZW,No More Lonely Nights,Wingspan,rock,Paul McCartney,287693
6BtlcfCWVBUEZwFaNJ0QMO,I Can't Hold Back,The Best Of Survivor,rock,Survivor,238347
4FwiCTQiiopyzLJ14cGCsW,Too Late For Goodbyes,This Is... 1984,rock,Julian Lennon,210840
3r7wIvLStJVlbTZsibIL2t,Valotte,Valotte,rock,Julian Lennon,254507
5fSVerSB7TpXkUF9BxTUcP,Some Like It Hot - 2005 Remaster,The Power Station,rock,The Power Station,305467
4sr4NdrPfds9Qfors9UkiO,Solid,Solid,rock,Ashford & Simpson,312000
4bSWx86yHmy6OOMsQPU60F,I'm On Fire,Born In The U.S.A.,rock,Bruce Springsteen,154267
7JmsQwxDlC89imxewJcnHO,What About Love?,Heart,rock,Heart,221107
4H3vuLX59XPqdtTpIesGyS,California Girls,Crazy From The Heat,rock,David Lee Roth,171456
6FSTE58Y4IDxTj8vbfHQc6,Do What You Do,Jermaine Jackson,rock,Jermaine Jackson,287000
7aHRctaQ7vjxVTVmY8OhAA,We Built This City,Knee Deep In The Hoopla,rock,Starship,296080
1cOj24fUMnBSXhtp7waHVW,That's What Friends Are For,Greatest Hits 1979-1990,rock,Dionne Warwick,256467
5lQyKTM5MZsrObdRbIjJv4,On My Own,20th Century Masters: The Millennium Collection: Best Of Patti LaBelle,rock,Patti LaBelle,291627
63nVsCAdxu9OdeRhe58wiE,Broken Wings,Welcome To The Real World,rock,Mr. Mister,345840
5tdKaKLnC4SgtDZ6RlWeal,How Will I Know,Whitney Houston,rock,Whitney Houston,275533
6N5DRCQUSXT1qQqmqsO92B,Party All the Time,How Could It Be,rock,Eddie Murphy,253293
2avaSeKHI5l4sLruVfLdi2,"Burning Heart - From ""Rocky IV"" Soundtrack",Rocky IV,rock,Survivor,230720
5BXj1QDRU77J1ngVavG1tI,Kyrie - Single Version,The Best of Mr. Mister,rock,Mr. Mister,256960
6yJxCltgtmGxIgKOS6ndnu,Greatest Love of All,Whitney Houston,rock,Whitney Houston,291400
19u5G7pWq3Nj6lQiP4W4Hp,Friends And Lovers (feat. Gloria Loring),Carl Anderson,rock,Carl Anderson,226560
1eyq8cjUQ2daFthW2PC2GM,Glory of Love,Solitude / Solitaire,rock,Peter Cetera,258120
2phcupbmqItBvC3OnsHQLF,Alive And Kicking - 2002 Digital Remaster,Once Upon A Time,rock,Simple Minds,326120
4Jg1nU6FYvCWkqFw8Kr4bO,Never,Heart,rock,Heart,246400
1vhNjOtmfgoGy4J6ijCUSS,Higher Love - Full Album Version,Back In The High Life,rock,Steve Winwood,351507
6V775dYuMO5BKjo9C3nhqL,Sara,Best of Starship,rock,Starship,285942
537yo062QIz16oQOgxmul3,Human,Crash,rock,The Human League,265320
044fQJmT2fZUYcA3BnaOL2,I Can't Wait,Son Of Rambow (Music From The Motion Picture),rock,Nu Shooz,220386
1hZJcuz9iMoz6tLkFlIaUy,Take My Breath Away,Take My Breath Away,rock,Berlin,264213
1Hs3XZxhdpHrOyiZBB4kEK,Rock Me Amadeus,Falco III,rock,Falco,203173
5fRTUCS48zwiGai2Ku8gSg,These Dreams,Heart,rock,Heart,254960
2uXewDKMktNkkMfotqSxN6,Something About You - Single Version,Level Best,rock,Level 42,223440
0snPJPxkk0MbTc0xeUvAPt,Dancing On The Ceiling,Dancing On The Ceiling,rock,Lionel Richie,270720
3FdHgoJbH3DXNtGLh56pFu,Conga,Primitive Love,rock,Miami Sound Machine,254000
2qxrA7khrMA6icoq9cn2wY,Let's Go All The Way,Guilty Pleasures,rock,Sly Fox,307653
7DGIv9rjJSL7Bfls23QMeh,I Didn't Mean To Turn You On,Best Of Both Worlds: The Robert Palmer Anthology (1974-2001),rock,Robert Palmer,217467
5xbqrbNPBTAOGDA6GD3O46,Words Get In the Way,Primitive Love,rock,Miami Sound Machine,205533
4gpext9x0CbdD9NWaa4nDj,Amanda,Third Stage,rock,Boston,256200
2dURQIBrw3XcHyVZlfdpC1,Two of Hearts,Better Than Heaven,rock,Stacey Q,237533
2sYLlZU3FuCF8SKNeIvdKA,Crush On You,Back To Back,rock,The Jets,272493
6VzfdkKU7J6ideJPwVJnAN,"If You Leave - From ""Pretty In Pink""",The OMD Singles,rock,Orchestral Manoeuvres In The Dark,270307
0xpBr84T3FTm9j4D1MdPtk,Invisible Touch - 2007 Remaster,Invisible Touch,rock,Genesis,209587
1xAkznu4j1yRIkPz16JpNP,The Sweetest Taboo - Remastered,The Ultimate Collection,rock,Sade,265187
07OzC5JlcaDwEkzWmvqp6y,Nasty,Control,rock,Janet Jackson,243133
2Q0HXXMkR28ZZkyX30UmLc,All Cried Out (with Full Force),Super Hits,rock,Lisa Lisa & Cult Jam,284333
5dRQUolXAVX3BbCiIxmSsf,Your Love,Super Hits,rock,The Outfield,221840
3WrOAryvCUOVsm8P8O2DoE,Perfect Way,Cupid & Psyche 85,rock,Scritti Politti,273240
4Y5yjzs9FFw5qIgfZBd43I,"Living in America - From ""Rocky IV"" Soundtrack",Rocky IV,rock,James Brown,282840
7LoGfKBAaOl0nxhodJ1240,Word Up,Word Up,rock,Cameo,260000
4m3OS54KWywYhP7WD7z1cg,Life in a Northern Town,The Dream Academy,rock,The Dream Academy,259293
5AM6VOkN7ficA2O04f5JG1,Bad Boy,Primitive Love,rock,Miami Sound Machine,235507
1ESuT2y9AKu1zMdxq47qW5,Sleeping Bag,Afterburner,rock,ZZ Top,242333
3LVRM23d9ltvRoquuZy1Yb,Love Touch - 2008 Remaster,The Definitive Rod Stewart,rock,Rod Stewart,244013
0UhZkk4agmJpbMCvT3OgLG,Election Day,So Red The Rose,rock,Arcadia,328093
6qUEOWqOzu1rLPUPQ1ECpx,Walk This Way (feat. Aerosmith),Raising Hell,rock,Run–D.M.C.,309760
1I5PbTAcWMqV66XR8B2vzK,Your Wildest Dreams,20th Century Masters: The Millennium Collection: Best Of The Moody Blues,rock,The Moody Blues,291573
7kZZ2Hmkg1zfwrQLsmypNE,Dreamtime,3 Hearts In The Happy Ending Machine,rock,Daryl Hall,285093
0rEFyT5IzHweiULf6QZXmz,Tender Love,Chillin' (US Release),rock,Force M.D.'s,234053
6nbi2AJ9hAi2SE8jH6mRKV,Love Will Conquer All,Dancing On The Ceiling,rock,Lionel Richie,340987
54b8qPFqYqIndfdxiLApea,Alone,Bad Animals,rock,Heart,218733
7yqU5HODQU91zj8ahUaUX1,I Wanna Dance with Somebody (Who Loves Me),Whitney,rock,Whitney Houston,291293
2vEQ9zBiwbAVXzS2SOxodY,Nothing's Gonna Stop Us Now,No Protection,rock,Starship,270333
6Ce9ItNCpk2PkAMq5v6EEV,C'est La Vie,The Best Of Robbie Neville,rock,Robbie Nevil,271667
29pzjF6ZkzcW3ofgOVbF0t,Here I Go Again,Saints & Sinners,rock,Whitesnake,308800
6V50MyHPGhEmwYu0Wdyf0t,The Way It Is,The Way It Is,rock,Bruce Hornsby,297853
0uMMLry3hzWGn3q3loqMkm,La Bamba - 45 Version,La Bamba / Charlena (45 Version),rock,Los Lobos,174187
4rr67zXmEYf9ykLigeEsbv,Don't Dream It's Over,Crowded House,rock,Crowded House,236933
3bcYb4HwWlytUFLny0e0Q1,With Or Without You,The Joshua Tree,rock,U2,296160
7BeV8s7R68eqPelMmvp5tu,Looking For A New Love - Radio Edit,20th Century Masters: The Millennium Collection: Best Of Jody Watley,rock,Jody Watley,242400
6LDRTOMCSx81hKXAk1LuHd,At This Moment,The Best of Billy Vera and the Beaters,rock,Billy Vera & The Beaters,234507
5MEMiHV54Y5ODV1zvEPsyp,I Still Haven't Found What I'm Looking For,The Joshua Tree,rock,U2,277493
5UqqOfFa9DYXALpCCF8VwB,(I've Had) The Time of My Life,Dirty Dancing,rock,Bill Medley,289680
7zSDDsIlks515d0tZGM64x,The Next Time I Fall (with Amy Grant),Solitude / Solitaire,rock,Peter Cetera,225973
5vywtoD7fO1CP0B2wtm6I6,Control,Control,rock,Janet Jackson,353307
6twIBPybEvGydyNzNz89FT,Land of Confusion - 2007 Remaster,Invisible Touch,rock,Genesis,286840
4P0uyibZjcXZLVeNOHBd8Q,In Too Deep - 2007 Remaster,Invisible Touch,rock,Genesis,298093
0bkUkbJ1nEalT9uPKFP3Vc,Bienvenidos - Live,Rock & Rios (Remastered),rock,Miguel Rios,247880
5CnOM4UnkKNqTHO7SP5ega,Sueño Espacial/Año 2000 (Look At That Light) - Live,Rock & Rios (Remastered),rock,Miguel Rios,427080
4wUcvUiC3ljCSJrhwGz6M6,Generacion Limite - Live,Rock & Rios (Remastered),rock,Miguel Rios,236093
2dqhEdgLRNDz8s94Q9ouiF,Nueva Ola (El Neon De Color Rosa) - Live,Rock & Rios (Remastered),rock,Miguel Rios,173160
3OcSljx3a7Ha50Zjyt5Cwv,Un Caballo Llamado Muerte - Live,Rock & Rios (Remastered),rock,Miguel Rios,239160
2FOxO0DQmH32E28IyVJVzJ,A Tumba Abierta - Live,Rock & Rios (Remastered),rock,Miguel Rios,205347
7k6ntkoyptAT1c665S5LMj,Buscando La Luz - Live,Rock & Rios (Remastered),rock,Miguel Rios,122413
1ODyPlxqhN8892ycF9CSyF,Blues Del Autobus - live,Rock & Rios (Remastered),rock,Miguel Rios,240347
21W8a3ihSeIcRjOPn1Lz5F,El Rio/Santa Lucía - Live,Rock & Rios (Remastered),rock,Miguel Rios,237413
3a47k5x3BNXyUiQTSSm358,La Ciudad De Neon - Live,Rock & Rios (Remastered),rock,Miguel Rios,235093
24pgFEZBuCv40IQKO3RKkR,Banzai - Live,Rock & Rios (Remastered),rock,Miguel Rios,291333
1RLwpJUmnVkJ5VbhhFTh1j,Reina De La Noche - Live,Rock & Rios (Remastered),rock,Miguel Rios,277840
2vtC4gCZCmpojflO8HEjIT,Al Sur De Granada - Live,Rock & Rios (Remastered),rock,Miguel Rios,224427
40DlQgMasTSTNt06AyjLa9,Al Andalus - Live,Rock & Rios (Remastered),rock,Miguel Rios,502053
3M9WVp2rdXs4B6a2hzJQZZ,Los Viejos Rockeros Nunca Mueren - Live,Rock & Rios (Remastered),rock,Miguel Rios,93627
0EpssAjtQP1OTQtrX2pUz1,Rocanrol Bumerang - Live,Rock & Rios (Remastered),rock,Miguel Rios,176387
3zWGkKlCfc6DUwV8AB2VAV,Extraños En El Escaparate - Live,Rock & Rios (Remastered),rock,Miguel Rios,378573
1Mj7rQgu2HTtDhKD90nnDS,Homenaje A Miguel - Live,Rock & Rios (Remastered),rock,Miguel Rios,141853
4zQTsDZqgODryotrqkBvED,Himno A La Alegria - Live,Rock & Rios (Remastered),rock,Miguel Rios,302240
6aseQce2VFSVDSGCkXsso8,Rockero De Noche - Live,Rock & Rios (Remastered),rock,Miguel Rios,70027
0HYw8jQDGqs1rBOOBSiV4d,Sabado A La Noche - Live,Rock & Rios (Remastered),rock,Miguel Rios,180587
4EHa21Wr2EPDZvA3LG0yOk,Mueve Tus Caderas - Live,Rock & Rios (Remastered),rock,Miguel Rios,97920
2tEloWf7PDkzLiJhxd5P5T,Rock And Roll En La Plaza Del Pueblo - Live,Rock & Rios (Remastered),rock,Miguel Rios,53547
4JHdcxMIq6cPZMEqUYY7cD,La Basca Vacila - Live,Rock & Rios (Remastered),rock,Miguel Rios,163960
1UrdPGorbZEZsV7o7zSLd4,Maneras De Vivir - Live,Rock & Rios (Remastered),rock,Miguel Rios,74107
4OYOndzBbcjxfM3UPKmOIF,Mis Amigos Donde Estaran - Live,Rock & Rios (Remastered),rock,Miguel Rios,130600
3mXBM0LLk0bemiuCHyvQ9S,El Laberinto - Live,Rock & Rios (Remastered),rock,Miguel Rios,51853
2rltyO7XkTWXTmn6dIU8by,Salida 3 - Live,Rock & Rios (Remastered),rock,Miguel Rios,68147
3suGVjo7xyvFbK0WHbDlUA,Lua Lua Lua - Live,Rock & Rios (Remastered),rock,Miguel Rios,196320
5bycn7SuJzYnxte0W54mNX,Santa Lucia - Remastered,Rocanrol Bumerang,rock,Miguel Rios,224827
70uUF91sbfXOyH4AInWYUw,Todo a Pulmon,Big Band Rios,rock,Miguel Rios,249973
2BURVLCtzmNylUqMVCLUbg,Lucky Man - 2012 Remastered Version,"Emerson Lake & Palmer (Deluxe Version)",rock,"Emerson, Lake & Palmer",275920
66w1iMtSQUJz5dsqJx4QPS,Pyramania,Pyramid (Expanded Edition),rock,The Alan Parsons Project,162987
1TO1KYnFeSUqyRWuprjmZz,Echoes,Breathless,rock,Camel,440267
0Ll60pqkEBHqzdeclRHdnl,From the Beginning - 2015 - Remaster,Trilogy,rock,"Emerson, Lake & Palmer",253467
2BeTdjsTKX95HrrGolFaCJ,Time and a Word - 2003 Remaster,Time and a Word (Expanded),rock,Yes,271106
75n6R38rfp87ElycXr7OJq,Dancing With The Moonlit Knight - Remastered 2008,Selling England By The Pound,rock,Genesis,483053
2de98HzQLgj4mN9X68IjAu,Wonderous Stories - 2013 Remaster,Going for the One (Deluxe Edition),rock,Yes,229160
4BzNqGFc5lil9r9i7b3Xzg,In the Lap of the Gods - Instrumental,Pyramid (Expanded Edition),rock,The Alan Parsons Project,328120
5UuikgHTxSRFRnC0zXx10i,Aqualung,Aqualung (Special Edition),rock,Jethro Tull,396187
6iZtDWu3FTuxu7AprIqA3Y,Hocus Pocus - Extended Version,Moving Waves,rock,Focus,402560
0DbRkFE2KAyNXnKzD9inpV,Catherine Of Aragon,The Six Wives Of Henry VIII,rock,Rick Wakeman,229147
24tIKfTc9JBuBsmi6uNvcS,The Advent Of Panurge,Octopus,rock,Gentle Giant,284933
6ul8Krzy7gmzTtC0I6s0T5,In The Land Of Grey & Pink,In The Land Of Grey And Pink,rock,Caravan,298840
0nDQu5i6B93GvUJH8iJ0y9,"Karn Evil 9 1st Impression Pt. 2 - 2014 Remastered Version",Brain Salad Surgery,rock,"Emerson, Lake & Palmer",285760
0VLETiR8ft4wZHlCQf3UAf,Freefall,Mirage,rock,Camel,352853
0r5Ju8WyodpXBHmg3f4zYf,Kayleigh - 2017 Remaster,Misplaced Childhood (2017 Remaster),rock,Marillion,243560
0MYNeFsKpzBHwrJGfWZysV,Locomotive Breath,Aqualung (Special Edition),rock,Jethro Tull,266013
7s4eOa9D4Qt7o3iRChaVIu,In The Dead Of Night,U.K.,rock,U.K.,334040
4De9grPWp74WguGnlhepOL,Can't Take It with You,Pyramid (Expanded Edition),rock,The Alan Parsons Project,305987
12UjiJ9QUzkjOeupCndZBd,Killer,First Generation,rock,Van Der Graaf Generator,497640
1d4lS5M1URec80lUeRqUsn,Backstreet Luv,The Best of Curved Air,rock,Curved Air,218167
3fmBFzP5khfnH8cyU6BAgl,The Court of the Crimson King,The Tokyo Tapes,rock,Steve Hackett,459600
2HuKPBTjdwDz4AgyScuMDe,Mocking Bird,Once Again,rock,Barclay James Harvest,399307
3q4hJtKfWjpJrEFtSFmqAf,Master of the Universe - 1996 Remaster,In Search Of Space,rock,Hawkwind,377520
1N0tGBaY1qyZ7GLBoggpNi,Frequency,Frequency,rock,IQ,509240
1HfVdg6TNKHtpsMPc07HTO,Trains,In Absentia,rock,Porcupine Tree,358600
7CaHAD3zQcvUBZ5ygN8cQS,Blackest Deeds,Seven,rock,The Watch,349916
3Q69IS4SzCvFCWkPd7o7Ny,I Talk to the Wind,The Tokyo Tapes,rock,Steve Hackett,326160
4IcEBPHjmpQIRk1WZKfOdO,The First Rebreather,English Electric (Part One),rock,Big Big Train,512280
0RJJfHHtI0cSUyCzNUdBEX,Idyll,Hunt,rock,Amarok,340593
0PgnokuwZfyZHpvGFITIsI,Unchain the Earth,Beyond Man and Time,rock,RPWL,426013
5PsCkpjTbGl6Z3BHwFHRMJ,Hypocrites,Static,rock,Dave Kerzner,508725
6T4YnHyR1x4RfZD9dejJsO,Storyteller,Ioearth,rock,Ioearth,300760
0IHkWt2zUk8j35w9zqd1sZ,"The Fountain of Glow Pt. 3",Sceneries,rock,Sylvan,347760
6go1wE4EM2aTQy4ciVbCWe,The Fleeting Deep,Emerger,rock,Carptree,466120
2j1lh6fHsusuOuMyxdlERT,Tachyon,House of the Mind,rock,Comedy of Errors,375747
4YrqGPC6YcQx7jtdtVpGyc,Blackened,Liquid,rock,Blind Ego,344307
6A8NdRN6j5wlrxOl40pp4r,Me and My Downfall,King of Number 33,rock,DeeExpus,410133
4lt2tEWKpwjxetsjy2psl6,Where Are You Now,Forever Comes to an End,rock,Bjørn Riis,452375
60Evtx3MICRBjDGgMX04Co,Undertow,Dead Air for Radios,rock,Chroma Key,289400
5S7OgDkPpqVApvYR3pz75X,The Shire (Part 1),Legends Of The Shires,rock,Threshold,123633
39BRogniQcxFIi9zKLxwxk,Sorgenfri,Agusa,rock,Agusa,300429
71lboXdN743zXxlfrsOSC1,Blackfield,Blackfield,rock,Blackfield,246960
71uQWxtXZDImodR71xdaWN,A Life Within a Day,Prog Rock: A New Dawn,rock,Squackett,395933
0BCHLiF9rkE4yk5yfoVDWH,Falling Down,XXV,rock,Pallas,449440
37sATnMqADzYq0phTcUD0t,How Did It Come to This?,The Unquiet Sky,rock,Arena,270653
2OgY6eAw7bnNwJLWPEtFLB,The Colours of My Life,44 Minutes,rock,Millenium,313813
7tMGrAfLAtujIkw3vZDekN,Refuel,Refuel,rock,Rocket Scientists,133255
42qlo3Oi69rOnHMmOKB8uq,Singularity,Of Infinite Possibilities,rock,Cryptic Vision,239827
1SXaNlT88KkWotaPlJwosb,One,Disconnected,rock,Fates Warning,266413
6OUZosSgCrPo7WpS8daqUW,Perfect Love Song,Sea of Smiles,rock,Squackett,244187
0twmhBUYGuEM0OnJDzrhC1,Between Extremes,Emerger,rock,Carptree,473720
51YoY9qjpQlzNFtFnxW7as,Mask Machine,Second Nature (Deluxe Edition),rock,Flying Colors,366987
5IbYzV2VzATfYU8JElbQgo,No Decoder,No Decoder,rock,Yogi Lang,254987
1o25WyHfc8wliyBaxF3RbT,The Ghosts of Pripyat,The Ghosts of Pripyat,rock,Steve Rothery,332800
6laytN8QTrImYMil9yMySN,Kicking and Collecting,Nymf,rock,Carptree,425333
1Da2lHU95BdwjkViCcMgvp,The Chase,Lullabies in a Car Crash,rock,Bjørn Riis,428000
07iEoapGlHKFWWdM2YRsiy,The Second Brightest Star,The Second Brightest Star,rock,Big Big Train,437813
0Xl09GwykxY4OFCjAKneHh,"Share the World with Me Pt. 4",Sceneries,rock,Sylvan,269853
3Xw3GUiSfGxfyjKzaKZljD,Thorns Upon A Crown,Sound Of The Apocalypse,rock,Black Bonzo,411440
78aWb3IqcEa8n7mInJiatR,Alone,Pilgrimage,rock,Wishbone Ash,144289
1XyztmdCr3DrtpsBBrOkgj,Which Way the Wind Blows,Harvest of the Heart - An Anthology,rock,Anthony Phillips,352187
0ePfZpWW9eDNreAMxT1rjg,Intro: A Secret Journey,Wizard's Eyes,rock,Inside The Sound,309493
60WI0RpQhFyXuyPvrPPFiH,Blackest Eyes,In Absentia,rock,Porcupine Tree,263547
2iyt4kiacKRcY93YbdnPCQ,Into the Setting Sun,A Treasure Of Well-Set Jewels,rock,Liam Davison,458720
7hf0pfANPP2TgaDTcbUuhP,A Good Man,Apocalypse of the Mercy,rock,Bad Dreams,491156
1IH7pla7FUzFjkYud5zzNX,In Exile,Your Wilderness,rock,The Pineapple Thief,310210
17u0JZTlZgmKeL2cd9DaP4,Deep Child,A Prescription for Paper Cuts,rock,Solstice Coil,375453
0OeBUQzpwf7PYIvGtSPGAE,Battlement,Battlement,rock,Neuschwanstein,432867
0FZvr22qlD6sEJ0RDJWmvE,Supertwister,Mirage,rock,Camel,198680
6LwAhn0BtAVreza2frwwiq,Migration - Instrumental Album Version,The Snow Goose (Deluxe Edition),rock,Camel,121827
10qruR2WKhxzAOPnPsu6n0,Flight Of The Snow Goose - Instrumental Album Version,The Snow Goose (Deluxe Edition),rock,Camel,161293
6Xu68vlqiu05qseJTVKlbw,Dunkirk - Instrumental Album Version,The Snow Goose (Deluxe Edition),rock,Camel,325293
7rKCxh1LEubDSotIwPA75Y,Rhayader - Instrumental Single Edit,The Snow Goose (Deluxe Edition),rock,Camel,191093
0vqV7lfbSZ5QDs9qgw3PKZ,The Return Of The Giant Hogweed - Digital Remastered 2008,Nursery Cryme,rock,Genesis,489480
1lCRw5FEZ1gPDNPzy1K4zW,We Are The Champions - Remastered 2011,News Of The World (2011 Remaster),rock,Queen,179200
7uRcUUmZpU4YVZFNVZnyXd,Soldier of Fortune,The Platinum Collection,rock,Deep Purple,195160
08JVaI77aIffN0wNjTOG4b,Ready for Love - 2015 Remaster,Bad Company (Deluxe),rock,Bad Company,299827
4ndDbJMhpCC5DxFOzMmf4t,Love Hurts,Hair Of The Dog,rock,Nazareth,232120
3eebg5U0X8EMw1Om4syYqY,Changes,The Ultimate Collection,rock,Black Sabbath,282493
0RdUX4WE0fO30VnlUbDVL6,Still Loving You,Comeblack,rock,Scorpions,403453
2OgVsp77En2nju8pnCieVU,Waiting for a Girl like You,4 (Expanded),rock,Foreigner,292067
3k58VAgUkM9cSvRpjIVaC7,Is This Love - 2007 Remastered Version,1987,rock,Whitesnake,275760
43GS3mtezoIFiuIZCLLiDY,Every Rose Has Its Thorn - Remastered 2003,Open Up And Say...Ahh! (20th Anniversary Edition),rock,Poison,260173
5rpo9tGeFdtPSQtE5bbPDL,Still Got The Blues,The Platinum Collection,rock,Gary Moore,372467
1EB3Z38oKDKVp4K2yEO2dl,More Than Words Can Say,Alias,rock,Alias,234196
2VVkqfGIVZdM6j0bDoaMkI,To Be with You - 2010 Remastered Version,Lean Into It [Expanded] (Japan),rock,Mr. Big,210480
1HlGblweLq0eAwnb0NY1EQ,18 and Life,Best Of,rock,Skid Row,231280
12axV6NUqaYH3yFUWwArzr,Losing My Religion,In Time: The Best Of R.E.M. 1988-2003,rock,R.E.M.,269000
61Q9oJNd9hJQFhSDh6Qlap,House Of The Rising Sun,The Best Of The Animals,rock,The Animals,269720
2LawezPeJhN4AWuSB0GtAU,Have You Ever Seen The Rain,Pendulum (40th Anniversary Edition),rock,Creedence Clearwater Revival,160133
08mG3Y1vljYA6bvDt4Wqkj,Back In Black,Back In Black,rock,AC/DC,255493
39shmbIHICJ2Wxnk1fPSdz,Should I Stay or Should I Go - Remastered,Combat Rock (Remastered),rock,The Clash,188987
5MxNLUsfh7uzROypsoO5qe,Dream On,Aerosmith,rock,Aerosmith,266960
6cr6UDpkjEaMQ80OjWqEBQ,Sultans of Swing,Dire Straits,rock,Dire Straits,350400
2zYzyRzz6pRmhPzyfMEC8s,Highway to Hell,Highway to Hell,rock,AC/DC,208400
70YvYr2hGlS01bKRIho1HM,La Grange - 2005 Remaster,Tres Hombres (Expanded 2006 Remaster),rock,ZZ Top,230480
78lgmZwycJ3nzsdgmPPGNx,Immigrant Song - Remaster,Led Zeppelin III (Remastered),rock,Led Zeppelin,146250
2X6gdRlGOQgfaXU9ALUQFQ,The Chain,Rumours,rock,Fleetwood Mac,271000
5e6x5YRnMJIKvYpZxLqdpH,Fortunate Son,The Long Road Home - The Ultimate John Fogerty / Creedence Collection,rock,Creedence Clearwater Revival,138053
3k9i7UzeSUYWIfUZFeFDUd,Layla - 40th Anniversary Version / 2010 Remastered,Layla And Other Assorted Love Songs (40th Anniversary / 2010 Remastered),rock,Derek & The Dominos,423840
2d4e45fmUnguxh6yqC7gNT,Dirty Deeds Done Dirt Cheap,Dirty Deeds Done Dirt Cheap,rock,AC/DC,231933
2EqlS6tkEnglzr7tkKAAYD,Come Together - Remastered 2009,Abbey Road (Remastered),rock,The Beatles,259947
4gMgiXfqyzZLMhsksGmbQV,"Another Brick in the Wall Pt. 2",The Wall,rock,Pink Floyd,238747
1Ly0ssAgeM7YqdHptao8Oe,Paranoid,Greatest Hits,rock,Black Sabbath,168440
6NxsCnLeLd8Ai1TrgGxzIx,Bad Moon Rising,Green River (40th Anniversary Edition),rock,Creedence Clearwater Revival,141600
2aoo2jlRnM3A0NyLQqMN2f,All Along the Watchtower,Electric Ladyland,rock,Jimi Hendrix,240800
2PzU4IB8Dr6mxV3lHuaG34,(I Can't Get No) Satisfaction - Mono Version,Out Of Our Heads,rock,The Rolling Stones,222813
1lhpxZT57yw5toGJtt8fGE,Old Time Rock & Roll,Stranger In Town,rock,Bob Seger,194147
2vX5WL7s6UdeQyweZEx7PP,Walk This Way,Aerosmith's Greatest Hits,rock,Aerosmith,211027
5UwbnHhjnbinJH8TefuQfN,Long Cool Woman (In a Black Dress) - 1999 Remaster,Distant Light [1999 - Remaster] (1999 Remastered Version),rock,The Hollies,199200
63OFKbMaZSDZ4wtesuuq6f,Born To Be Wild,Steppenwolf,rock,Steppenwolf,210373
2udGjDmpK1dH9VGyw7nrei,Cocaine,Slowhand 35th Anniversary,rock,Eric Clapton,221640
1UBQ5GK8JaQjm5VbkBZY66,Sharp Dressed Man - 2008 Remaster,Eliminator,rock,ZZ Top,258027
5y4761pjcksXs1hNsCmc4n,Sunshine Of Your Love,Disraeli Gears (Deluxe Edition),rock,Cream,250400
6NTqBHONQqmud0ONBzsLfZ,(Don't Fear) The Reaper,Agents of Fortune,rock,Blue Öyster Cult,308440
0832Tptls5YicHPGgw7ssP,Beast Of Burden - Remastered,Some Girls,rock,The Rolling Stones,265173
2f0P7iELCvAlV8j6Z3rGDE,Stranglehold,Ted Nugent,rock,Ted Nugent,503067
0QwZfbw26QeUoIy82Z2jYp,Good Times Bad Times - 1993 Remaster,Led Zeppelin,rock,Led Zeppelin,166267
6Vjk8MNXpQpi0F4BefdTyq,Kashmir - 2012 Remaster,Physical Graffiti (Deluxe Edition),rock,Led Zeppelin,517125
6HSXNV0b4M4cLJ7ljgVVeh,Knockin' On Heaven's Door - Remastered,Pat Garrett & Billy The Kid [Soundtrack From The Motion Picture) (Remastered],rock,Bob Dylan,149880
14XWXWv5FoCbFzLksawpEe,Riders on the Storm,L.A. Woman,rock,The Doors,434720
3yrSvpt2l1xhsV9Em88Pul,Brown Eyed Girl,Blowin' Your Mind!,rock,Van Morrison,183307
1oG2vWELiGjIqxwqGcyqwF,You Really Got Me,Kinks (Super Deluxe Edition),rock,The Kinks,133933
7cy1bEJV6FCtDaYpsk8aG6,China Grove,The Captain And Me,rock,The Doobie Brothers,195307
4ItljeeAXtHsnsnnQojaO2,D'yer Mak'er - Remastered,Houses Of The Holy (Deluxe Edition),rock,Led Zeppelin,262748
3QZ7uX97s82HFYSmQUAN1D,Tom Sawyer,Moving Pictures (2011 Remaster),rock,Rush,276880
5X76oXHcR5uCXali0gOyX5,White Room,Wheels Of Fire (Remastered),rock,Cream,303200
0wJoRiX5K5BxlqZTolB2LD,Purple Haze,Are You Experienced,rock,Jimi Hendrix,170813
371VkfwKiXJxgH5ZPoQNHD,The Joker,The Joker,rock,Steve Miller Band,264504
3UDmHZcBTQp8Iu8droNtUl,Revolution - Remastered 2009,The Beatles 1967 - 1970 (Remastered),rock,The Beatles,205293
3gLlcZQMvpwgtV9THHXrGp,Runnin' With The Devil,Van Halen (Reissue),rock,Van Halen,216733
6qnhXRedMi71TBYRc9jm4o,Magic Carpet Ride,Born To Be Wild: A Retrospective,rock,Steppenwolf,260240
3okPiJwW5nCLpug12sCL4p,All Day and All of the Night,Kinks (Deluxe Edition),rock,The Kinks,142227
1xKQbqQtQWrtQS47fUJBtl,Piece of My Heart,Cheap Thrills,rock,Big Brother & The Holding Company,253333
3MODES4TNtygekLl146Dxd,Ramble On - 1990 Remaster,Led Zeppelin II,rock,Led Zeppelin,263333
5UYPZZDQfpCE7A0FDDqv4k,Foreplay / Long Time,Boston,rock,Boston,467640
5uvosCdMlFdTXhoazkTI5R,Light My Fire,The Doors,rock,The Doors,429760
5ZgZhzQGCqVwPydT4CkH0W,"Like a Rolling Stone - Live at Royal Albert Hall London UK - May 26 1966",The Real Royal Albert Hall 1966 Concert (Live),rock,Bob Dylan,505240
3RkS5epxKd1SFlDdLuKJMJ,Ace Of Spades,The Best Of Motorhead: All The Aces/ The Muggers Tapes,rock,Motörhead,167053
4pj8ElgSWmmy5LT9a7jb0s,Toys In The Attic,Toys In The Attic,rock,Aerosmith,185133
74JdR9aXE6I74oS1BVRsvb,O-o-h Child,The First Family of Soul: The Best of The Five Stairsteps,rock,The Five Stairsteps,197160
0NBiC3zLXoBQXBjsbnbwJq,Molly (feat. Brendon Urie of Panic at the Disco),Professional Rapper,rock,Lil Dicky,244340
6mFkJmJqdDVQ1REhVfGgd1,Wish You Were Here,Wish You Were Here,rock,Pink Floyd,334744
5HNCy40Ni5BZJFw1TKzRsC,Comfortably Numb,The Wall,rock,Pink Floyd,382297
7BtYJLWUl3zms8owH9J8ZY,Jukebox Hero,Glitterdome,rock,The Molly Ringwalds,262542
4xh7W7tlNMIczFhupCPniY,Go Your Own Way - 2004 Remaster,Rumours (Super Deluxe),rock,Fleetwood Mac,223613
6K4t31amVTZDgR3sKmwUJJ,The Less I Know The Better,Currents,rock,Tame Impala,216320
1CnN9udhDokm7lARZjMji2,Killer Queen - Remastered 2011,Sheer Heart Attack (2011 Remaster),rock,Queen,179600
45Zo6ftGzq6wRckCUrMoBJ,Under Pressure - Remastered,Queen 40 Limited Edition Collector's Box Set Vol. 2,rock,Queen,248440
54flyrjcdnQdco7300avMJ,We Will Rock You - Remastered,News Of The World (Deluxe Remastered Version),rock,Queen,122067
0fsj3HxzBHev6EJ7OLFE3r,Double Vision,Double Vision (Expanded),rock,Foreigner,224533
2djdCbLj1pzRmrDNe7PkW2,High Hopes,High Hopes on Saturday Night,rock,Panic! At The Disco,192133
48emF8Tq5PYlChp9ImqZ1o,Say Amen (Saturday Night),High Hopes on Saturday Night,rock,Panic! At The Disco,189187
1Krtfh550kyhfWPcRp6SnD,Overkill,Overkill (Deluxe Edition),rock,Motörhead,313520
6kZFIsYCBeuH0f1zGk1UoM,Simple Man,(Pronounced 'Leh-'Nérd 'Skin-'Nérd) [Expanded Edition],rock,Lynyrd Skynyrd,357933
4DMKwE2E2iYDKY01C335Uw,Carry on Wayward Son,Leftoverture,rock,Kansas,323000
5LNiqEqpDc8TuqPy79kDBu,Edge of Seventeen - 2016 Remaster,Bella Donna (Deluxe Edition),rock,Stevie Nicks,329413
7N3PAbqfTjSEU1edb2tY8j,Jump - 2015 Remaster,1984 (Remastered),rock,Van Halen,241600
6zeE5tKyr8Nu882DQhhSQI,Dust in the Wind,Point Of Know Return,rock,Kansas,206267
1dv3ePjze9tPq2pk8eWJdR,Gimme Shelter,Let It Bleed,rock,The Rolling Stones,270773
7IhkWF9zpiYKlU7CxHxYT9,All Right Now,Fire And Water (Deluxe Edition),rock,Free,332907
3aoDEt6zSuYQ47gzarlaVo,Money - 2011 Remastered Version,The Dark Side Of The Moon (2011 Remastered Version),rock,Pink Floyd,382834
1qRA5BS78u3gME0loMl9AA,For What It's Worth,Buffalo Springfield,rock,Buffalo Springfield,153693
2KmEgiY8fQs0G6WNxtzQKr,Baba O'Riley,Who's Next (Deluxe Edition),rock,The Who,300400
1zGk1kgAxCpg6PHjGuLe4J,Pinball Wizard,Tommy (Remastered 2013 Super Deluxe Edition),rock,The Who,180943
3sY6z4pGcxpMwx3W026WtU,Peace of Mind,Boston,rock,Boston,303587
6KTv0Z8BmVqM7DPxbGzpVC,Rock And Roll All Nite,Dressed To Kill,rock,KISS,168840
3IOQZRcEkplCXg6LofKqE9,Iron Man - 2014 Remaster,Paranoid (2014 Remaster),rock,Black Sabbath,355304
7Ar4G7Ci11gpt6sfH9Cgz5,Listen to the Music,Toulouse Street,rock,The Doobie Brothers,227267
5EcvzboYmDIfXo9gPplsSB,Brown Sugar,Sticky Fingers (Deluxe),rock,The Rolling Stones,228667
0N0q5D8KmH13mmODXJsJqS,Can't You See,The Marshall Tucker Band,rock,The Marshall Tucker Band,361227
4Zau4QvgyxWiWQ5KQrwL43,Radar Love,The Long Versions - Part One,rock,Golden Earring,386707
7iLGljK0LNpGamQQEOuCRC,Won't Get Fooled Again - Original Album Version,Who's Next (Deluxe Edition),rock,The Who,511400
6FsQrRpBLgsrFeAeiQqytm,Bang a Gong (Get It On) - Remastered Version,Electric Warrior [Expanded & Remastered],rock,T. Rex,267000
4vO9dmzNRqDhFY3jD1a3P7,Mississippi Queen,Climbing!,rock,Mountain,151293
3x2bXiU0o4WbsPkawXlfDA,Who Are You,Who Are You (Remastered),rock,The Who,378707
6ToM0uwxtPKo9CMpbPGYvM,Break on Through (To the Other Side),The Doors,rock,The Doors,145867
0PP933bHgvV0eD19dG3ms5,Here I Go Again 87 - 2017 Remastered Version,Whitesnake (30th Anniversary Remaster),rock,Whitesnake,275693
3KPwt1LBpt1jVSHz8GXERo,Feel Like Makin' Love - 2015 Remaster,Straight Shooter,rock,Bad Company,313840
5uujhDA7WTFfGBkLh491KI,Still The Same,Stranger In Town,rock,Bob Seger,203547
45s88Xopo6KvHc0PQ05aGg,My Generation - Mono Version,The Who Sings My Generation (U.S. Version),rock,The Who,198867
1ZhrREyOOeFV6TxDOyiPwu,Take The Money And Run,Fly Like An Eagle,rock,Steve Miller Band,170173
3x1v32I3SZNvC7q7bDhcGm,Black Water - 45 Version,Best of the Doobies,rock,The Doobie Brothers,258613
6hTcuIQa0sxrrByu9wTD7s,Born to Run,Born To Run,rock,Bruce Springsteen,269920
0hMNAUx9fFBdYQRO5FoQvL,Let It Rain,Eric Clapton (Deluxe Edition),rock,Eric Clapton,302493
1xMhXZTBy7ijeYHEcroUzA,Nowhere To Run,Dance Party & Watchout!,rock,Martha Reeves & The Vandellas,176907
0FMjqbY3aWo1QDbo3GwXib,Always in My Head,Ghost Stories,rock,Coldplay,216627
23khhseCLQqVMCIT1WMAns,Magic,Ghost Stories,rock,Coldplay,285014
6c6W25YoDGjTq3qSPOga5t,Ink,Ghost Stories,rock,Coldplay,228373
0fQuzbQNLcD1ofo7B2NcFI,True Love,Ghost Stories,rock,Coldplay,246000
4GKk1uNzpxIptBuaY97Dkj,Midnight,Ghost Stories,rock,Coldplay,294667
22uzF19LxQW87kOVkR79Fq,Another's Arms,Ghost Stories,rock,Coldplay,234413
2u4uhtETtcULnkBfFHSnDX,Oceans,Ghost Stories,rock,Coldplay,321680
0FDzzruyVECATHXKHFs9eJ,A Sky Full of Stars,Ghost Stories,rock,Coldplay,268467
77yuzxCS3csrgTPSW0pvyk,O,Ghost Stories,rock,Coldplay,323480
5RcZ84RmZ0TVTZQR3fWHoG,All Your Friends,A Sky Full of Stars,rock,Coldplay,211813
0VAQB7OYAoeRZH7sLmhVT6,Ghost Story,A Sky Full of Stars,rock,Coldplay,257373
1NleqQdTDGWJBk0bVxldab,O - Reprise,A Sky Full of Stars,rock,Coldplay,97360
54eZmuggBFJbV7k248bTTt,A Horse with No Name,America,rock,America,252240
4IU1RL4BKvFyXtbTwaHAvW,Ventura Highway,Homecoming,rock,America,211387
2Xb6wJYGi0QXwURw5WWvI5,Right Down the Line,City To City,rock,Gerry Rafferty,267773
2DnJjbjNTV9Nd5NOa1KGba,You're so Vain,No Secrets,rock,Carly Simon,258411
74DrA5fFoGSy4xgkZarZtP,Dream Weaver,The Dream Weaver,rock,Gary Wright,256173
4LvtB7drFpQ4UzmFHcSnCC,Nobody Does It Better,The Best of Bond...James Bond,rock,Carly Simon,209493
4mxaH9MLP8VN8vXX46y3Jd,Just Remember I Love You,'firefall Reunion Live',rock,Firefall,216413
23IataC4bHhT7D6KHA5VOe,It Doesn't Matter,'firefall Reunion Live',rock,Firefall,228533
6FBT2DHxQUjiECpwgYIBDH,Magnet And Steel (Re-Recorded),70s Classics,rock,Walter Eagan,209027
6ixpB9xuMwMj4skSaF0Pay,You Take My Breath Away,Sooner Or Later,rock,Rex Smith,197107
707Sfl5gopQ04y2WcqBIc0,You Are The Woman,'firefall Reunion Live',rock,Firefall,249853
4TjrIZw2QxJxbVjdc3XKsj,I'll Have To Say I Love You In A Song,Photographs & Memories: His Greatest Hits,rock,Jim Croce,151507
14IKLtPlsqWL077svIJYey,Stand Tall,Burton Cummings,rock,Burton Cummings,272293
1b7LMtXCXGc2EwOIplI35z,Stuck In The Middle With You,Reservoir Dogs (Original Motion Picture Soundtrack),rock,Stealers Wheel,203893
500h8jAdr7LvzzXlm1qxtK,Magic,From The Album Of The Same Name,rock,Pilot,186333
23DZLSxCK6kM8FF2RlzKDl,You're No Good,Heart Like A Wheel,rock,Linda Ronstadt,224027
6V1bLBjSgfpRfzYHiWvg3B,Blinded By The Light,The Roaring Silence,rock,Manfred Mann's Earth Band,428133
5kK5QHkx544IrrXBngWct3,Laughter In The Rain,The Definitive Collection,rock,Neil Sedaka,169552
1lL1jDnZTH60djVb6vKIQj,Please Mr. Please,Have You Never Been Mellow,rock,Olivia Newton-John,202560
4tCLN0iZFhc06cQvqtkp0Z,Where Is the Love,Rhino Hi-Five: Roberta Flack,rock,Roberta Flack,166400
0eti3iRdEgUxwcIcN2N9DY,Domino - 1999 Remaster,His Band and the Street Choir,rock,Van Morrison,189427
4OqbIfA4l8zGnGBnjBBlFg,Do That To Me One More Time,The Best Of / 20th Century Masters The Millennium Collection,rock,Captain & Tennille,252347
3c6vdiLeV9DUbTMWk5H3se,Goodbye Girl,Goodbye Girl,rock,David Gates,168867
2bS2tETCzUmjALnXEvhOGo,Lotta Love,Nicolette,rock,Nicolette Larson,191773
3bRcSxW2FnSSwrzoYT1knV,At Seventeen,Between The Lines,rock,Janis Ian,280493
2OyaNAq8BcGstyzueloqpE,Too Late To Turn Back Now,The Story Of Cornelius Brothers & Sister Rose,rock,Cornelius Brothers & Sister Rose,198693
60VcYHxoyOdZyFb1EaKJdN,Up On Cripple Creek - Remastered 2000,The Band (Expanded Edition),rock,The Band,274893
4jkn5PRfAJoKfXF0OPL7n7,That's The Way I've Always Heard It Should Be,Carly Simon,rock,Carly Simon,258133
0oAJ0BThYPkafNe8PNLqIq,Haven't Got Time for the Pain,The Best Of Carly Simon,rock,Carly Simon,234093
5vDybLvL75lAj2JGh9jS18,Anticipation,The Best Of Carly Simon,rock,Carly Simon,201707
4c68Z9wLdHc36y3CNjwQKM,Southern Nights,Glen Campbell - The Capitol Years 1965 - 1977,rock,Glen Campbell,178640
5dFoWIiJ2814hRwMYDcFiU,She's Gone,Abandoned Luncheonette,rock,Daryl Hall & John Oates,313373
7eth0jUe6YneLljRNBeplO,Coconut,Personal Best: The Harry Nilsson Anthology,rock,Harry Nilsson,227840
7vqubB6rY1NpGVGpHYobbQ,Without You,Everybody's Talkin': The Very Best of Harry Nilsson,rock,Harry Nilsson,202027
4sUlsy0tPv9n5nqrqeA0lE,Magic Man,Dreamboat Annie,rock,Heart,328360
72hF391fEECZcAEDea2Bb5,Long Cool Woman (In a Black Dress) - 2003 Remaster,Greatest Hits,rock,The Hollies,197933
4v51rv7iRmKL2c0AgeAHDr,Operator (That's Not The Way It Feels),Photographs & Memories: His Greatest Hits,rock,Jim Croce,227373
5QgFvAiE7oGCBLt20wYYb4,Hopelessly Devoted To You,Grease,rock,Olivia Newton-John,185360
1tEuta3fSTK7fXyr0kCVi6,Bad Blood,The Definitive Collection,rock,Neil Sedaka,187617
0RkNZ5ZCtMEeKwJktquPQJ,You Send Me,Nicolette,rock,Nicolette Larson,236880
2KHls7uaYRy37TSyOoNrqL,Every Picture Tells A Story,Every Picture Tells A Story,rock,Rod Stewart,359733
4h0Mdpmg9VXarbLIGPqJUs,Tonight's the Night (Gonna Be Alright),A Night on the Town,rock,Rod Stewart,236173
0NIRG3SEn2Zf88o3qHJil5,Hot Legs,Foot Loose & Fancy Free,rock,Rod Stewart,315293
2pkPeaj86ZEVHhgAEncfp0,You're in My Heart (The Final Acclaim),Foot Loose & Fancy Free,rock,Rod Stewart,270960
7hxnlRuYmF1rU5WO6Obw8I,Bell Bottom Blues - 40th Anniversary Version / 2010 Remastered,Layla And Other Assorted Love Songs (40th Anniversary / 2010 Remastered),rock,Derek & The Dominos,301720
0Y2SrByf4G3kbq2nBEHQRn,Spirit in the Sky,Music From The Motion Picture Michael,rock,Norman Greenbaum,239600
6hLqEJg2GnnDG4W0Y64hyD,Cats in the Cradle,Cat's In The Cradle / Vacancy [Digital 45],rock,Harry Chapin,212405
1hqvNLAmwGTh8p3wReZIhV,Never Going Back Again,Rumours,rock,Fleetwood Mac,135133
2vloGZOASh0PPNOGrFNMAO,I Only Want to Be with You,Shang-A-Lang,rock,Bay City Rollers,215067
63Nj3NsQkLQs2MKgWk1Di6,Midnight at the Oasis,Rhino Hi-Five: Maria Muldaur,rock,Maria Muldaur,224987
21OMoOg39izMJVeSnJjKyC,What the World Needs Now(Is Love),Rhino Hi-Five: Various Artists: Mother's Day Songs,rock,Dionne Warwick,189893
7ePFDzrnLt3Ynqgy2UFWri,"December 1963 (Oh What a Night!)",The Very Best of Frankie Valli & The 4 Seasons,rock,Frankie Valli & The Four Seasons,201093
6F5cYcpgvBNOG6587ur76V,Still the One - 45 Version,Still The One / Siam Sam [Digital 45],rock,Orleans,235480
02UCGTLUpezK4xMFGYsa4q,Moon Light Feels Right,No Coffee Here - [The Dave Cash Collection],rock,Starbuck,220867
3wRiwV9HdarzkktRH7If46,Me and You and a Dog Named Boo,The Best Of Lobo,rock,Lobo,177933
48nCPUtpcZhA3EaeDSot7T,Suffragette City - 2002 Remastered Version,The Rise And Fall Of Ziggy Stardust And The Spiders From Mars [30th Anniversary Edition],rock,David Bowie,207573
2kBAG8J7THPwTlXEm7GHG2,It's A Heartache,It's A Heartache,rock,Bonnie Tyler,208613
5Sr8QyyeNzeYHZ9yQ9Y9ZV,More Than A Feeling,BOSTON,rock,Boston,285493
0FeCO85RKW8fDRytwXof2x,Go Your Own Way,Rumours,rock,Fleetwood Mac,218400
6bKuIK89XZFe5fwW8whUlK,I'd Love You to Want Me,The Best Of Lobo,rock,Lobo,247640
2xRSduz8OjTtAC6HPn2qT2,Rocky Mountain Way,Classic Rock Playlist Plus,rock,Joe Walsh,314427
7bs0ZFoLe8ovKY64qsvEg5,Feelin' Alright,Classic Rock Playlist Plus,rock,Joe Cocker,250200
4FFKYMQcqGIKLp4pJRdkbm,Black Betty,The Definitive 70's,rock,Ram Jam,235933
4OJFkrRQqol4FsPesF8eu4,Saturday in the Park - 2002 Remaster,Chicago V (Expanded & Remastered),rock,Chicago,235667
2QgWuCtBpNIpl5trmKCxRf,American Pie,The Best Of Don McLean,rock,Don McLean,515867
6xhEQmrVvtpEdw5mfySgJw,Heart of Gold,Harvest,rock,Neil Young,187280
10kmdx4OFs3OHwGa1CfYOF,We Are The Champions,We Will Rock You,rock,Queen,180800
3HFdPsHeAtmIrCz5fOYnp4,I'll Be Around - Remastered Version,Definitive Soul: Spinners,rock,The Spinners,191787
4LG2jXgisjVZq5SUAPvkV5,Reelin' In The Years,Showbiz Kids: The Steely Dan Story 1972 - 1980 (Remastered),rock,Steely Dan,277200
7lPjS6Yd4lRk4BsboDsm1H,Roundabout - 2008 Remaster,Fragile,rock,Yes,515960
0s45sL9DLOcro6VbmagQKl,Rock the Boat,70s 100 Hits,rock,Hues Corporation,186707
2x0supcZhd6NEH1nem9DnR,The Night They Drove Old Dixie Down - Remastered 2000,The Band (Expanded Edition),rock,The Band,213267
7IBfmCrfaR3SLVemWhsucQ,Space Oddity - 1999 Remaster,Space Oddity (1999 Remaster),rock,David Bowie,316333
6o5UNB9tYzUiTPwizwjDov,Hot Fun in the Summertime,Anthology,rock,Sly & The Family Stone,156827
7MX4vfOgVipkrlMyBM2jEq,Cinnamon Girl,Everybody Knows This Is Nowhere (US Release),rock,Neil Young,179960
4dBI72rgkmG0gTzswyBTzz,Sweet Thing - 1999 Remaster,Astral Weeks,rock,Van Morrison,265547
2oezpnnea1VXHpJEbqnBhw,It's Your Thing,It's Your Thing: The Story Of The Isley Brothers,rock,The Isley Brothers,166507
7CAhxeaTYXn1qWNRkZl9ad,"Everybody's Talkin' - From ""Midnight Cowboy""",Everybody's Talkin': The Very Best of Harry Nilsson,rock,Harry Nilsson,164907
4FdDorlbJTVHcH3djLbIfn,Ode To Billie Joe,Ode To Billie Joe,rock,Bobbie Gentry,255002
19Xy2vr5mS7l9T3S90Jlvs,Different Drum,Different Drum,rock,Stone Poneys,160093
6KjJGpDZ4wdshirWmqBcT3,The Devil Went Down To Georgia,Outlaws Super Hits,rock,The Charlie Daniels Band,214600
3CKLPDN1AIOYa7QPpy6oDH,Cars,Premier Hits,rock,Gary Numan,235467
0uRzka6sn4LVUj8sHQELYz,Shame,Legends,rock,"Evelyn ""Champagne"" King",393240
0kYIsBXBR8bg8JN6xuqIDK,Since You Been Gone,Rock,rock,RAINBOW,194000
0SkmxNE5ydxiEN0hzJbMac,Ridin' the Storm Out,Ridin' the Storm Out,rock,REO Speedwagon,252267
1HOMkjp0nHMaTnfAkslCQj,My Sharona,Get The Knack,rock,The Knack,295400
714hERk9U1W8FMYkoC83CO,You Sexy Thing,Hot Chocolate,rock,Hot Chocolate,244920
7utoClKnLShFg6u6dZ20gp,Breaking Up Is Hard to Do,Collections,rock,Neil Sedaka,136267
1gIKd24bixkgYzuxse32oR,How Deep Is Your Love (2007 Remastered Saturday Night Fever LP Version),Saturday Night Fever [The Original Movie Soundtrack],rock,Bee Gees,245200
4twhYPDyCP6ICeW3TtQVxP,Lovin' You,Capitol Gold: The Best Of Minnie Riperton,rock,Minnie Riperton,203507
2BY7ALEWdloFHgQZG6VMLA,Brandy (You're a Fine Girl),Looking Glass,rock,Looking Glass,186827
1jU4fy1b3oA3V02ELBiXsm,Ride Captain Ride - Single Version,Ride Captain Ride / Pay My Dues [Digital 45],rock,Blues Image,222000
2bwYGPDCC31QTdFca1mQRh,Baby Come Back,The Best Of Player: Baby Come Back,rock,Player,253733
4uTTd2SlalZoG0zVgI63kH,Tin Man,Holiday,rock,America,209867
5gOd6zDC8vhlYjqbQdJVWP,Baker Street,City To City,rock,Gerry Rafferty,365627
7gSeGMqiOrv7ftmxYLFaOA,Moondance,Moondance,rock,Van Morrison,275293
23IWhAK0cYRwnBT5EE8i3u,Don't give up on us,David Soul,rock,David Soul,218947
0qUNXZL3rzJ8cXM2DCmQcU,Sometimes When We Touch,Longer Fuse,rock,Dan Hill,252693
4VqPOruhp5EdPBeR92t6lQ,Uprising,The Resistance,rock,Muse,304840
1hwJKpe0BPUsq6UUrwBWTw,Boulevard of Broken Dreams,Boulevard of Broken Dreams,rock,Green Day,261267
0vg4WnUWvze6pBOJDTq99k,You're Beautiful,Back to Bedlam,rock,James Blunt,209493
0qAMjeQFyd1qD0LDiV8gWp,Black Horse And The Cherry Tree,Eye To The Telescope,rock,KT Tunstall,172373
0d28khcov6AiegSCpG5TuT,Feel Good Inc.,Demon Days,rock,Gorillaz,222640
2UXjdnCvgGGIXLrAwCVVQT,Caravane,caravane,rock,Raphael,206920
0mUyMawtxj1CJ76kn9gIZK,Bad Day,Daniel Powter (U.S. Release),rock,Daniel Powter,233640
0ZSmRnXnP5fdANtVlCok1g,Look What You've Done,Get Born,rock,Jet,230880
1tUuMjAJR9vBu2vNWvlYmy,Zebra,Sunrise Over Sea,rock,John Butler Trio,237560
0d2YnyIPgmPQqNSzDg8s8Q,It's Been Awhile,The Singles,rock,Staind,264707
4yjlWacI4vXSwtE7Kq7rUH,Technologic - Radio Edit [Radio Edit],"Musique Vol. 1",rock,Daft Punk,166587
6n8TMVyFKoUmDc4apxceRD,Breaking the Habit,Meteora,rock,Linkin Park,196907
1hHuyqVCZCbhYQixEkdQCo,Sing for Absolution,Absolution,rock,Muse,294867
4eNR2akrNSKuDAJSJ8qLor,Matador,Matador,rock,Mickey 3d,186440
5UOr8cSoXfiwK0jnuAQbmi,Beautiful,Hotel,rock,Moby,191907
0UrWr7Jnu1heq1o99ZwUd0,Youth of the Nation,Satellite (U.S. Version WEA Distribution),rock,P.O.D.,256240
2DO7ywgu9cdNqXf7Cukys9,Song to Say Goodbye,Meds,rock,Placebo,216187
10rChmECwPcvTTj4w07hq4,Welcome to My Life,Still Not Getting Any,rock,Simple Plan,206773
2MJrwP7dCWU3Eh3BKfum0O,Sing,Singles,rock,Travis,228800
1vxw6aYJls2oq3gW0DujAo,Crazy,St. Elsewhere,rock,Gnarls Barkley,177466
5F9Pe2Tg20NRi8N4cHHXUD,Cash Machine,Stars Of CCTV,rock,Hard-FI,222600
5LKdAzDeMyMXezSTIHkXcE,Ça me vexe,Ça me vexe,rock,Mademoiselle K.,207933
2bfGNzdiRa1jXZRdfssSzR,Dirty Harry,Demon Days,rock,Gorillaz,230426
4Qmm1kIX3RO1DKdsYQbLK0,Crooked Teeth,Plans,rock,Death Cab for Cutie,203733
3fjmSxt0PskST13CSdBUFx,Somewhere I Belong,Meteora (Bonus Edition),rock,Linkin Park,213933
13yEuYLJYxPCLJR0KNOqpk,High,Back to Bedlam,rock,James Blunt,243280
6nTiIhLmQ3FWhvrGafw2zj,American Idiot,American Idiot,rock,Green Day,176346
2takcwOaAZWiXQijPHIx7B,Time Is Running Out,Absolution,rock,Muse,237040
2hYGXe0QDxegyHwiZnWUeY,Jimmy Gets High,Jimmy Gets High (French 2-Track DMD),rock,Daniel Powter,220840
2LxUVIA86AjulMdEDQT8DX,Bad Love,Clapton Chronicles: The Best of Eric Clapton,rock,Eric Clapton,308747
5TwHsJUggwl7XFDv23ihSq,Stay with You,Greatest Hits Volume One - The Singles,rock,The Goo Goo Dolls,236267
4E89wfYbGzoNolObrFhoG4,The Only Difference Between Martyrdom and Suicide Is Press Coverage,A Fever You Can't Sweat Out,rock,Panic! At The Disco,177520
3skn2lauGk7Dx6bVIt5DVj,Starlight,Black Holes and Revelations,rock,Muse,240213
6xM8oBy40nK1rOd8WmoOPx,Last Request,These Streets,rock,Paolo Nutini,220413
3OK8lPgSMxSLNEQjzCxQXj,Le dîner,Reprise des négociations,rock,Bénabar,180760
6EhC21cpA8PyzPctiOn0A2,On vit d'amour,Idéal Standard,rock,Jean-Louis Aubert,216533
5yakRZmZ20eaZ1J4nDgQhN,Consolation Prizes,It's Never Been Like That (Deluxe Version),rock,Phoenix,196253
4843z32hdeFmLo6QBFPsCz,Oublie Moi,Vivons!,rock,Riké,177200
6bFsQ6yOp3z5mGNkhWP0P1,You Give Me Something,Undiscovered (International Version),rock,James Morrison,213173
3qg3xTiFPdUgyUOcpoaAHU,Love You Lately - Best Of Version 2010,Best Of Me,rock,Daniel Powter,179680
172u95XX2JxIfBZi1v0vKN,Banquet,Silent Alarm,rock,Bloc Party,201360
54V4rnG41aq4tWzs76S2oh,Loser,Loser,rock,Plastiscines,140427
79z9QkhHePTFsSeVw9uyj0,Smile,"Alright Still (Deluxe)",rock,Lily Allen,196893
5YscJrQyvJVR7vPznSj0gy,Slipping Away (Crier la Vie) [Radio Mix],Go - The Very Best of Moby (Remastered),rock,Moby,219560
5fVTi3rIiLvsEVYp0cRvaI,Meds,Meds,rock,Placebo,175387
2AeVt1I87bc51FMKBauPGU,I Want Love,Jehro,rock,Jehro,237387
5wQnmLuC1W7ATsArWACrgW,Welcome to the Black Parade,The Black Parade,rock,My Chemical Romance,311107
3twNvmDtFQtAd5gMKedhLD,Somebody Told Me,Hot Fuss,rock,The Killers,197280
2r9210ixI5FD7YPopfJXnf,J'veux un mec - Marlon B,Adrienne Pauly,rock,Adrienne Pauly,253493
4faFAhOflLzhfJECveRwva,Lonely No More,Something To Be,rock,Rob Thomas,226640
7My5AMVGC5KUYgsxZVOQUI,Lazarus,Deadwing (Intl Download),rock,Porcupine Tree,260613
6sqNctd7MlJoKDOxPVCAvU,My Happy Ending,Under My Skin,rock,Avril Lavigne,242413
4pt3aXQojX8kMhpLUfqz2C,Why Do You Love Me,Absolute Garbage,rock,Garbage,232067
7afSN5zhUhkbpRFpYKYztK,The Reason,The Reason,rock,Hoobastank,232800
63peVCtLTPd0aM9x5j97sB,Special K,Black Market Music,rock,Placebo,232307
2KArbNRAnfGcnZ1gSYhVy5,The Drugs Don't Work,Urban Hymns,rock,The Verve,305067
37qI0mchgzUSeUhPiwUWPY,Wherever You Will Go,The Best Of...,rock,The Calling,209360
6wvOaXPldVKgvpFx7E7hI2,Move on Now,Stars Of CCTV,rock,Hard-FI,307933
3ZaS7Bcz9tpFIjfst63tSw,Helena,May Death Never Stop You,rock,My Chemical Romance,205920
73O15OI7KZXrLdsjCbY9aq,Ne partons pas fâchés,caravane,rock,Raphael,193000
2YIkyCfSVOoMUfN22gqttg,A Pain That I'm Used To - Live,Live in Berlin Soundtrack,rock,Depeche Mode,268813
3yhWEBPvWuUIsCWeK3OqR9,Always Love,Music From The WB Television Series One Tree Hill Volume 2: Friends With Benefit,rock,Nada Surf,197680
4JYX9gxAGrRduTHDVMqYXj,L'indécision,Décembre en été,rock,Da Silva,185066
1Tk40VZ0LpBjlIEbATg5NA,The Will To Live,The Will To Live,rock,Ben Harper,297400
4x5WbFaTTCexxBKbUyfBcG,Four to the Floor,Silence Is Easy,rock,Starsailor,230960
4ePP9So5xRzspjLFVVbj90,Two Princes,Pocket Full Of Kryptonite,rock,Spin Doctors,256733
7ANcjNhtvlfmb2RVCJP7an,"What's The Frequency Kenneth?",In Time: The Best Of R.E.M. 1988-2003,rock,R.E.M.,241160
0DqMWvzd9AU6z5LBEYSs4r,Je m'en vais,Menteur,rock,Cali,233720
0jqK7sGTLsHPkQrrcrGuKD,Still Waiting,Does This Look Infected?,rock,Sum 41,158733
4wzt5Rrk3W98pHXAqutuJw,Talk,X&Y,rock,Coldplay,311292
4Yf5bqU3NK4kNOypcrLYwU,Faint,Meteora,rock,Linkin Park,162600
1ZAWaJppxtA3zPh1R2W2wS,Supersonic - Remastered,Definitely Maybe (Remastered) [Deluxe Edition Remastered],rock,Oasis,283787
1zZvPumuScWPZKZOCC6yq0,Knock Me Down - Remastered,Mother's Milk,rock,Red Hot Chili Peppers,223387
2OCnv9RtflG2LLlnhK328S,En tête-à-tête - Live 2005,En Tête-A-Tête,rock,-M-,195627
672N8DGGTOLCOgWe0koX5g,I Wanna Be Your Dog,The Stooges,rock,The Stooges,188560
1UEraN1dxpAjEQwqrgYaYf,On my shoulders,A Mouthful,rock,The Dø,320261
6l9HDwqU46DHCuNyvbmFdP,New Soul,Yael Naim,rock,Yael Naim,225106
4e7bYFhQe4OWwecjtHyq1m,Dis-moi,Blonde comme moi,rock,BB Brunes,143280
0xM88xobymkMgg46MStfnV,Hey There Delilah,Every Second Counts,rock,Plain White T's,232853
6XRNCAnxJIB1p4RPdFVSq0,People Help the People,Birdy (Deluxe Version),rock,Birdy,256236
5UAtga7XRwi2Y7Pp0sTNE5,Standing In The Way Of Control,Standing In The Way Of Control,rock,Gossip,256400
4E6cwWJWZw2zWf7VFbH7wf,Love Song,Little Voice,rock,Sara Bareilles,258827
7mp3ILyl8RaBLr6zzhPyWD,Les limites,Ersatz,rock,Julien Doré,137813
3Lc9RexjkRH4ButA7diDoj,Dancin' Til Dawn,It Is Time For A Love Revolution,rock,Lenny Kravitz,309747
6zuJ3bs99RchNQ7JUOSY1k,Money Note,Music Hole,rock,Camille,382386
7jULmqRvuEsvu6OkWkjBgl,Beggin - Pilooski Re-edit,Beggin [Pilooski Re-edit] (DMD 1 track),rock,Frankie Valli & The Four Seasons,332613
1zVBU0PAj7ZUVmVfG2pgQG,Carry You Home,All The Lost Souls,rock,James Blunt,234640
59kTVUKhpcFw9zMLPSbFvH,Nine in the Afternoon,Pretty. Odd.,rock,Panic! At The Disco,192893
3rtkoN3YlwVmDgXf4DOBee,You Talk,Shotter's Nation,rock,Babyshambles,208632
265Anh9hGoozFigjUVLUeD,New Shoes,These Streets,rock,Paolo Nutini,203653
305WCRhhS10XUcH6AEwZk6,Are You Gonna Be My Girl,Get Born,rock,Jet,213800
0UY4FvG4f9JI6kBR1BlWrZ,That's What You Get,Riot!,rock,Paramore,220480
65N5mnAk0WOubXkCryAxEe,Another Day,Jim,rock,Jamie Lidell,228907
0UFDKFqW2oGspYeYqo9wjA,Bleed It Out,Minutes to Midnight,rock,Linkin Park,166373
0lP4HYLmvowOKdsQ7CVkuq,The Kill,A Beautiful Lie,rock,Thirty Seconds To Mars,231533
57QoP2UP5AtmqSmrwcj0r6,DVNO,Cross,rock,Justice,236546
0N5x5UmYcbBeHFJtCCqf62,Ruby,"Yours Truly Angry Mob",rock,Kaiser Chiefs,204200
1qPkQp5Q9R0kZYy4qcvRPw,U-turn (Lili),Artificial Animals Riding On Neverland,rock,AaRON,230000
1xgxSfIhXS817JOmsiaG4P,Sweet,Jehro,rock,Jehro,268893
6KBj27Bko8gh71gpx0PzIG,Change,Change,rock,ONE OK ROCK,174628
2MvsO4jP0zj8nBrKEfZaWt,Ending Story??,JINSEI KAKETE BOKU WA,rock,ONE OK ROCK,255093
5Sbf1ONFdUHbb88m9VUqDN,Cry Out,35xxxv (Deluxe Edition),rock,ONE OK ROCK,227933
3gy6JIMU5Z7e9Yswdv49fG,Decision (feat. Tyler Carter),35xxxv (Deluxe Edition),rock,ONE OK ROCK,224667
3N29lMZHMKTVGXUN5aqzl5,Answer is near,Zankyō Reference,rock,ONE OK ROCK,219827
4Gaco6SiHpZhnPvNsXH6Iy,Yokubou ni michita seinendan,Zeitakubyō,rock,ONE OK ROCK,202200
6VwCoudO8cLDMyxTtIBu4N,Kagerou,Zeitakubyō,rock,ONE OK ROCK,248000
3AsOyKDvFbDpqNXkcpehf3,Yes I am,Niche Syndrome,rock,ONE OK ROCK,216533
1w0hboEMff54kez5XXyRNP,One Way Ticket,Ambitions,rock,ONE OK ROCK,216933
6MYt4UaoTAi7brJd9USgyX,Pierce,Zankyō Reference,rock,ONE OK ROCK,265120
1vVm7saDXHk99SU5BFUDpp,Stand Out Fit In,Stand Out Fit In,rock,ONE OK ROCK,214582
5eNlrdrZSTnfJjXpPg1ykV,I Was King,Ambitions,rock,ONE OK ROCK,238827
4f3nDjgqXurMryYBSp0TZD,The Beginning,JINSEI KAKETE BOKU WA,rock,ONE OK ROCK,292733
3guN9JoezwUL5AmQa8Iiz6,Mighty Long Fall,35xxxv (Deluxe Edition),rock,ONE OK ROCK,243120
19XYXNGFgeb6Y6bYvMg3eD,Fight the Night,35xxxv (Deluxe Edition),rock,ONE OK ROCK,256067
57sk9X1fPLXRfkw74XNrmK,We Are,Ambitions,rock,ONE OK ROCK,255400
30hzxa3MaRd2XXB6kXGlPh,完全感覚Dreamer,Nicheシンドローム,rock,ONE OK ROCK,252200
4Y1pFoYkE9aulSGRD39nqU,Keep Yourself Alive - 2011 Mix,Queen (2011 Remaster),rock,Queen,227467
6PT7wUJefYPEU1lX1lcLRJ,Doing Alright - Remastered 2011,Queen (2011 Remaster),rock,Queen,249213
385Urz8Qa8CIcK9tl3SA8g,Great King Rat - Remastered 2011,Queen (2011 Remaster),rock,Queen,342880
3G0FqZoEi8Za1oEXdGYcNG,My Fairy King - Remastered 2011,Queen (2011 Remaster),rock,Queen,248280
6wSIhcotMYMwAwcO21uZCl,Liar - Remastered 2011,Queen (2011 Remaster),rock,Queen,383907
2msar6CW5wBQlhm3YCYPTa,The Night Comes Down - Remastered 2011,Queen (2011 Remaster),rock,Queen,263027
16SdVJYuXEufNaMgGv4d4A,Modern Times Rock 'N Roll - Remastered 2011,Queen (2011 Remaster),rock,Queen,108173
1zK7i2QyuCmpYE209BMcPZ,Son And Daughter - Remastered 2011,Queen (2011 Remaster),rock,Queen,199533
4caYbCanhI1iKxVsLETOh1,Jesus - Remastered 2011,Queen (2011 Remaster),rock,Queen,224173
6Si9ImvDVWAgjX3pfsldGM,Seven Seas Of Rhye - Remastered 2011,Queen (2011 Remaster),rock,Queen,76573
3T0wVh9SHCwI0NtMoqPnbm,Procession - Remastered 2011,Queen II (2011 Remaster),rock,Queen,73133
4jhf92TFSbLis5IFBEgimq,Father To Son - Remastered 2011,Queen II (2011 Remaster),rock,Queen,373853
0TiXAAVOLdhZnto4Kwsgtm,White Queen (As It Began) - Remastered 2011,Queen II (2011 Remaster),rock,Queen,273200
520tzZUTVcjEmxiTjYNj7y,Some Day One Day - Remastered 2011,Queen II (2011 Remaster),rock,Queen,262200
5Ztwhn7zR0q7wRe2ZZsrmN,The Loser In The End - Remastered 2011,Queen II (2011 Remaster),rock,Queen,241187
5d7gSSTkL4syrnxli8dLYJ,Ogre Battle - Remastered 2011,Queen II (2011 Remaster),rock,Queen,248453
1rzyMlUqq6MvTvzZYdB3C3,The Fairy Feller's Master-Stroke - Remastered 2011,Queen II (2011 Remaster),rock,Queen,160987
04XOESV0aVnKMlUU1NhIG1,Nevermore - Remastered 2011,Queen II (2011 Remaster),rock,Queen,78667
4FX8fPOIDRR2voDqOkfeKk,The March Of The Black Queen - 2011 Mix,Queen II (2011 Remaster),rock,Queen,392947
6yDXKV8vEcJQgFievS1SbZ,Funny How Love Is - Remastered 2011,Queen II (2011 Remaster),rock,Queen,169760
1qP7KmHJbzvV8KsFPhW8wY,Seven Seas Of Rhye - Remastered 2011,Queen II (2011 Remaster),rock,Queen,168973
5XL2uuMLIYLefXJsxmLXus,Brighton Rock - Remastered 2011,Sheer Heart Attack (2011 Remaster),rock,Queen,310013
2AKOOhml62GZNFWDN7VqzT,Killer Queen - 2011 Mix,Sheer Heart Attack (2011 Remaster),rock,Queen,179600
5m53JNox7zkJDMfoeLEa8D,Tenement Funster - Remastered 2011,Sheer Heart Attack (2011 Remaster),rock,Queen,166853
0oHH9pt7O822uyspUQW0NW,Flick Of The Wrist - Remastered 2011,Sheer Heart Attack (2011 Remaster),rock,Queen,197293
3PnczrUPUE8F2gDYw4Eyt5,Lily Of The Valley - Remastered 2011,Sheer Heart Attack (2011 Remaster),rock,Queen,104893
2DRRh5Q7WJtMt11MDMlC70,Now I'm Here - Remastered 2011,Sheer Heart Attack (2011 Remaster),rock,Queen,252933
18a6Hmy684ySE4RX3evAqJ,In The Lap Of The Gods - Remastered 2011,Sheer Heart Attack (2011 Remaster),rock,Queen,202613
489S9D7zr1jSMlNZHLnKKX,Stone Cold Crazy - Remastered 2011,Sheer Heart Attack (2011 Remaster),rock,Queen,133813
2qdpQrNXOuGGGvFmbKGpZM,Dear Friends - Remastered 2011,Sheer Heart Attack (2011 Remaster),rock,Queen,67573
1Pq0jcWJlEYBgteQ1triQq,Misfire - Remastered 2011,Sheer Heart Attack (2011 Remaster),rock,Queen,109653
2eSAEd4El60OeatNib90TT,Bring Back That Leroy Brown - Remastered 2011,Sheer Heart Attack (2011 Remaster),rock,Queen,135307
1zqzDv6vyh8JUHiG4yaElS,She Makes Me (Stormtrooper In Stilettos) - Remastered 2011,Sheer Heart Attack (2011 Remaster),rock,Queen,249200
4cw0I3t6oxDCmnI1XGL0A2,In The Lap Of The Gods... Revisited - Remastered 2011,Sheer Heart Attack (2011 Remaster),rock,Queen,226813
1cN13ivH3D66m9DoW2Z7iU,Death On Two Legs (Dedicated To...) - Remastered 2011,A Night At The Opera (2011 Remaster),rock,Queen,223920
1DL2gvMBTCFmg2dREI9Lwp,Lazing On A Sunday Afternoon - Remastered 2011,A Night At The Opera (2011 Remaster),rock,Queen,67400
253ewjP2R1LjKqA70mGdnk,I'm In Love With My Car - Remastered 2011,A Night At The Opera (2011 Remaster),rock,Queen,184893
4vhVDkSx9RSb2k6mWFMYNI,You're My Best Friend - Remastered 2011,A Night At The Opera (2011 Remaster),rock,Queen,170787
6aNP9GlBi3VHPXl7w3Qjr9,'39 - 2011 Mix,A Night At The Opera (2011 Remaster),rock,Queen,210800
0K4USWqV0DZZ5sffa3wxh0,Sweet Lady - Remastered 2011,A Night At The Opera (2011 Remaster),rock,Queen,242120
0VU7avDE4OZ36oVmLPSEZA,Seaside Rendezvous - Remastered 2011,A Night At The Opera (2011 Remaster),rock,Queen,134120
6C3wj5V8mqLYtYqgJCABZW,The Prophet's Song - Remastered 2011,A Night At The Opera (2011 Remaster),rock,Queen,500960
2BlNyI35idBaI6BN6WGZeQ,Love Of My Life - Remastered 2011,A Night At The Opera (2011 Remaster),rock,Queen,217387
5ajVHIX0J3vyUmPhqCBx9U,Good Company - Remastered 2011,A Night At The Opera (2011 Remaster),rock,Queen,203440
4u7EnebtmKWzUH433cf5Qv,Bohemian Rhapsody - 2011 Mix,A Night At The Opera (2011 Remaster),rock,Queen,354320
2ISPUUp4pzssWuR2Ic09vR,God Save The Queen - Remastered 2011,A Night At The Opera (2011 Remaster),rock,Queen,75333
6In9ynCY22Ed1YRhpLMZLl,Tie Your Mother Down - Remastered 2011,A Day At The Races (2011 Remaster),rock,Queen,287427
6CD2NyrQ5rHmik1DjhdDdn,You Take My Breath Away - Remastered 2011,A Day At The Races (2011 Remaster),rock,Queen,306480
5L8t6EbGKFKc6MQlqQzYZz,Long Away - Remastered 2011,A Day At The Races (2011 Remaster),rock,Queen,213413
62daWSLgfeezIl4MTQFb08,The Millionaire Waltz - Remastered 2011,A Day At The Races (2011 Remaster),rock,Queen,295333
6susMmS2fohWe6TSlOfi1O,You And I - Remastered 2011,A Day At The Races (2011 Remaster),rock,Queen,206147
2u9vZyQU7Ld88MJ35nS55u,Somebody To Love - 2011 Mix,A Day At The Races (2011 Remaster),rock,Queen,296480
0YI4wdf0gMuM3CgzrRslur,White Man - Remastered 2011,A Day At The Races (2011 Remaster),rock,Queen,298120
7mg3XY5ti0yzp8RZL939Da,Good Old-Fashioned Lover Boy - 2011 Mix,A Day At The Races (2011 Remaster),rock,Queen,173173
3yuJVbCLjxcu0T6bZoiWXg,Drowse - Remastered 2011,A Day At The Races (2011 Remaster),rock,Queen,223293
4OOuZMDLHw37tWy9XJu3F7,Teo Torriatte (Let Us Cling Together) - 2011 Mix,A Day At The Races (2011 Remaster),rock,Queen,355653
4pbJqGIASGPr0ZpGpnWkDn,We Will Rock You - Remastered,News Of The World (2011 Remaster),rock,Queen,122067
4WLcEC8RoscRuzmNf2EeXf,Sheer Heart Attack - Remastered 2011,News Of The World (2011 Remaster),rock,Queen,207600
6SvRYfsIeNSVV2EAH7I9P0,"All Dead All Dead - Remastered 2011",News Of The World (2011 Remaster),rock,Queen,189587
0nUCaKwNqO5whVAhEX1A1R,Spread Your Wings - 2011 Mix,News Of The World (2011 Remaster),rock,Queen,274227
1pQQRiL4O3weDAqk85hrYN,Fight From The Inside - Remastered 2011,News Of The World (2011 Remaster),rock,Queen,181627
4omLxn4XuiHhpwTpO9Yj68,"Get Down Make Love - Remastered 2011",News Of The World (2011 Remaster),rock,Queen,230120
2N5mE30V04xDvsX2caDLlj,Sleeping On The Sidewalk - Remastered 2011,News Of The World (2011 Remaster),rock,Queen,186080
02lvTeAFIIsOd0wVNoRkQ5,Who Needs You - Remastered 2011,News Of The World (2011 Remaster),rock,Queen,186853
7pgv0D1HCBAFbGHNqHmegV,It's Late - Remastered 2011,News Of The World (2011 Remaster),rock,Queen,386360
1WttHhgIl0N0vXZYrOxF0C,My Melancholy Blues - Remastered 2011,News Of The World (2011 Remaster),rock,Queen,211333
3uaVLkgDqlYy153yFBUVtl,Mustapha - Remastered 2011,Jazz (2011 Remaster),rock,Queen,181027
6IAVxNFi1W88UhDeyvOsdo,Fat Bottomed Girls - 2011 Remaster,Jazz (2011 Remaster),rock,Queen,255600
6VH7sh6fC6YPi297UC2Fkg,Jealousy - Remastered 2011,Jazz (2011 Remaster),rock,Queen,193147
5CTAcf8aS0a0sIsDwQRF9C,Bicycle Race - Remastered 2011,Jazz (2011 Remaster),rock,Queen,180813
5HJiNvg6s7ovq5kPrztHKp,If You Can't Beat Them - Remastered 2011,Jazz (2011 Remaster),rock,Queen,255187
00ITtxUozN0vifE2uYvtqn,Let Me Entertain You - Remastered 2011,Jazz (2011 Remaster),rock,Queen,181693
3OCQ5ybKASY4EIb4i9hsd7,Dead On Time - Remastered 2011,Jazz (2011 Remaster),rock,Queen,203347
06UXtRLTF6kdMSM3uaVCCU,In Only Seven Days - Remastered 2011,Jazz (2011 Remaster),rock,Queen,149253
0TpWjIOuNMnpuRjriPbGiF,Dreamer's Ball - Remastered 2011,Jazz (2011 Remaster),rock,Queen,210147
6jtctBYvybxCAmlg7nT6CS,Fun It - Remastered 2011,Jazz (2011 Remaster),rock,Queen,208827
16aW2zHbbpDDoSy0HCA8xc,Leaving Home Ain't Easy - Remastered 2011,Jazz (2011 Remaster),rock,Queen,195040
5T8EDUDqKcs6OSOwEsfqG7,Don't Stop Me Now - 2011 Mix,Jazz (2011 Remaster),rock,Queen,209413
2YrfSHux2BaTXQs1535EHC,More Of That Jazz - Remastered 2011,Jazz (2011 Remaster),rock,Queen,256653
5p6xhgQCwzX0G9PadMU9GA,Play The Game - Remastered 2011,The Game (2011 Remaster),rock,Queen,212533
32wghPySDJ1mNdqhwW9YMh,Dragon Attack - Remastered 2011,The Game (2011 Remaster),rock,Queen,258773
5vdp5UmvTsnMEMESIF2Ym7,Another One Bites The Dust - Remastered 2011,The Game (2011 Remaster),rock,Queen,214653
3vVSwkIqE7j6AaIxsxXzNA,Need Your Loving Tonight - Remastered 2011,The Game (2011 Remaster),rock,Queen,169200
6xdLJrVj4vIXwhuG8TMopk,Crazy Little Thing Called Love - Remastered 2011,The Game (2011 Remaster),rock,Queen,163373
4w09y5LHv5vJDZO4hWS846,Rock It (Prime Jive) - Remastered 2011,The Game (2011 Remaster),rock,Queen,273013
0V7AVcMTaQqLKzxVloxWHj,Don't Try Suicide - Remastered 2011,The Game (2011 Remaster),rock,Queen,232120
4tmERaVkzL7X64Oku4vDo0,Sail Away Sweet Sister - Remastered 2011,The Game (2011 Remaster),rock,Queen,213427
4xSDpJJNXAUis65Ogl7f7i,Coming Soon - Remastered 2011,The Game (2011 Remaster),rock,Queen,170040
1pBFEy8cz0Fq4Pru0c4awd,Save Me - Remastered 2011,The Game (2011 Remaster),rock,Queen,229920
3S1RgaEOY4JxjIIS0kt5Nu,Staying Power - Remastered 2011,Hot Space (2011 Remaster),rock,Queen,252133
4ejjjAuVya6bapdTjZE9Lx,Dancer - Remastered 2011,Hot Space (2011 Remaster),rock,Queen,230120
14YQ2SSnv07HZjPP4Ud9mX,Back Chat - Remastered 2011,Hot Space (2011 Remaster),rock,Queen,275093
26FJA5apYWeehOGnZdUPob,Body Language - Remastered 2011,Hot Space (2011 Remaster),rock,Queen,271600
6nnH5zeFZOH3HMpEOG5DLg,Action This Day - Remastered 2011,Hot Space (2011 Remaster),rock,Queen,214813
30vbOgHRjyUbUZ1KWOY11C,Put Out The Fire - Remastered 2011,Hot Space (2011 Remaster),rock,Queen,198240
6xYHezItSIXOpxMvrVRJTb,Life Is Real (Song For Lennon) - Remastered 2011,Hot Space (2011 Remaster),rock,Queen,211360
47KKOdexdhKL2jgX673WrW,Calling All Girls - Remastered 2011,Hot Space (2011 Remaster),rock,Queen,231853
3QfLERjG54GUIAS9w86kul,Las Palabras De Amor (The Words Of Love) - Remastered 2011,Hot Space (2011 Remaster),rock,Queen,271640
7nhWtCc3v6Vem80gYPlppQ,Cool Cat - Remastered 2011,Hot Space (2011 Remaster),rock,Queen,209107
6CWbF5O3DuLExK7M60TmmJ,Disco Eterno,El Ultimo Concierto B,rock,Soda Stereo,455933
3aFoTYsFE6N4g7M7b362cp,Planeador,El Ultimo Concierto B,rock,Soda Stereo,265893
3XRZYgmphJbmMEclYCx7Wx,Luna Roja,El Ultimo Concierto B,rock,Soda Stereo,336240
3R9pp84rf8oe5OYtOYRvya,Te Para Tres,El Ultimo Concierto B,rock,Soda Stereo,152027
1vO74sgANNL6FF380qz5zb,Cuando Pase El Temblor - En Vivo,El Ultimo Concierto B,rock,Soda Stereo,294800
69Op4XR486hl5LSiBtPHmp,Claroscuro,El Ultimo Concierto B,rock,Soda Stereo,336333
57GgptBE1aWcVn83dWVjU1,Persiana Americana,El Ultimo Concierto B,rock,Soda Stereo,283067
39fYCFxeafJIYvL34AienF,Un Millon De Años Luz,El Ultimo Concierto B,rock,Soda Stereo,355933
6L9WzM01uxki7u0NTK6xLN,Primavera 0,El Ultimo Concierto B,rock,Soda Stereo,265333
7ltU7qHAjo7XFCTznK1OeR,Cae El Sol,El Ultimo Concierto B,rock,Soda Stereo,290600
6KEEQ2YKESpvvurl6l2eIg,De Música Ligera (Live),El Ultimo Concierto B,rock,Soda Stereo,293107
5HmDTAedbpgzSkyU7CuVzE,En La Ciudad De La Furia - Remasterizado 2007,El Ultimo Concierto A,rock,Soda Stereo,397827
0es33Xx9LmJoIPwlezBCmJ,El Rito - Remasterizado 2007,El Ultimo Concierto A,rock,Soda Stereo,424907
22RKxY3GXYzNiJu36nFueQ,Hombre Al Agua - Remasterizado 2007,El Ultimo Concierto A,rock,Soda Stereo,389427
6wo8yue6rY0pY2zmztMMCj,En El Séptimo Día - Remasterizado 2007,El Ultimo Concierto A,rock,Soda Stereo,297440
7KCTbCIcb2acPttGcCkKbe,Canción Animal - Remasterizado 2007,El Ultimo Concierto A,rock,Soda Stereo,257800
2LxyITcslKIKdMyYdHdA5l,Trátame Suavemente - Remasterizado 2007,El Ultimo Concierto A,rock,Soda Stereo,244200
0zp92Miwhh5vO3B3dhxrxI,Paseando Por Roma - Remasterizado 2007,El Ultimo Concierto A,rock,Soda Stereo,223067
67XS7eWumbLVktm0QSkks4,Lo Que Sangra (La Cúpula) - Remasterizado 2007,El Ultimo Concierto A,rock,Soda Stereo,316827
1hQ02BkTnR0BNs3SAznttM,Zoom - Remasterizado 2007,El Ultimo Concierto A,rock,Soda Stereo,214667
62jnuBopQmg4qx6hpYltC9,Signos - Remasterizada 2007,El Ultimo Concierto A,rock,Soda Stereo,271400
6M33ukGn1XGp1Lv5FhbcZy,Ella Usó Mi Cabeza Como Un Revólver - Remasterizado 2007,El Ultimo Concierto A,rock,Soda Stereo,278667
1zfFle2YCXuUFXlAAZ4QOS,The Dirt (Est. 1981) [feat. Machine Gun Kelly],The Dirt (Est. 1981) [feat. Machine Gun Kelly],rock,Mötley Crüe,232000
4zXvB4MoQD8onk0NCZbeHG,Home Sweet Home,Theatre of Pain,rock,Mötley Crüe,240933
06EC9TibZK2mACTZ2usK1h,Live Wire,Too Fast For Love,rock,Mötley Crüe,194587
1Y373MqadDRtclJNdnUXVc,Paranoid - 2016 Remaster,Paranoid (2014 Remaster),rock,Black Sabbath,168406
383QXk8nb2YrARMUwDdjQS,Psycho,Drones,rock,Muse,316718
4GetBW8bJ8lB2Y9ugFb30p,Tie Your Mother Down - Remastered 2011,A Day At The Races,rock,Queen,286693
3HcRaJ9jRDE9NUrbUNym0E,Golden Years - Single Version [Remastered],Legacy (Deluxe Edition),rock,David Bowie,207573
2WqCgsVO8BvllitpNi13gN,Hellraiser,Hits,rock,Sweet,200400
0b0v9MiKhNBbgxSYpMZTVg,Riot Rhythm,Treats,rock,Sleigh Bells,156760
5X0bLSho0KTiSQYCI0IOcl,Dr. Feelgood,Dr. Feelgood 20th Anniversary (Expanded Version),rock,Mötley Crüe,290187
7dbjRLY969SvR0inx3h1eP,Helter Skelter,Helter Skelter,rock,Rob Zombie,215938
3BnVqaDfgKyI4CFCfozors,Raw Power - Iggy Pop Mix,Raw Power,rock,The Stooges,256067
7ny2ATvjtKszCpLpfsGnVQ,A Hard Rain's A-Gonna Fall,The Freewheelin' Bob Dylan,rock,Bob Dylan,412200
3KhF2YiNpJvGpfiCW45R6D,Runnin' with the Devil - 2015 Remaster,Van Halen (Remastered),rock,Van Halen,214960
5lN1EH25gdiqT1SFALMAq1,Gold on the Ceiling,El Camino,rock,The Black Keys,224333
3YU9X8ryOR20beT7wOlDIJ,I'm Eighteen,Love It To Death,rock,Alice Cooper,180760
1IkCG9jkzCrl3TadPTh4dU,Make It,Aerosmith,rock,Aerosmith,218960
2DDiTcZiC9iuluUyHE2yXo,Creature,Creature,rock,BONES UK,188000
1AnNNZspExK2PwVFbhw7G1,This Is Gonna Hurt,This Is Gonna Hurt,rock,Sixx:A.M.,236293
2E2r97GUoaRP3jCVX3nLa5,Passion,Passion,rock,AWOLNATION,204262
7GonnnalI2s19OCQO1J7Tf,Kickstart My Heart,Dr. Feelgood,rock,Mötley Crüe,282920
1QEEqeFIZktqIpPI4jSVSF,More Than a Feeling,Boston,rock,Boston,285133
2ccUQnjjNWT0rsNnsBpsCA,Surrender,Heaven Tonight,rock,Cheap Trick,253733
4KfSdst7rW39C0sfhArdrz,Barracuda,Little Queen,rock,Heart,261933
1JLn8RhQzHz3qDqsChcmBl,I Want to Know What Love Is - 1999 Remaster,Agent Provocateur,rock,Foreigner,304787
0HOrDVS349XFcpCYsO2hAP,You Ain't Seen Nothing Yet,Not Fragile,rock,Bachman-Turner Overdrive,234867
1CQqupcyMg7176PPmIVmSj,Renegade,Pieces Of Eight,rock,Styx,257227
5QTxFnGygVM4jFQiBovmRo,(Don't Fear) The Reaper,Agents Of Fortune,rock,Blue Öyster Cult,308120
1ynmMEK1fkyiZ6Z6F3ThEt,Centerfold,Freeze Frame,rock,The J. Geils Band,216533
6BD1X1PeV5UzYUdiVaD2yL,Show Me The Way,Frampton,rock,Peter Frampton,243267
52KvuGmgcgRdrLMXOtda0E,The Stroke - Remastered,Don't Say No,rock,Billy Squier,217613
1XxUDJp9zsjd6tBSvE3la4,Heavy Metal,Standing Hampton,rock,Sammy Hagar,230507
4QwcuKjGjtl5fZe7kDdULV,Lay It on the Line,Greatest Hits Remixed (Deluxe Edition),rock,Triumph,246027
4MYb7NWLwXNDB7bYs3HeX8,Slow Ride - 45 Version,Slow Ride / Save Your Loving [For Me] [Digital 45],rock,Foghat,232533
1nmZ8yqKkfooOuYvtFctDp,Heat Of The Moment,Asia,rock,Asia,227627
4gvea7UlDkAvsJBPZAd4oB,The Boys Of Summer,Building The Perfect Beast,rock,Don Henley,288733
35k31HZI4z9PbBOioaI4dZ,Working for the Weekend,Get Lucky,rock,Loverboy,221000
1bp2IO61zbQrbWNmKKxg3f,The Joker,The Joker,rock,Steve Miller Band,264504
3jYRpwbctfqB77uU7T7K3U,Caught Up In You,Special Forces,rock,38 Special,279333
7b4yGtR0rujvLi5EBfKKJ2,Take Me Home Tonight,Can't Hold Back,rock,Eddie Money,211160
57trQKFZdJxHia4sMJioWk,Sister Christian,Midnight Madness,rock,Night Ranger,302933
43DeSV93pJPT4lCZaWZ6b1,The Boys Are Back In Town,Jailbreak (Deluxe Edition),rock,Thin Lizzy,266720
4alHo6RGd0D3OUbTPExTHN,Just What I Needed,The Cars,rock,The Cars,225627
2RNd6VgxG19db0zs0M1C4Z,Jane,Freedom At Point Zero,rock,Jefferson Starship,252200
4bHsxqR3GMrXTxEPLuK5ue,Don't Stop Believin',Escape,rock,Journey,250987
5fsU7AtSTp0zySUf46hwbt,Just Between You And Me,Nature Of The Beast,rock,April Wine,235560
1cU34sZG9kF4FYHCoAD0Ib,Some Kind Of Wonderful - Remastered 1999,30 Years Of Funk: 1969-1999 The Anthology,rock,Grand Funk Railroad,202733
5Okf7KBikV8we3uqCMFjiL,Doctor Doctor - 2007 Remaster,Phenomenon (2007 Remaster),rock,UFO,252453
61BywQA7q8KjpGjp3rHuRv,Flirtin' with Disaster,Flirtin' With Disaster,rock,Molly Hatchet,299200
5RsUlxLto4NZbhJpqJbHfN,Jessie's Girl,Working Class Dog,rock,Rick Springfield,194120
3pyoAvbBO4kDKkh999Miyj,Isn't It Time,Broken Heart,rock,The Babys,243920
0gaMmmhGi5buPXpquSAfxg,The Temple Of The King,Ritchie Blackmore's Rainbow,rock,Rainbow,282013
648BMGrt98kUbLo24A4vgj,Hip To Be Square,Fore!,rock,Huey Lewis & The News,245467
6mpAOrpdrq5mJTGo8nrvSO,Rock Candy,Montrose,rock,Montrose,303800
1i5oEx2vFczQ2sCY3c6Kn5,Love Hurts,Hair Of The Dog,rock,Nazareth,233133
0vOkmmJEtjuFZDzrQSFzEE,Hit Me With Your Best Shot,Crimes Of Passion,rock,Pat Benatar,171267
3vV3cr2TpPqFk07zxYUbla,Cum on Feel the Noize,Metal Health,rock,Quiet Riot,290960
43btz2xjMKpcmjkuRsvxyg,Jack & Diane,American Fool,rock,John Mellencamp,254493
7257drAN3eTtaaUUPw95B3,Big Log - 2006 Remaster,The Principle Of Moments,rock,Robert Plant,306453
7pkWZL0kA26s754CwyK0SH,Once Bitten Twice Shy,Twice Shy,rock,Great White,322897
3aAuIvgJGdp4wWd60riWfB,Valerie,Talking Back To The Night,rock,Steve Winwood,246667
34D6mvDTAPypm92EPs8Rxa,Reminiscing - Remastered,Sleeper Catcher (Remastered),rock,Little River Band,253080
6Nd6ntkzr4t8o1FKPGOSMt,Here I Go Again - 2018 Remaster,1987 (2018 Remaster),rock,Whitesnake,275395
5ZY7Gug850kv4heJcWZGHM,Just Like Paradise,Skyscraper,rock,David Lee Roth,243280
5XcZRgJv3zMhTqCyESjQrF,Poison,Trash,rock,Alice Cooper,270080
5t5rCnsgRBtcKqTB7SbD1Q,High Enough,Damn Yankees,rock,Damn Yankees,287320
7MRyJPksH3G2cXHN8UKYzP,American Girl,Tom Petty & The Heartbreakers,rock,Tom Petty and the Heartbreakers,214733
5h6SovHOYpIMlAkafxcbq3,Funk #49,Rides Again,rock,James Gang,246293
1j06ieEC2BOCM0fTmYhn2l,Alone Again,Tooth And Nail,rock,Dokken,262200
4zEi4tr3lEhiAvTRxEzbEz,Oh Sherrie,Street Talk (Expanded Edition),rock,Steve Perry,229347
5EOoMWIB9iK4ZpcSex9Ec7,Old Time Rock & Roll,Stranger In Town,rock,Bob Seger,194147
1grnSNpTAe14gjtqfArZan,New Girl Now,Honeymoon Suite,rock,Honeymoon Suite,216693
2ymeOsYijJz09LfKw3yM2x,Joy To The World,Naturally,rock,Three Dog Night,220573
2U2ByqoO82fnayaPzO4x2d,Lady In Black,Celebration,rock,Uriah Heep,330600
3obciWcyGwsVNZ76PYge6C,Summertime Girls,Open Fire,rock,Y&T,207133
5ZIU2kT1wNjQNclQeVCz5O,Modern Day Cowboy,Mechanical Resonance,rock,Tesla,318227
2HHtWyy5CgaQbC7XSoOb0e,Eye of the Tiger,Eye Of The Tiger,rock,Survivor,243773
7e89621JPkKaeDSTQ3avtg,Sweet Home Alabama,Second Helping,rock,Lynyrd Skynyrd,283800
6s0NHplywwr1IjnQpUpWJk,Bad To The Bone,BAD TO THE BONE,rock,George Thorogood & The Destroyers,292173
46E4di5YoT3Ab5bheoiEId,Never Been Any Reason,Flat As A Pancake,rock,Head East,310267
6L5BZEcZmD6RBJnimzlyKr,Nights In White Satin - Single Version / Mono Mix,Days Of Future Passed (Deluxe Version),rock,The Moody Blues,269107
